id,communique,libelle_poste,libelle_emploi_rome,code_emploi_rome,numero,date_mis_en_ligne,libelle_collectivite,libelle_corps_grade,libelle_corps_grade_2,libelle_domaine,libelle_domaine_2,duree_residence_exigee,date_a_pourvoir,date_a_pourvoir_libelle,direction_libelle,direction_acronyme,service_libelle,lieu_travail,date_creation,date_cloture,presentation,emploi_resp,mission,activites_principales,activites_secondaires,conditions_particulieres,savoir,savoir_faire,comportements,commentaire_republication,contact,contact_telephone,contact_email,contact_secondaire,contact_secondaire_telephone,contact_secondaire_email,collectivite_nom_rh,collectivite_adresse_depot,collectivite_adresse_postale,collectivite_email,collectivitefax,statut,nb_postes_a_pourvoir,a_pourvoir_autre,url_pdf
66279,0,COORDINATEUR DES SALLES OPÉRATIONNELLES,,,26-66279/MPRH,2026-10-09,Nouvelle-Calédonie,capitaine,lieutenant,Officiers,Officiers,,,immédiatement,Direction de la sécurité civile et de la gestion des risques,DSCGR,,Nouméa,2026-10-03 01:07:17+11:00,2026-10-30,"Dans le cadre du renforcement et de la modernisation du Centre Opérationnel Gouvernemental de Crise (COGC), la Direction de la Sécurité Civile et de la Gestion des Risques recrute un coordinateur des salles opérationnelles.
Le COGC constitue l'outil stratégique de pilotage des crises majeures en Nouvelle-Calédonie (cyclones, feux de forêt, séismes, crises sanitaires, accidents technologiques, etc.). Il s'appuie sur plusieurs salles spécialisées et plateformes téléphoniques, notamment :
La Cellule d'Information du Public (CIP)
La CURTA (plateforme de réception et de traitement des appels)
Le coordinateur est le garant du bon fonctionnement technique, organisationnel et opérationnel de l'ensemble de ces dispositifs.",,"Le coordinateur des salles opérationnelles du COGC, placé sous l'autorité du chef du groupement des opérations, garantit la disponibilité, la fiabilité et la résilience du Centre Opérationnel Gouvernemental de Crise et des plateformes qui y sont rattachées (CIP, CURTA).
Il assure le bon fonctionnement des infrastructures techniques (informatique, téléphonie, liaisons satellitaires, alimentation électrique de secours) et veille à la continuité d'activité en toutes circonstances.
Référent technique de la sécurité civile auprès des directions supports (DINUM, DAPM), il formalise les besoins du COGC, suit les évolutions des systèmes et contribue à la modernisation des outils opérationnels.
Il participe à la formation des opérateurs, à l'amélioration des procédures, au développement d'outils de partage d'information avec les centres de secours communaux (cartographie, logiciels métiers, main courante, bulletins opérationnels) et au pilotage de la performance à travers l'analyse des données et la production de bilans d'activité.
À ce titre, il est le garant du bon fonctionnement global du COGC, de la performance des outils et de la robustesse des installations techniques au service de la gestion de crise en Nouvelle-Calédonie.","Assurer le bon fonctionnement technique et opérationnel du COGC et des plateformes associées (CIP, CURTA).
Garantir la disponibilité et la résilience des infrastructures informatiques, téléphoniques, satellitaires et électriques.
Être le référent technique auprès des directions supports (DINUM, DAPM) et suivre les évolutions des systèmes.
Participer à la rédaction de procédures, fiches réflexes, plans.
Gérer le bon fonctionnement du drive du COGC
Participer à la formation des opérateurs et à l'amélioration continue des procédures.
Développer les outils de partage d'information  et de gestion de crise avec les centres de secours communaux.
Développer la culture de gestion de crise au sein des services communaux, 
Produire les bilans d'activité et analyser les données opérationnelles pour optimiser la performance du centre.
Participer à la gestion de crise ;
Participation aux astreintes opérationnelles selon organisation interne.",Participer aux projets structurant de la direction ;,Horaires variables,"Bonne connaissance de l'organisation des services d'incendie et de secours en Nouvelle-Calédonie (organisation communale, coordination gouvernementale, ORSEC, fonctionnement du COGC).
Compréhension des mécanismes de gestion de crise et de la chaîne opérationnelle (alerte, remontée d'information, coordination, décision).
Connaissances techniques en informatique, réseaux et télécommunications (environnement postes opérateurs, téléphonie IP, outils collaboratifs).
Maîtrise des outils bureautiques avancés (tableurs, traitement de données, tableaux de bord, reporting).
Connaissances en analyse de données et production d'indicateurs de performance.
Sensibilité aux enjeux de sécurité des systèmes d'information et de continuité d'activité.","Capacité à analyser des données opérationnelles et produire des bilans synthétiques d'aide à la décision.
Aptitude à diagnostiquer des dysfonctionnements techniques et proposer des solutions adaptées.
Capacité à formaliser des procédures et des besoins techniques.
Expérience en environnement opérationnel et en gestion de crise ou plateforme d'appel d'urgence.
Conduite de projets techniques en lien avec plusieurs partenaires institutionnels.
Avoir une expérience en réseaux de téléphonies et gestion de postes informatiques ;
 Savoir structurer et planifier le travail;
Disposer d'une bonne expression écrite et orale;
Savoir diagnostiquer les incidents de premier niveau et les escalader;
 Appliquer les règles de sécurité informatique et les consignes d'exploitation;
 Suivre une documentation technique, y compris en anglais;
S'adapter aux nouvelles technologies.","Rigueur et sens de l'organisation.
Esprit analytique et capacité de synthèse.
Bon relationnel et capacité à travailler en réseau.
Réactivité et sang-froid en contexte opérationnel.
Sens du service public et de l'engagement.",,Thomas DEPARDON,20 77 02,thomas.depardon@gouv.nc,,,,la direction des ressources humaines et de la fonction publique de Nouvelle Calédonie,Bureaux 106 et 107 - Section recrutement - DRHFPNC - Centre administratif Jacques Iékawé - 1er étage - 18 avenue Paul Doumer - Centre-ville de Nouméa,B.P M2 - 98849 Nouméa cedex,drhfpnc.recrutement@gouv.nc,,PUBLIE,0,,https://data.gouv.nc/explore/dataset/avis-de-vacances-de-poste-avp-drhfpnc/files/af4bdef1453f54ea3ec00f4334ebf4fd/download/
66339,0,Psychomotricien(ne),,,26-1474,2026-10-09,"Centre hospitalier spécialisé ""Albert Bousquet""",psychomotricien,,Rééducation,,,2026-12-01 11:00:00+11:00,date,"Centre hospitalier spécialisé ""Albert Bousquet""",CHS,,,2026-10-08 00:06:49+11:00,2026-10-30,,Inspecteur,,,,,,,,,,,,,,,,,,,,PUBLIE,4,,https://data.gouv.nc/explore/dataset/avis-de-vacances-de-poste-avp-drhfpnc/files/5f8b2b2a14da66cf3a615da54b3a03b3/download/
66336,0,Educateur spécialisé CATTPS Grands,,,26-1472,2026-10-09,"Centre hospitalier spécialisé ""Albert Bousquet""",assistant socio-éducatif,,,,,,immédiatement,"Centre hospitalier spécialisé ""Albert Bousquet""",CHS,,,2026-10-08 00:00:57+11:00,2026-10-30,,Inspecteur,,,,,,,,,,,,,,,,,,,,PUBLIE,0,,https://data.gouv.nc/explore/dataset/avis-de-vacances-de-poste-avp-drhfpnc/files/e4521dca485c28c16885e87164b64754/download/
66335,0,Infirmier(e) en extra-hospitalier,,,26-1471,2026-10-09,"Centre hospitalier spécialisé ""Albert Bousquet""",infirmier en soins généraux,,Infirmiers,,,2026-12-01 11:00:00+11:00,date,"Centre hospitalier spécialisé ""Albert Bousquet""",CHS,,,2026-10-07 23:58:15+11:00,2026-10-30,,Inspecteur,,,,,,,,,,,,,,,,,,,,PUBLIE,4,,https://data.gouv.nc/explore/dataset/avis-de-vacances-de-poste-avp-drhfpnc/files/25fd20d2ae47b5ee003a45aa13aba09e/download/
66385,0,Comptable,,,26-1515,2026-10-09,Conservatoire des arts,adjoint administratif,,,,,,immédiatement,Conservatoire des arts,CDA-NC,,,2026-10-08 01:33:55+11:00,2026-10-30,,Inspecteur,,,,,,,,,,,,,,,,,,,,PUBLIE,0,,https://data.gouv.nc/explore/dataset/avis-de-vacances-de-poste-avp-drhfpnc/files/2863c5e4818ebd23abef3dee0397aa83/download/
66342,0,Adjoint au chef du service des affaires financières,,,26-1477,2026-10-09,Province Sud,rédacteur,,,,,,immédiatement,Province Sud,PVS,,,2026-10-08 00:12:45+11:00,2026-10-30,,Inspecteur,,,,,,,,,,,,,,,,,,,,PUBLIE,0,,https://data.gouv.nc/explore/dataset/avis-de-vacances-de-poste-avp-drhfpnc/files/87a2312b178a10498b7e7e0e063bc67d/download/
66344,0,Gestionnaire des ressources humaines,,,26-1479,2026-10-09,Province Sud,adjoint administratif,,,,,,immédiatement,Province Sud,PVS,,,2026-10-08 00:17:12+11:00,2026-10-30,,Inspecteur,,,,,,,,,,,,,,,,,,,,PUBLIE,0,,https://data.gouv.nc/explore/dataset/avis-de-vacances-de-poste-avp-drhfpnc/files/f6431e04294d71a4d10de8c589c3875e/download/
66346,0,Médecin gynécologue à l'UPASS de Nouméa et pour les CMS de la province Sud,,,26-1481,2026-10-09,Province Sud,médecin de santé publique,,,,,2027-03-01 11:00:00+11:00,date,Province Sud,PVS,,,2026-10-08 00:20:12+11:00,2026-10-30,,Inspecteur,,,,,,,,,,,,,,,,,,,,PUBLIE,4,,https://data.gouv.nc/explore/dataset/avis-de-vacances-de-poste-avp-drhfpnc/files/f540ae1c535f14e1d289cd41edf2f9af/download/
66341,0,Directeur (trice) adjoint(e) du centre des activités de Poé et de l'espace culturel de Déva (ECD),,,26-1476,2026-10-09,Province Sud,éducateur des APS,,,,,,immédiatement,Province Sud,PVS,,,2026-10-08 00:11:03+11:00,2026-10-30,,Inspecteur,,,,,,,,,,,,,,,,,,,,PUBLIE,0,,https://data.gouv.nc/explore/dataset/avis-de-vacances-de-poste-avp-drhfpnc/files/0d3f0b85a6509688f44b5777ad7ad9b9/download/
66372,0,Gestionnaire comptable,,,26-1502,2026-10-09,Province Sud,adjoint administratif,,,,,,immédiatement,Province Sud,PVS,,,2026-10-08 01:09:12+11:00,2026-10-30,,Inspecteur,,,,,,,,,,,,,,,,,,,,PUBLIE,0,,https://data.gouv.nc/explore/dataset/avis-de-vacances-de-poste-avp-drhfpnc/files/3e126e7ff1041ef7efb4a66bf51a1953/download/
66345,0,Agent mécanicien du parc de véhicules engins et matériels au PPRB,,,26-1480,2026-10-09,Province Sud,ACDP-Grille rémunération 2-Diplôme niveau V,,,,,,susceptible d'être vacant,Province Sud,PVS,,,2026-10-08 00:18:36+11:00,2026-10-30,,Inspecteur,,,,,,,,,,,,,,,,,,,,PUBLIE,1,,https://data.gouv.nc/explore/dataset/avis-de-vacances-de-poste-avp-drhfpnc/files/111e79c57f0326ea0c7c1884d2758b4d/download/
66377,0,Géomaticien,,,26-1507,2026-10-09,Province Sud,ingénieur,,Informatique,,,,susceptible d'être vacant,Province Sud,PVS,,,2026-10-08 01:19:39+11:00,2026-10-30,,Inspecteur,,,,,,,,,,,,,,,,,,,,PUBLIE,1,,https://data.gouv.nc/explore/dataset/avis-de-vacances-de-poste-avp-drhfpnc/files/e8ac16c7fbcb61d11b312ccba030dae2/download/
66375,0,Infirmier(e) itinérant(e),,,26-1505,2026-10-09,Province Sud,infirmier en soins généraux,,Infirmiers,,,2027-02-01 11:00:00+11:00,date,Province Sud,PVS,,,2026-10-08 01:15:51+11:00,2026-10-30,,Inspecteur,,,,,,,,,,,,,,,,,,,,PUBLIE,4,,https://data.gouv.nc/explore/dataset/avis-de-vacances-de-poste-avp-drhfpnc/files/6f09629f7f434b3b06ee10d96c29cb2c/download/
66362,0,Responsable financier,,,26-1492,2026-10-09,,rédacteur,,,,,,immédiatement,,,,,2026-10-08 00:51:17+11:00,2026-10-30,,Inspecteur,,,,,,,,,,,,,,,,,,,,PUBLIE,0,,https://data.gouv.nc/explore/dataset/avis-de-vacances-de-poste-avp-drhfpnc/files/088514c86154428d715c1f4cb1f3c87d/download/
66368,0,Intervenant des opérations de secours,,,26-1498,2026-10-09,,sapeur pompier,,Non-officiers,,,2026-11-01 11:00:00+11:00,date,,,,,2026-10-08 01:02:24+11:00,2026-10-30,,Inspecteur,,,,,,,,,,,,,,,,,,,,PUBLIE,4,,https://data.gouv.nc/explore/dataset/avis-de-vacances-de-poste-avp-drhfpnc/files/6f1b1c5a1490a38c2111267893dabfcb/download/
66395,0,Secrétaire comptable,,,26-1520,2026-10-09,,adjoint administratif,,,,,2026-11-01 11:00:00+11:00,date,,,,,2026-10-08 02:14:19+11:00,2026-10-30,,Inspecteur,,,,,,,,,,,,,,,,,,,,PUBLIE,4,,https://data.gouv.nc/explore/dataset/avis-de-vacances-de-poste-avp-drhfpnc/files/b5b7d014a3ab2b9fbce80001c67d67d6/download/
66361,0,Responsable du service technique,,,26-1491,2026-10-09,,technicien,,Equipement,,,2026-11-27 11:00:00+11:00,date,,,,,2026-10-08 00:48:08+11:00,2026-10-30,,Inspecteur,,,,,,,,,,,,,,,,,,,,PUBLIE,4,,https://data.gouv.nc/explore/dataset/avis-de-vacances-de-poste-avp-drhfpnc/files/1a3eef84c45891ab298f43de60e392ec/download/
66332,0,Aide-soignant du soin à domicile (SIAD),,,26-1468,2026-10-09,Province des îles Loyauté,aide-soignant,,Aide-soignant,,,,immédiatement,Province des îles Loyauté,PIL,,,2026-10-07 23:42:10+11:00,2026-10-30,,Inspecteur,,,,,,,,,,,,,,,"la direction de l'administration générale de la province des îles Loyauté, service des RH",Hôtel de la province des îles Loyauté à Wé - Lifou,BP 50 - 98820 WE LIFOU,dag-recrutement@loyalty.nc,45.51.30,PUBLIE,0,,https://data.gouv.nc/explore/dataset/avis-de-vacances-de-poste-avp-drhfpnc/files/cb272a8f1b42e15b1bbc1cd1e10776c1/download/
66340,0,Infirmier(e) en soins généraux,,,26-1475,2026-10-09,Province des îles Loyauté,infirmier en soins généraux,,Infirmiers,,,,immédiatement,Province des îles Loyauté,PIL,,,2026-10-08 00:08:57+11:00,2026-10-30,,Inspecteur,,,,,,,,,,,,,,,"la direction de l'administration générale de la province des îles Loyauté, service des RH",Hôtel de la province des îles Loyauté à Wé - Lifou,BP 50 - 98820 WE LIFOU,dag-recrutement@loyalty.nc,45.51.30,PUBLIE,0,,https://data.gouv.nc/explore/dataset/avis-de-vacances-de-poste-avp-drhfpnc/files/02bb0eeb0cb6dfed1eff3abcf6c266cd/download/
66383,0,Secrétaire Général Adjoint,,,26-1513,2026-10-09,Ville du Mont-Dore,emploi fonctionnel,,,,,2026-12-01 11:00:00+11:00,date,Ville du Mont-Dore,,,,2026-10-08 01:30:06+11:00,2026-10-30,,Inspecteur,,,,,,,,,,,,,,,,,,,,PUBLIE,4,,https://data.gouv.nc/explore/dataset/avis-de-vacances-de-poste-avp-drhfpnc/files/e0e7ca6f67480f1087da1594497d786a/download/
65113,1,"Coordinateur de la Station N, le tiers-lieu de l'entrepreneuriat, des filières d'avenir et de l'attractivité.",Coordinateur de site logistique,N1302-2,26-65113,2026-10-09,Nouvelle-Calédonie,attaché,,,,,2026-10-01 11:00:00+11:00,date,"DIRECTION DES ENTREPRISES, DE LA CONSOMMATION, DE L'ATTRACTIVITE ET DES TELECOMMUNICATIONS",,,Nouméa,2026-07-22 21:47:43+11:00,2026-10-30,,,"Inaugurée en 2022, la Station N constitue aujourd'hui un lieu fédérateur de 700 m² au cœur de l'écosystème numérique, entrepreneurial et innovant calédonien. Conçue à l'origine comme la vitrine de la Tech et de l'innovation en Nouvelle-Calédonie, elle a permis de structurer une communauté d'acteurs, de faire émerger des projets et de donner de la visibilité aux savoir-faire calédoniens en matière de numérique.

Les enjeux économiques de la Nouvelle-Calédonie (diversification économique, structuration des filières d'avenir, urgence de l'attractivité du territoire) ont naturellement conduit à élargir le positionnement de la Station N vers un outil collectif au service de la stratégie d'attractivité et de diversification économique de la Nouvelle-Calédonie, sans remettre en cause son ancrage numérique fondateur. Ses objectifs sont désormais les suivants :
- Réunir les forces vives du territoire sur un site partagé, pour favoriser les synergies et soutenir le développement des filières d'avenir. À terme, l'objectif est d'y regrouper les clusters, la French Tech NC, le Centre Cyber NC, le Campus N et la future agence d'attractivité, sur un site plus grand ;
- Animer l'écosystème entrepreneurial, numérique et des filières d'avenir, via des ateliers, formations, événements et partenariats ;
- Faire émerger des projets et des champions calédoniens, en orientant les porteurs de projets vers les bons experts, dispositifs, financements et réseaux (RDV en ligne avec un acteur, futur annuaire d'experts et de dispositifs transverses aux filières) ;
- Valoriser les savoir-faire, talents et compétences calédoniens, et ainsi porter l'expertise calédonienne à l'extérieur du territoire.

Missions : rattaché(e) au service de l'économie numérique, des filières d'avenir et de l'attractivité de la DECAT, le coordinateur de la Station N a pour principales missions la gestion logistique et technique du tiers-lieu, ainsi que son animation. Garant du bon fonctionnement quotidien et de la qualité de vie du lieu, il contribue également à l'élaboration de nouveaux services.","Placé sous l'autorité du chef du service de l'économie numérique, des filières d'avenir et de l'attractivité, le coordinateur de la station N a pour activités principales :
- L'intendance du lieu (ouverture, fermeture, accueil, gestion des prestataires, maintenance, réservation des espaces, etc) ;
- L'animation du lieu, en lien avec les résidents du tiers-lieu (comité de suivi, actions de cohésion, afterwork, networking, qualité de vie au travail, etc) ;
- L'amélioration de l'offre de la station N en s'appuyant sur les retours de sa communauté et les évolutions de l'écosystème;
- La mise en place d' indicateurs de suivi et la réalisation d'un reporting régulier de ses activités auprès de sa hiérarchie.

Activités secondaires :
- Préparer le budget du site pour l'intégrer dans la nomenclature budgétaire de la DECAT;
- Participer activement au développement de nouveaux partenariats ;
- Effectuer un travail de veille et proposer des évolutions.",,,"Savoir :
- Connaissance de l'environnement socio-culturel calédonien, de ses enjeux sociétaux et économiques ;
- Connaissance approfondie du rôle de la Station N.","Savoir Faire:
- Expérience avérée dans l'animation d'un tiers-lieu;
- Maîtrise des règles budgétaires et comptables publiques.","Comportements professionnels :
- Esprit d'équipe, qualité d'écoute, de communication et de pédagogie ;
- Méthode, rigueur et organisation ;
- Sens du relationnel;
- Esprit d'analyse et de synthèse ;
- Autonomie, capacité d'adaptation et réactivité ;
- Dynamisme, esprit d'initiative et curiosité intellectuelle ;
- Sens de la performance et du service public ;
- Conduite de réunions multi partenariales.
- Disponibilité.",,"Bruno FERRANDIS, directeur adjoint en charge du pôle entreprises et attractivité",23 22 50,bruno.ferrandis@gouv.nc,,,,la direction des ressources humaines et de la fonction publique de Nouvelle Calédonie,Bureaux 106 et 107 - Section recrutement - DRHFPNC - Centre administratif Jacques Iékawé - 1er étage - 18 avenue Paul Doumer - Centre-ville de Nouméa,B.P M2 - 98849 Nouméa cedex,drhfpnc.recrutement@gouv.nc,,PUBLIE,4,,https://data.gouv.nc/explore/dataset/avis-de-vacances-de-poste-avp-drhfpnc/files/18eb31c347602256cdcc3a1457799dfe/download/
66367,0,Infirmier(e) en soins généraux CMS de HIENGHENE,,,26-1497,2026-10-09,Province Nord,infirmier en soins généraux,,Infirmiers,,,,immédiatement,Province Nord,PVN,,,2026-10-08 01:01:14+11:00,2026-10-30,,Inspecteur,,,,,,,,,,,,,,,,,,,,PUBLIE,0,,https://data.gouv.nc/explore/dataset/avis-de-vacances-de-poste-avp-drhfpnc/files/12587c92e709bca06055b80ffa2045ff/download/
66338,0,Infirmier(e) au centre pénitentiaire de Nouméa,,,26-1473,2026-10-09,"Centre hospitalier spécialisé ""Albert Bousquet""",infirmier en soins généraux,,Infirmiers,,,2026-12-01 11:00:00+11:00,date,"Centre hospitalier spécialisé ""Albert Bousquet""",CHS,,,2026-10-08 00:05:07+11:00,2026-10-30,,Inspecteur,,,,,,,,,,,,,,,,,,,,PUBLIE,4,,https://data.gouv.nc/explore/dataset/avis-de-vacances-de-poste-avp-drhfpnc/files/6f17e85052b898d28892c3badda2d089/download/
66388,0,Infirmier(e) en consultation de chirurgie orthopédique,,,26-1518,2026-10-09,"Centre hospitalier territorial ""Gaston Bourret""",infirmier en soins généraux,,Infirmiers,,,,susceptible d'être vacant,"Centre hospitalier territorial ""Gaston Bourret""",CHT,,,2026-10-08 01:49:27+11:00,2026-10-30,,Inspecteur,,,,,,,,,,,,,,,Direction des Ressources Humaines / Cellule recrutement,Direction des Ressources Humaines - Cellule recrutement - Médipôle Koutio,BP J5-98849 - Nouméa cedex,kelly.miloud@cht.nc,,PUBLIE,1,,https://data.gouv.nc/explore/dataset/avis-de-vacances-de-poste-avp-drhfpnc/files/2b34cdf0a9a36b5202e54e8bd2c8fa6a/download/
66381,0,Responsable de la cellule de contrôle de gestion,,,26-1511,2026-10-09,Province Sud,attaché,,,,,,immédiatement,Province Sud,PVS,,,2026-10-08 01:27:31+11:00,2026-10-30,,Inspecteur,,,,,,,,,,,,,,,,,,,,PUBLIE,0,,https://data.gouv.nc/explore/dataset/avis-de-vacances-de-poste-avp-drhfpnc/files/ca0edd12a8bf22e56a05dd1d1d739800/download/
66379,0,Responsable du bureau développement et accompagnement de la jeunesse,,,26-1509,2026-10-09,Province Sud,conseiller socio-éducatif,,,,,,autre,Province Sud,PVS,,,2026-10-08 01:23:14+11:00,2026-10-30,,Inspecteur,,,,,,,,,,,,,,,,,,,,PUBLIE,5,Réorganisation interne,https://data.gouv.nc/explore/dataset/avis-de-vacances-de-poste-avp-drhfpnc/files/171d02b7d2cf7b18e61c6e40bf91a5f1/download/
66374,0,Accompagnateur de nuit au DAUO de la maison de l'enfance de Dumbéa sur mer,,,26-1504,2026-10-09,Province Sud,ACDP-Grille rémunération 2-Diplôme niveau V,,,,,2026-12-01 11:00:00+11:00,date,Province Sud,PVS,,,2026-10-08 01:12:05+11:00,2026-10-30,,Inspecteur,,,,,,,,,,,,,,,,,,,,PUBLIE,4,,https://data.gouv.nc/explore/dataset/avis-de-vacances-de-poste-avp-drhfpnc/files/a76f875a20a9cbd49be59fa8cb02f1ab/download/
66382,0,Infirmier(e) à l'UPASS de la FOA,,,26-1512,2026-10-09,Province Sud,infirmier en soins généraux,,Infirmiers,,,2027-01-01 11:00:00+11:00,date,Province Sud,PVS,,,2026-10-08 01:28:31+11:00,2026-10-30,,Inspecteur,,,,,,,,,,,,,,,,,,,,PUBLIE,4,,https://data.gouv.nc/explore/dataset/avis-de-vacances-de-poste-avp-drhfpnc/files/684dcde3bbb9f87cca0d7ca4621efcad/download/
66380,0,Responsable du bureau développement et rayonnement culturel,,,26-1510,2026-10-09,Province Sud,attaché,Attaché de conservation - conservateur,,,,,autre,Province Sud,PVS,,,2026-10-08 01:25:22+11:00,2026-10-30,,Inspecteur,,,,,,,,,,,,,,,,,,,,PUBLIE,5,Réorganisation interne,https://data.gouv.nc/explore/dataset/avis-de-vacances-de-poste-avp-drhfpnc/files/c94039d17be514e410919dd56281e7b2/download/
66359,0,Ouvrier polyvalent,,,26-1489,2026-10-09,,ACDP-Grille rémunération 2-Diplôme niveau V,,,,,2027-01-01 11:00:00+11:00,date,,,,,2026-10-08 00:43:43+11:00,2026-10-30,,Inspecteur,,,,,,,,,,,,,,,,,,,,PUBLIE,4,,https://data.gouv.nc/explore/dataset/avis-de-vacances-de-poste-avp-drhfpnc/files/3e39e4f8e822df576369acfb143cf964/download/
66360,0,Chauffeur poids lourds polyvalent - service AEP,,,26-1490,2026-10-09,,technicien adjoint,,Equipement,,,,immédiatement,,,,,2026-10-08 00:45:58+11:00,2026-10-30,,Inspecteur,,,,,,,,,,,,,,,,,,,,PUBLIE,0,,https://data.gouv.nc/explore/dataset/avis-de-vacances-de-poste-avp-drhfpnc/files/7818b0e466475e624916b610280c3ea3/download/
66363,0,3 Gardiens de police municipale,,,26-1493,2026-10-09,,gardien de la police municipale,,,,,,susceptible d'être vacant,,,,,2026-10-08 00:53:00+11:00,2026-10-30,,Inspecteur,,,,,,,,,,,,,,,,,,,,PUBLIE,1,,https://data.gouv.nc/explore/dataset/avis-de-vacances-de-poste-avp-drhfpnc/files/3e40d7049fc0742394a6f119c633b09c/download/
66358,0,Responsable du service technique,,,26-1488,2026-10-09,,technicien,,Equipement,,,2027-01-01 11:00:00+11:00,date,,,,,2026-10-08 00:41:26+11:00,2026-10-30,,Inspecteur,,,,,,,,,,,,,,,,,,,,PUBLIE,4,,https://data.gouv.nc/explore/dataset/avis-de-vacances-de-poste-avp-drhfpnc/files/913173b3fe1602541ac40852daa17141/download/
66334,0,Profersseur agrégé ou certifié en Anglais,,,26-1470,2026-10-09,Université de Nouvelle-Calédonie,professeur des écoles,,,,,,susceptible d'être vacant,Université de Nouvelle-Calédonie,UNC,,,2026-10-07 23:49:25+11:00,2026-10-30,,Inspecteur,,,,,,,,,,,,,,,,,,,,PUBLIE,1,,https://data.gouv.nc/explore/dataset/avis-de-vacances-de-poste-avp-drhfpnc/files/4142409b0ed621961de0e2e98ee99805/download/
66384,0,Directeur (trice),,,26-1514,2026-10-09,Ville du Mont-Dore,attaché,,,,,2027-01-02 11:00:00+11:00,date,Ville du Mont-Dore,,,,2026-10-08 01:32:05+11:00,2026-10-30,,Inspecteur,,,,,,,,,,,,,,,,,,,,PUBLIE,4,,https://data.gouv.nc/explore/dataset/avis-de-vacances-de-poste-avp-drhfpnc/files/645ea49ab78cd21f96972a03dacac8fd/download/
65753,0,Directeur adjoint,"Médecin (Inspecteur de Santé Publique -MISP-, inspecteur de la santé, conseil)",K1402-1,26-65753/MPRH,2026-10-09,Nouvelle-Calédonie,emploi fonctionnel,,,,,,immédiatement,Direction des affaires sanitaires et sociales,DASS,,Nouméa,2026-09-03 20:34:35+11:00,2026-10-30,"La direction des affaires sanitaires et sociales (DASS) de la Nouvelle-Calédonie est responsable de la mise en œuvre de la politique du territoire en matière de santé et de protection sociale, et assure par ailleurs le service public du handicap et de la dépendance. Elle est placée sous l'autorité d'un directeur, assisté d'un directeur adjoint qui le supplée en cas d'absence. Elle s'organise autour de cinq services : administration et support, offre et qualité des soins, santé publique, protection sociale, handicap et dépendance.
La direction couvre ainsi un champ très large, qui va de la régulation de l'offre de soins et de la santé publique -- dont relève notamment la veille épidémiologique -- au financement et à la performance du système de protection sociale, jusqu'à l'accompagnement social des personnes en situation de handicap ou de dépendance.
En tant que directeur adjoint, vous serez au cœur des décisions qui façonnent l'offre de soins, la santé publique et la protection sociale de tout un territoire -- une opportunité rare de conjuguer expertise médicale et responsabilités de haut niveau dans le pilotage d'une politique de santé publique .",Médecin conseil,"En étroite collaboration avec le directeur, le directeur adjoint assure le suivi de l'ensemble des missions de la direction et la gestion de dossiers stratégiques relevant du champ de compétence d'un médecin. 
Le directeur lui confie la gestion directe de certains dossiers. Dans ce cadre, il veille à la bonne coordination des secteurs d'intervention et au bon aboutissement des travaux, notamment ceux relevant du domaine de compétence d'un médecin
Il assure l'intérim de la direction en cas d'absence ou d'empêchement du directeur.","1. Appui au pilotage et stratégie de Santé
- contribuer à la définition et à la mise en œuvre de la stratégie de l'offre sanitaire, sociale et médico-sociale  du territoire ;
- piloter les missions d'autorisations sanitaires (autorisations, renouvellement, visites,...) et assurer le suivi des projets structurants (réorganisation de l'offre, filières prioritaires...) ;
- appuyer la Direction dans la préparation des arbitrages stratégiques dans leur volet médical.

2. Santé publique, épidémiologie et prévention
- superviser la veille et la surveillance sanitaire, l'observatoire de la santé et le suivi des maladies à déclaration obligatoire ;
- contribuer à la définition de la stratégie de prévention de la Nouvelle-Calédonie ;
- superviser la bonne gestion des alertes sanitaires et des plans d'urgence, en lien avec le contrôle sanitaire aux frontières (RSI).

3. Qualité et sécurité des soins
- veiller à l'amélioration continue de la qualité des soins et à la régulation des acteurs de santé ;
- superviser avec les médecins et pharmaciens inspecteurs, le suivi des inspections et enquêtes relevant de leurs compétences.

4. Performance du système de protection sociale
- contribuer à la performance et à la modernisation du système de protection sociale dans ses dimensions médicales ;
- contribuer au pilotage par la donnée au travers de la mise en place de référentiels et de codification médico-administrative.

5. Management et représentation
- appuyer le Directeur dans l'animation des réseaux de professionnels de santé ;
- favoriser la transversalité, le partage d'information et la montée en compétence des équipes.

Participation aux astreintes médicales de la direction.",,,"- diplôme de docteur en médecine: une spécialisation en santé publique ou information médicale serait appréciée ;
- expérience professionnelle confirmée dans le domaine sanitaire et social ;
- connaissance confirmée de l'organisation du domaine sanitaire et social, idéalement du contexte calédonien ou d'un territoire ultramarin/insulaire ;
- bonne compréhension de l'environnement territorial et des principes de management public.","- Sens des relations humaines et de la diplomatie ;
- Grande capacité d'adaptation face à la multiplicité des tâches et au travail en réseau ;
- Qualité rédactionnelle et esprit de synthèse.","- rigueur et sens de la communication ;
- capacité d'investissement personnel important.",,MESTRE Marie-Laure,,marie-laure.mestre@gouv.nc,,,,la direction des ressources humaines et de la fonction publique de Nouvelle Calédonie,Bureaux 106 et 107 - Section recrutement - DRHFPNC - Centre administratif Jacques Iékawé - 1er étage - 18 avenue Paul Doumer - Centre-ville de Nouméa,B.P M2 - 98849 Nouméa cedex,drhfpnc.recrutement@gouv.nc,,PUBLIE,0,,https://data.gouv.nc/explore/dataset/avis-de-vacances-de-poste-avp-drhfpnc/files/2345c45877ebc2fd81fecffba6a4ff9e/download/
66366,0,Conseiller technique,,,26-1496,2026-10-09,Province Nord,assistant socio-éducatif,,,,,,immédiatement,Province Nord,PVN,,,2026-10-08 00:59:11+11:00,2026-10-30,,Inspecteur,,,,,,,,,,,,,,,,,,,,PUBLIE,0,,https://data.gouv.nc/explore/dataset/avis-de-vacances-de-poste-avp-drhfpnc/files/86ed236ae34a3e08e6b6db80c28d2144/download/
66365,0,2 Infirmier(e)s en soins généraux itinérant,,,26-1495,2026-10-09,Province Nord,infirmier en soins généraux,,Infirmiers,,,,immédiatement,Province Nord,PVN,,,2026-10-08 00:57:50+11:00,2026-10-30,,Inspecteur,,,,,,,,,,,,,,,,,,,,PUBLIE,0,,https://data.gouv.nc/explore/dataset/avis-de-vacances-de-poste-avp-drhfpnc/files/f33d80efffb418bd209ab9e2de94d7a9/download/
66364,0,Psychomotricien au CME de KOUMAC,,,26-1494,2026-10-09,Province Nord,psychomotricien,,Rééducation,,,,immédiatement,Province Nord,PVN,,,2026-10-08 00:54:29+11:00,2026-10-30,,Inspecteur,,,,,,,,,,,,,,,,,,,,PUBLIE,0,,https://data.gouv.nc/explore/dataset/avis-de-vacances-de-poste-avp-drhfpnc/files/5c53686d3bc6603393ae5989393b5dd1/download/
66389,0,2 Infirmier(e)s en médecine polyvalente,,,26-1519,2026-10-09,"Centre hospitalier territorial ""Gaston Bourret""",infirmier en soins généraux,,Infirmiers,,,,immédiatement,"Centre hospitalier territorial ""Gaston Bourret""",CHT,,,2026-10-08 01:51:15+11:00,2026-10-30,,Inspecteur,,,,,,,,,,,,,,,Direction des Ressources Humaines / Cellule recrutement,Direction des Ressources Humaines - Cellule recrutement - Médipôle Koutio,BP J5-98849 - Nouméa cedex,kelly.miloud@cht.nc,,PUBLIE,0,,https://data.gouv.nc/explore/dataset/avis-de-vacances-de-poste-avp-drhfpnc/files/e115bf9cdc8d6008657b5b4320f05e2d/download/
66387,0,Assistant(e) médico-administratif au DIM,,,26-1517,2026-10-09,"Centre hospitalier territorial ""Gaston Bourret""",rédacteur,,,,,,immédiatement,"Centre hospitalier territorial ""Gaston Bourret""",CHT,,,2026-10-08 01:40:23+11:00,2026-10-30,,Inspecteur,,,,,,,,,,,,,,,Direction des Ressources Humaines / Cellule recrutement,Direction des Ressources Humaines - Cellule recrutement - Médipôle Koutio,BP J5-98849 - Nouméa cedex,kelly.miloud@cht.nc,,PUBLIE,0,,https://data.gouv.nc/explore/dataset/avis-de-vacances-de-poste-avp-drhfpnc/files/2026ba8c99cfbe4c0d03fdc6e757d38f/download/
66386,0,3 Infirmier(e)s service infirmier de compensation et de suppléance (SICS),,,26-1516,2026-10-09,"Centre hospitalier territorial ""Gaston Bourret""",infirmier en soins généraux,,Infirmiers,,,2026-12-01 11:00:00+11:00,date,"Centre hospitalier territorial ""Gaston Bourret""",CHT,,,2026-10-08 01:36:01+11:00,2026-10-30,,Inspecteur,,,,,,,,,,,,,,,Direction des Ressources Humaines / Cellule recrutement,Direction des Ressources Humaines - Cellule recrutement - Médipôle Koutio,BP J5-98849 - Nouméa cedex,kelly.miloud@cht.nc,,PUBLIE,4,,https://data.gouv.nc/explore/dataset/avis-de-vacances-de-poste-avp-drhfpnc/files/226c2690e3bf109d03d13f88ec3e91fe/download/
66347,0,Médecin itinérant en province Sud,,,26-1482,2026-10-09,Province Sud,médecin de santé publique,,,,,2027-02-01 11:00:00+11:00,date,Province Sud,PVS,,,2026-10-08 00:22:05+11:00,2026-10-30,,Inspecteur,,,,,,,,,,,,,,,,,,,,PUBLIE,4,,https://data.gouv.nc/explore/dataset/avis-de-vacances-de-poste-avp-drhfpnc/files/c529159893aae155a30cbe5af02c2339/download/
66351,0,Médecin itinérant DPASS,,,26-1484,2026-10-09,Province Sud,médecin de santé publique,,,,,2027-05-01 11:00:00+11:00,date,Province Sud,PVS,,,2026-10-08 00:28:42+11:00,2026-10-30,,Inspecteur,,,,,,,,,,,,,,,,,,,,PUBLIE,4,,https://data.gouv.nc/explore/dataset/avis-de-vacances-de-poste-avp-drhfpnc/files/228e35262cd7de42ccd859ed2d92ad14/download/
66357,0,Médecin au centre médico-scolaire DPASS,,,26-1487,2026-10-09,Province Sud,médecin de santé publique,,,,,2027-02-01 11:00:00+11:00,date,Province Sud,PVS,,,2026-10-08 00:39:56+11:00,2026-10-30,,Inspecteur,,,,,,,,,,,,,,,,,,,,PUBLIE,4,,https://data.gouv.nc/explore/dataset/avis-de-vacances-de-poste-avp-drhfpnc/files/c5d99e3ccc54b395e8358561d8c46f23/download/
66349,0,Médecin à l'UPASS de l'île des Pins,,,26-1483,2026-10-09,Province Sud,médecin de santé publique,,,,,2027-04-01 11:00:00+11:00,date,Province Sud,PVS,,,2026-10-08 00:24:32+11:00,2026-10-30,,Inspecteur,,,,,,,,,,,,,,,,,,,,PUBLIE,4,,https://data.gouv.nc/explore/dataset/avis-de-vacances-de-poste-avp-drhfpnc/files/e683def25dac08f9dce6f3b49271b4d8/download/
66333,0,Gestionnaire administratif aux écoles,,,26-1469,2026-10-09,Province Sud,rédacteur,,,,,2027-03-01 11:00:00+11:00,date,Province Sud,PVS,,,2026-10-07 23:47:03+11:00,2026-10-30,,Inspecteur,,,,,,,,,,,,,,,,,,,,PUBLIE,4,,https://data.gouv.nc/explore/dataset/avis-de-vacances-de-poste-avp-drhfpnc/files/0a18497045bad38e58660d8a99b68dd1/download/
66343,0,Travailleur social au service de protection de l'enfance (BAFS),,,26-1478,2026-10-09,Province Sud,assistant socio-éducatif,,,,,,immédiatement,Province Sud,PVS,,,2026-10-08 00:14:29+11:00,2026-10-30,,Inspecteur,,,,,,,,,,,,,,,,,,,,PUBLIE,0,,https://data.gouv.nc/explore/dataset/avis-de-vacances-de-poste-avp-drhfpnc/files/ae2bf0d61e05ca977ad6f5686c8be32f/download/
66370,0,Agent de gardiennage et de surveillance,,,26-1500,2026-10-09,Province Sud,ACDP-Grille rémunération 1-Sans diplôme,,,,,2027-03-23 11:00:00+11:00,date,Province Sud,PVS,,,2026-10-08 01:05:52+11:00,2026-10-30,,Inspecteur,,,,,,,,,,,,,,,,,,,,PUBLIE,4,,https://data.gouv.nc/explore/dataset/avis-de-vacances-de-poste-avp-drhfpnc/files/f477cc99bf92a37ff5c9bd2b8e590461/download/
66371,0,Agent de gardiennage et de surveillance,,,26-1501,2026-10-09,Province Sud,ACDP-Grille rémunération 1-Sans diplôme,,,,,2027-03-05 11:00:00+11:00,date,Province Sud,PVS,,,2026-10-08 01:07:20+11:00,2026-10-30,,Inspecteur,,,,,,,,,,,,,,,,,,,,PUBLIE,4,,https://data.gouv.nc/explore/dataset/avis-de-vacances-de-poste-avp-drhfpnc/files/36dcf6c057d2d173aaabd3067e1d4c65/download/
66376,0,Responsable de bureau,,,26-1506,2026-10-09,Province Sud,ingénieur,,Informatique,,,,susceptible d'être vacant,Province Sud,PVS,,,2026-10-08 01:18:03+11:00,2026-10-30,,Inspecteur,,,,,,,,,,,,,,,,,,,,PUBLIE,1,,https://data.gouv.nc/explore/dataset/avis-de-vacances-de-poste-avp-drhfpnc/files/ca8c774a3e6ef00f7f886e0bd2849055/download/
66353,0,Médecin à temps partiel au centre médico-scolaire DPASS,,,26-1485,2026-10-09,Province Sud,médecin de santé publique,,,,,2027-10-01 11:00:00+11:00,date,Province Sud,PVS,,,2026-10-08 00:32:12+11:00,2026-10-30,,Inspecteur,,,,,,,,,,,,,,,,,,,,PUBLIE,4,,https://data.gouv.nc/explore/dataset/avis-de-vacances-de-poste-avp-drhfpnc/files/51fa3c18c10ff67a8a8a06d20e637ae3/download/
66355,0,Médecin à l'UPASS de Yaté,,,26-1486,2026-10-09,Province Sud,médecin de santé publique,,,,,2027-03-01 11:00:00+11:00,date,Province Sud,PVS,,,2026-10-08 00:36:09+11:00,2026-10-30,,Inspecteur,,,,,,,,,,,,,,,,,,,,PUBLIE,4,,https://data.gouv.nc/explore/dataset/avis-de-vacances-de-poste-avp-drhfpnc/files/32565cac8692db2b622d2f999bf68391/download/
66378,0,Responsable du bureau développement et soutien au sport,,,26-1508,2026-10-09,Province Sud,rédacteur,éducateur des APS,,,,,immédiatement,Province Sud,PVS,,,2026-10-08 01:20:33+11:00,2026-10-30,,Inspecteur,,,,,,,,,,,,,,,,,,,,PUBLIE,0,,https://data.gouv.nc/explore/dataset/avis-de-vacances-de-poste-avp-drhfpnc/files/47b915dc5ddcb0df6efbe68509319730/download/
66404,1,Chef mécanicien,Chef mécanicien marine,N3101-5,26-66404/MPRH,2026-10-08,Nouvelle-Calédonie,ACDP-Grille rémunération 3-Diplôme niveau IV,,,,,,immédiatement,"Direction des infrastructures, de la topographie et des transports terrestres",DITTT,Service des phares et balises,Nouméa,2026-10-09 00:25:10+11:00,2026-10-16,,,"La direction des infrastructures, de la topographie et des transports terrestres est une direction du gouvernement de la Nouvelle Calédonie traitant, sous l'autorité du secrétariat général, de missions principalement techniques. Composée de 136 agents et organisée autour de 7 services fonctionnels, elle agit sous l'animation et le contrôle de plusieurs membres du gouvernement.

Les politiques publiques qui y sont mises en œuvre concernent les domaines suivants : aménagement, gestion et entretien du réseau routier territorial, balisage maritime, cadastre, cartographie, topographie, éducation et sécurité routière, autorisation de circuler et de conduire, contrôle technique des véhicules, réglementation du transport routier.

Au sein de la DITTT, le service des phares et balises assure l'entretien et la construction des nouveaux établissements de signalisation maritime.

Le navire baliseur « Louis HENIN » a en charge l'entretien du balisage flottant ainsi que la réalisation des missions hydrographiques dans les eaux territoriales de la Nouvelle-Calédonie. Il dispose d'un rôle d'équipage constitué de huit (8) marins.

Placé sous l'autorité du Capitaine du baliseur, le Chef mécanicien est le garant du maintien en condition opérationnelle et de la sécurité de l'ensemble des installations techniques et propulsives du bord","- Assurer le bon fonctionnement et la supervision des moteurs principaux, des groupes électrogènes, des systèmes hydrauliques du navire baliseur ;
- Diriger et organiser le service machine
- Planifier, superviser et exécuter les travaux d'entretien, le diagnostic de pannes et les réparations mécaniques ou électriques.
- Appliquer et faire respecter les consignes de sécurité, gérer les opérations de soute, le traitement des déchets et la prévention de la pollution.
- Gérer la logistique du service machine : approvisionnement en pièces détachées, suivi des consommables, gestion des stocks ;
- Rédiger les comptes rendus techniques liés aux opérations de maintenance et d'exploitation du service machine ;
- Organiser et suivre les arrêts techniques du navire ;
- Tenir à jour les inventaires des pièces détachées et l'historique technique des machines.
- Aide aux travaux de balisage et hydrographique

Conditions particulières de l'emploi :
Horaires atypiques et travail en mer",,,"- Brevet mécanicien 750 KW de la marine marchande
- Certificat d'Aptitude à l'Exploitation des Embarcations et radeaux de Sauvetage
- Certificat de Formation de Base à la Sécurité
- Certificat de Qualification Avancée à la Lutte contre l'Incendie
- Enseignement Médical de Niveau II
- Permis B","- Solide expertise en mécanique diesel navale, électrotechnique.
- Maîtrise des outils informatiques de gestion de maintenance assistée par ordinateur (GMAO).","- Capacité d'adaptation aux évolutions techniques et règlementaires
- Rigueur, sens prononcé de l'organisation et réactivité en situation d'urgence ou d'incident technique
- Aptitude au travail en équipe restreinte à la mer, leadership et autorité naturelle.
- Disposer de bonnes qualités relationnelles
- Ponctualité
- Disponibilité",,"M. Erwan GUIVARCH, chef de service des Phares et Balises",23 21 02,erwan.guivarch@gouv.nc,,,,la direction des ressources humaines et de la fonction publique de Nouvelle Calédonie,Bureaux 106 et 107 - Section recrutement - DRHFPNC - Centre administratif Jacques Iékawé - 1er étage - 18 avenue Paul Doumer - Centre-ville de Nouméa,B.P M2 - 98849 Nouméa cedex,drhfpnc.recrutement@gouv.nc,,PUBLIE,0,,https://data.gouv.nc/explore/dataset/avis-de-vacances-de-poste-avp-drhfpnc/files/1893472780e07466fdcf328b9a3ad635/download/
66172,1,Directeur artistique pour le 14ème festival des arts et de la culture du Pacifique,Directeur artistique musique,L1202-1,26-66172,2026-10-02,Nouvelle-Calédonie,Attaché de conservation - conservateur,,,,,,immédiatement,"Direction de la culture, de la condition féminine et de la citoyenneté",DCCFC,,Nouméa,2026-09-25 19:14:51+11:00,2026-10-23,,,"Placé sous l'autorité du directeur de la culture de la condition féminine et de la citoyenneté de la Nouvelle-Calédonie, le directeur artistique est chargé d'élaborer la proposition artistique du festival.","Placé sous l'autorité du directeur de la culture de la condition féminine et de la citoyenneté de la Nouvelle-Calédonie, le directeur artistique est chargé de :

- Elaborer le programme artistique du festival : dans le cadre de la thématique choisie et en tenant compte de la composition des délégations annoncées, élaborer la programmation générale du festival.
- Elaborer l'offre calédonienne : en accord avec le thème et en lien étroit avec les forces vives identifiées sur l'ensemble du territoire, lancer dès 2027 un programme de création et de préparation en vue du festival ;
- Programmation opérationnelle : réaliser la programmation artistique du festival, contribuer au recensement des besoins pour chaque discipline artistique en lien avec le responsable logistique ;",,,"Savoir / Connaissances / Diplôme éxigé :
- Maîtrise du contexte et du tissu culturel local ;
-  Expérience dans des organisations culturelle d'envergure ;
- Aptitude à travailler en équipe et à encadrer ;
- Aptitude à élaborer et gérer un budget dans un cadre de la comptabilité publique ;
- Aptitude à anticiper les flux d'importation de matériels et matériaux (en coordination avec les services de la douane et de la Nouvelle-Calédonie) ;
- Aptitude à structurer et documenter son action et son reporting pour une parfaite transparence ;
- Maîtrise de l'anglais ; 
- Connaissance du contexte institutionnel de la Nouvelle-Calédonie et du fonctionnement des aires coutumières ; 
- Titulaire du permis B.","Savoir-faire:
- Compétences rédactionnelles, organisationnelles et managériales ainsi que des capacités de négociation et de propositions; 
- Aptitude à proposer, à conduire et à préparer une délégation lors d'événements culturels importants (Festival des arts);","Comportement professionnel:
- Gestion rigoureuse des dossiers;
- Discrétion
- Bon relationnel;
- Capacité d'adaptation face à la multiplicité des tâches et au travail en réseau;
- Rigueur et investissement personnel
- Grande disponibilité",,Christophe AUGIAS,26 04 21,christophe.augias@gouv.nc,Ernest HNACIPAN,26 97 62,ernest.hnacipan@gouv.nc,la direction des ressources humaines et de la fonction publique de Nouvelle Calédonie,Bureaux 106 et 107 - Section recrutement - DRHFPNC - Centre administratif Jacques Iékawé - 1er étage - 18 avenue Paul Doumer - Centre-ville de Nouméa,B.P M2 - 98849 Nouméa cedex,drhfpnc.recrutement@gouv.nc,,PUBLIE,0,,https://data.gouv.nc/explore/dataset/avis-de-vacances-de-poste-avp-drhfpnc/files/f297da81d37f65fa0d443959802714a1/download/
66082,0,Gestionnaire comptable,"Gestionnaire comptable, Technicien comptable",M1203-3,26-66082/MPRH,2026-10-02,Nouvelle-Calédonie,adjoint administratif,,,,pour le recrutement d'un adjoint administratif : au moins égale à 10 ans.,2026-09-04 11:00:00+11:00,vacant à partir du,"Direction des achats, du patrimoine et des moyens",DAPM,"Service du budget, des achats et des marchés",Nouméa - VDT,2026-09-18 02:27:09+11:00,2026-10-23,"La direction des achats, du patrimoine et des moyens (DAPM) est une direction support au gouvernement de la Nouvelle-Calédonie, de ses directions et de ses établissements publics.
Elle définit la politique d'achats et la stratégie immobilière de la collectivité. Elle assure la réalisation des constructions publiques, la gestion et l'entretien du patrimoine bâti et des moyens généraux (parc de véhicules, gestion centralisée du courrier, gestion du mobilier, prestations d'imprimerie). Elle est également compétente en matière de réglementation et d'assistance des marchés publics et en matière des normes et assurances de la construction, des travaux publics et du génie civil de Nouvelle-Calédonie.

Le service du budget, des achats et des marchés est un service support des différents services de la DAPM, ainsi que des directions et services du gouvernement de la Nouvelle-Calédonie. Il est composé d'une quinzaine de personnes, réparties en 3 bureaux : le bureau des achats publics, le bureau assistance et réglementation et le bureau des affaires financières.

Le bureau des affaires financières (BAF) est chargé de la préparation, de l'élaboration, du suivi et de l'exécution des budgets en section d'investissement et de fonctionnement de la direction, en collaboration avec la direction du budget et des affaires financières. Il assure l'animation et la coordination des services de la direction dans leur gestion budgétaire et la planification de leurs besoins. Il assure le contrôle budgétaire interne des différents services et intervient au plus tôt dans l'élaboration des schémas contractuels en validant l'ensemble des dispositions liées aux modalités de paiement. Il veille également à l'optimisation des processus d'achat en assurant la fluidité de la chaîne de paiement, depuis l'identification du besoin jusqu'au paiement.",Gestionnaire comptable,"Sous la responsabilité du chef du bureau, le gestionnaire comptable assure le traitement comptable des dépenses et des recettes courantes.
Il assure la relation avec les usagers, fournisseurs ou services utilisateurs.","Réceptionner, traiter, vérifier et classer des pièces comptables :

- Réaliser les engagements et le suivi des crédits ;
- Contrôler les factures des services ;
- Apprécier la validité des pièces justificatives ;
- Réaliser les liquidations de dépenses et recettes ;
- Tenir à jour des tableaux de bords ;
- Identifier un problème sur une opération comptable ;
- Traiter les rejets ;
- Classer, archiver les pièces et documents comptables ou financiers.

Assurer l'accueil téléphonique des fournisseurs : 
 
- Recevoir et orienter les demandes ;
- Répondre aux appels téléphoniques et prendre des messages ;
- Rechercher et diffuser des informations ;
- Hiérarchiser des demandes ou informations selon leur caractère d'urgence ou priorité ;
- Orienter, conseiller les fournisseurs vers l'interlocuteur ou le service compétent ;
- Conseiller les fournisseurs et agents sur les procédures.",Participer à la préparation budgétaire.,,"- Fonctionnement administratif de la collectivité ;
- Comptabilité publique et nomenclature M52 appréciées ;
- Comptabilité privée - Notions de réglementation des marchés publics appréciées ;
- Connaissance des principes de la commande publique appréciée ; 
- Techniques d'analyse financière ; 
- Techniques de réception et d'accueil ;
- Maîtrise des procédures comptables ; 
- Techniques de communication orale et écrite.","- Gérer et hiérarchiser des urgences et des échéances ;
- Avoir une aisance dans le suivi des tableaux de bord et dans la manipulation des chiffres ;
- Maîtriser le logiciel de gestion financière SURFI serait un plus ;
- Maîtriser les outils informatiques et bureautiques ;
- Rédiger des documents administratifs (courriers ou notes) ;
- Expérience (1 an minimum) en qualité de comptable dans les services publics avec la M52 appréciée.","- Environnement de travail en open-space, nécessitant de travailler en équipe au quotidien ;
- Sens du service public ;
- Bienveillance ;
- Sens de la communication ;
- Sens de l'organisation ; 
- Loyauté et engagement ;
- Goût du travail en équipe ; 
- Assiduité ; 
- Reporting ; 
- Disponibilité ; 
- Réactivité et adaptabilité ;
- Polyvalence ;
- Respect des procédures en vigueur ;
- Discrétion et strict respect de la confidentialité.",,Olivia TAMIN,29 61 35,olivia.tamin@gouv.nc,Ericka MICHEL,29 61 67,ericka.michel@gouv.nc,la direction des ressources humaines et de la fonction publique de Nouvelle Calédonie,Bureaux 106 et 107 - Section recrutement - DRHFPNC - Centre administratif Jacques Iékawé - 1er étage - 18 avenue Paul Doumer - Centre-ville de Nouméa,B.P M2 - 98849 Nouméa cedex,drhfpnc.recrutement@gouv.nc,,PUBLIE,3,,https://data.gouv.nc/explore/dataset/avis-de-vacances-de-poste-avp-drhfpnc/files/edf3ac6138fbf7a344777b4a4f0b0db6/download/
66245,0,Chargé d'actions,,,26-1460,2026-10-02,Province Nord,rédacteur,,,,,,immédiatement,Province Nord,PVN,,,2026-09-30 19:40:53+11:00,2026-10-23,,Inspecteur,,,,,,,,,,,,,,,,,,,,PUBLIE,0,,https://data.gouv.nc/explore/dataset/avis-de-vacances-de-poste-avp-drhfpnc/files/6a1416378320164d79324ee55a157610/download/
66249,0,Directeur(trice),,,26-1457,2026-10-02,,attaché,,,,,,immédiatement,,,,,2026-09-30 19:44:52+11:00,2026-10-23,,Inspecteur,,,,,,,,,,,,,,,,,,,,PUBLIE,0,,https://data.gouv.nc/explore/dataset/avis-de-vacances-de-poste-avp-drhfpnc/files/25f379d8b085b38a03df4df9aee19802/download/
66248,0,Travailleur social,,,26-1458,2026-10-02,Province des îles Loyauté,assistant socio-éducatif,,,,,,immédiatement,Province des îles Loyauté,PIL,,,2026-09-30 19:43:15+11:00,2026-10-23,,Inspecteur,,,,,,,,,,,,,,,"la direction de l'administration générale de la province des îles Loyauté, service des RH",Hôtel de la province des îles Loyauté à Wé - Lifou,BP 50 - 98820 WE LIFOU,dag-recrutement@loyalty.nc,45.51.30,PUBLIE,0,,https://data.gouv.nc/explore/dataset/avis-de-vacances-de-poste-avp-drhfpnc/files/9b20ecbb16b3b806bb408092b2930b7e/download/
66243,0,1 Chirurgien-dentiste,,,26-1452,2026-10-02,Province des îles Loyauté,chirurgien dentiste,,,,.,,immédiatement,Province des îles Loyauté,PIL,,,2026-09-30 19:39:13+11:00,2026-10-23,,Inspecteur,,,,,,,,,,,,,,,"la direction de l'administration générale de la province des îles Loyauté, service des RH",Hôtel de la province des îles Loyauté à Wé - Lifou,BP 50 - 98820 WE LIFOU,dag-recrutement@loyalty.nc,45.51.30,PUBLIE,0,,https://data.gouv.nc/explore/dataset/avis-de-vacances-de-poste-avp-drhfpnc/files/6f6eaa129e4626e367881a47c6ec82da/download/
66235,0,1 Chirurgien-dentiste,,,26-1448,2026-10-02,Province des îles Loyauté,chirurgien dentiste,,,,.,,immédiatement,Province des îles Loyauté,PIL,,,2026-09-30 19:31:28+11:00,2026-10-23,,Inspecteur,,,,,,,,,,,,,,,"la direction de l'administration générale de la province des îles Loyauté, service des RH",Hôtel de la province des îles Loyauté à Wé - Lifou,BP 50 - 98820 WE LIFOU,dag-recrutement@loyalty.nc,45.51.30,PUBLIE,0,,https://data.gouv.nc/explore/dataset/avis-de-vacances-de-poste-avp-drhfpnc/files/ec2ff60b34280b9c9efc015d5c1182db/download/
66239,0,Vétérinaire - Chargé de filière « productions animales »,,,26-1450,2026-10-02,Province des îles Loyauté,ingénieur,,Economie rurale,,.,,immédiatement,Province des îles Loyauté,PIL,,,2026-09-30 19:35:19+11:00,2026-10-23,,Inspecteur,,,,,,,,,,,,,,,"la direction de l'administration générale de la province des îles Loyauté, service des RH",Hôtel de la province des îles Loyauté à Wé - Lifou,BP 50 - 98820 WE LIFOU,dag-recrutement@loyalty.nc,45.51.30,PUBLIE,0,,https://data.gouv.nc/explore/dataset/avis-de-vacances-de-poste-avp-drhfpnc/files/2ea40dfe5844babfebb9b919c7929938/download/
66192,0,Conseiller(e) pédagogique- 6ème circonscription- annexe PAITA,"Coordinateur (de formateurs, de stages de formation professionnelle, pédagogique, de dispositif de formation)",K2102-1,26-66192/MPRH,2026-10-02,Nouvelle-Calédonie,professeur des écoles,instituteur,,,,2027-02-01 11:00:00+11:00,susceptible d'être vacant le,Direction de l'enseignement de la Nouvelle-Calédonie,DENC,6ème circonscription,PAITA,2026-09-28 23:06:08+11:00,2026-10-23,"La direction de l'enseignement de la Nouvelle-Calédonie est chargée :
- des programmes scolaires de l'école primaire publique, sous réserve de la compétence des provinces pour leur adaptation en fonction des réalités culturelles et linguistiques ;
- de la formation initiale et continue des maîtres de l'enseignement primaire public ;
- du contrôle pédagogique de l'enseignement primaire public, c'est à dire notamment de l'animation, de l'aide et de l'inspection pédagogiques dans les écoles publiques ;
La direction comprend un service des affaires administratives, financières et de la communication, un service pédagogique , une annexe à Koné, 7 circonscriptions. et un service de la prévention du décrochage scolaire. 
La 6ème circonscription est située en Province Sud. Celle-ci exerce sur les communes de Dumbéa,  Paîta, Tontouta, Boulouparis,La Foa, Saraméa, Moindou, Bourail,Thio.",Conseiller pédagogique,"Placé  sous  l'autorité  de  l'inspectrice  de  l'enseignement  primaire  au  sein  de  la  6ème   circonscription, le ou la conseillère pédagogique est titulaire d'un CAFIPEMF (Certificat d'aptitude aux fonctions d'instituteur ou de professeur des écoles maître formateur), et détenteur de compétences avérées dans l'usage des technologies de l'information et de la communication pour l'enseignement (TICE). Il est souhaité qu'il porte un intérêt pour la formation ouverte à distance (FOAD).
Il inscrit son action dans le cadre du projet de service de la DENC et du programme de travail de la circonscription, validé par la directrice de l'enseignement de la Nouvelle-Calédonie.","Former les enseignants dans leurs pratiques professionnelles quotidiennes, en accompagnant en priorité les nouveaux nommés :
- concevoir et organiser des animations pédagogiques ;
- assister les équipes enseignantes dans l'organisation et le fonctionnement des cycles pédagogiques, contribuer à la réalisation et au suivi des projets d'école ;
- favoriser le développement des usages du numérique dans la mise en œuvre des programmes et du socle commun des connaissances et des compétences et promouvoir l'utilisation des nouvelles technologies en favorisant l'émergence de projets pédagogiques intégrant leur utilisation. 

Expertise pédagogique :
- participer à l'élaboration des documents et outils d'accompagnement des nouveaux programmes ;
- participer à la mise en œuvre des projets pédagogiques d'envergure ;
- aider à l'intégration harmonieuse du numérique dans les stratégies d'apprentissage et d'enseignement ;
- participer de manière secondaire à l'élaboration de sujets de concours et à certains jurys.",Activités secondaires : missions  et/ou  affectation ponctuelle sur une autre circonscription  en fonction des besoins de  la direction de l'enseignement.,,"- Titulaire d'un  CAFIPEMF (Certificat d'aptitude aux fonctions d'instituteur ou de professeur des écoles maître formateur) ou vivement souhaité ;
- Parfaite connaissance des programmes scolaires et culture pédagogique actualisée pour les 3 cycles de l'école primaire ;
- Bonne connaissance du système éducatif et de la répartition des compétences de l'enseignement en Nouvelle-Calédonie ;
- Bonne culture générale ;
- Disposer de bonnes connaissances des approches pédagogiques et didactiques ;
- Maîtriser les technologies de l'information et de la communication ;
- Bonne connaissance du numérique et de la formation à distance.","- Assister les équipes d'enseignants ;
- Organiser et mener des sessions de formation initiale et continue ;
- Concevoir des outils pédagogiques.","- Rigueur ;
- Sens de l'organisation ;
- Curiosité intellectuelle ;
- Qualités relationnelles ;
- Esprit d'équipe ;
- Sens de l'écoute ;
- Professionnalisme ;
- Capacité à rendre compte.",,Marie-Hélène WAMO,77 69 64,marie-helene.wamo@gouv.nc,Christelle VARNEY,23 96 05,denc.safco.rh@gouv.nc,la direction des ressources humaines et de la fonction publique de Nouvelle Calédonie,Bureaux 106 et 107 - Section recrutement - DRHFPNC - Centre administratif Jacques Iékawé - 1er étage - 18 avenue Paul Doumer - Centre-ville de Nouméa,B.P M2 - 98849 Nouméa cedex,drhfpnc.recrutement@gouv.nc,,PUBLIE,2,,https://data.gouv.nc/explore/dataset/avis-de-vacances-de-poste-avp-drhfpnc/files/d951a8b2f911a96e915bd545652c837a/download/
66240,0,2 Animateurs socio-éducatifs,,,26-1463,2026-10-02,,animateur socio-éducatif,,,,,2026-12-01 11:00:00+11:00,date,,,,,2026-09-30 19:36:09+11:00,2026-10-23,,Inspecteur,,,,,,,,,,,,,,,,,,,,PUBLIE,4,,https://data.gouv.nc/explore/dataset/avis-de-vacances-de-poste-avp-drhfpnc/files/1d982fba422f7550a6658f43719d19b7/download/
66251,0,3 Gardes champêtres,,,26-1456,2026-10-02,,ACDP-Grille rémunération 2-Diplôme niveau V,,,,,,immédiatement,,,,,2026-09-30 19:47:20+11:00,2026-10-23,,Inspecteur,,,,,,,,,,,,,,,,,,,,PUBLIE,0,,https://data.gouv.nc/explore/dataset/avis-de-vacances-de-poste-avp-drhfpnc/files/a6c1292e8581ac46e90e7f0bdd9ca04f/download/
66234,0,Gestionnaire des ressources humaines,,,26-1466,2026-10-02,Agence sanitaire et sociale,rédacteur,,,,,,susceptible d'être vacant,Agence sanitaire et sociale,ASS-NC,,,2026-09-30 19:30:51+11:00,2026-10-23,,Inspecteur,,,,,,,,,,,,,,,,,,,,PUBLIE,1,,https://data.gouv.nc/explore/dataset/avis-de-vacances-de-poste-avp-drhfpnc/files/0c1ad95eab68fe8683fa696f77ab6d6a/download/
66232,0,1 infirmier(ère) en soins généraux,,,26-1447,2026-10-02,Province des îles Loyauté,infirmier en soins généraux,,Infirmiers,,.,,immédiatement,Province des îles Loyauté,PIL,,,2026-09-30 18:53:01+11:00,2026-10-23,,Inspecteur,,,,,,,,,,,,,,,"la direction de l'administration générale de la province des îles Loyauté, service des RH",Hôtel de la province des îles Loyauté à Wé - Lifou,BP 50 - 98820 WE LIFOU,dag-recrutement@loyalty.nc,45.51.30,PUBLIE,0,,https://data.gouv.nc/explore/dataset/avis-de-vacances-de-poste-avp-drhfpnc/files/c5ae50e17f0478a691137183861357fe/download/
66247,0,3 Médecins au CMS Hulup,,,26-1454,2026-10-02,Province des îles Loyauté,médecin de santé publique,,,,.,,immédiatement,Province des îles Loyauté,PIL,,,2026-09-30 19:43:09+11:00,2026-10-23,,Inspecteur,,,,,,,,,,,,,,,"la direction de l'administration générale de la province des îles Loyauté, service des RH",Hôtel de la province des îles Loyauté à Wé - Lifou,BP 50 - 98820 WE LIFOU,dag-recrutement@loyalty.nc,45.51.30,PUBLIE,0,,https://data.gouv.nc/explore/dataset/avis-de-vacances-de-poste-avp-drhfpnc/files/efa70de8bb1d1dc7525c2c68ed327320/download/
66250,0,4 Médecins au CMS de Wé,,,26-1455,2026-10-02,Province des îles Loyauté,médecin de santé publique,,,,.,,immédiatement,Province des îles Loyauté,PIL,,,2026-09-30 19:45:12+11:00,2026-10-23,,Inspecteur,,,,,,,,,,,,,,,"la direction de l'administration générale de la province des îles Loyauté, service des RH",Hôtel de la province des îles Loyauté à Wé - Lifou,BP 50 - 98820 WE LIFOU,dag-recrutement@loyalty.nc,45.51.30,PUBLIE,0,,https://data.gouv.nc/explore/dataset/avis-de-vacances-de-poste-avp-drhfpnc/files/fd6ed01ec66a21c8f8f7e41e1a8efd8c/download/
66277,0,Chargé(e) de mission développement économique,,,26-1412,2026-10-02,Ville du Mont-Dore,attaché,,,,,,immédiatement,Ville du Mont-Dore,,,,2026-10-03 00:07:12+11:00,2026-10-23,,Inspecteur,,,,,,,,,,,,,,,,,,,,PUBLIE,0,,https://data.gouv.nc/explore/dataset/avis-de-vacances-de-poste-avp-drhfpnc/files/779816699d1eeb2a001a89e398972498/download/
61973,0,Chargé(e) d'études en santé environnementale,"Ingénieur Hygiène, Sécurité et Environnement en industrie -HSE-",H1302-17,26-61973/MPRH,2026-10-02,Nouvelle-Calédonie,ingénieur,,Economie rurale,,- Ingénieur 2ème grade du domaine de l'économie rurale: au moins égale à 5 ans,,immédiatement,Direction des affaires sanitaires et sociales,DASS,Service de la santé publique,Nouméa,2026-01-16 19:28:45+11:00,2026-10-16,"La direction des affaires sanitaires et sociales de la Nouvelle-Calédonie est une des directions techniques du gouvernement de la Nouvelle-Calédonie. 
Elle est responsable de la mise en œuvre de la politique de la Nouvelle-Calédonie en matière de santé et de protection sociale. 

Elle comprend un service administration et support et quatre services métiers.

Le service de santé publique est chargé de la connaissance et des études relatives à la situation sanitaire, de la veille et de la surveillance, et de l'amélioration de la santé des calédoniens (prévention).

Au sein de ce service, le bureau santé environnement a pour mission de prévenir, d'évaluer et de gérer les risques sanitaires liés aux milieux de vie et aux facteurs environnementaux.",,"Placé(e) sous l'autorité du chef du bureau santé environnement, le/la chargé(e) d'études aura pour mission principale de piloter, structurer et développer la thématique de l'assainissement, dossier prioritaire et en fort développement au sein de la DASS. En parallèle, et dans le cadre d'une réorganisation future de l'équipe, l'agent devra faire preuve d'une grande polyvalence en intervenant sur d'autres thématiques de santé environnement clés du bureau, notamment la surveillance entomologique. L'ensemble de ces missions s'inscrira pleinement dans une approche transversale « One Health » (Une seule santé), liant la préservation des milieux de vie et la prévention des risques sanitaires.

À ce titre, il/elle sera chargé(e) d'analyser les risques sanitaires pour la santé humaine, puis de proposer, mettre en œuvre, suivre et évaluer des programmes d'action, de contrôle, de prévention et de protection.

Dans le cadre de ses fonctions, le/la chargé(e) d'études sera amené(e) à rédiger des notes, rapports, courriers divers et à contribuer activement à l'élaboration de textes réglementaires en partenariat avec les autres directions du gouvernement de la Nouvelle-Calédonie. Il/Elle participera à la structuration et à la mise à jour des bases de données du bureau. Des missions de terrain régulières sont à prévoir sur l'ensemble du territoire de la Nouvelle-Calédonie.","Le/la chargé(e) d'études est chargé(e) de :
- Piloter et développer la thématique Assainissement : Structurer la stratégie de la DASS sur cette thématique ; apporter une expertise technique et réaliser l'instruction des volets eau et assainissement des dossiers ; contribuer à l'élaboration des textes réglementaires sur l'assainissement non collectif des eaux usées domestiques, participer activement à la Politique de l'Eau Partagée (PEP) et co-animer le groupe de travail interinstitutionnel de l'OS4 de la PEP ; 
- Contribuer à la gestion d'autres thématiques de santé environnement clés du bureau : Participer, de manière flexible et selon la future répartition des dossiers au sein de l'équipe, au suivi technique et à la gestion opérationnelle des autres dossiers clés du bureau (notamment la surveillance entomologique en lien avec le technicien entomologiste) ; analyser les données de terrain, évaluer les risques et contribuer aux actions de prévention, de contrôle ou de gestion sanitaire correspondantes ;
- Contribuer à la surveillance environnementale et épidémiologique : Participer à la conception et au pilotage d'études ou d'enquêtes environnementales sur des problématiques locales spécifiques ; analyser les données pour guider les politiques de prévention et de protection de la population ;
- Instruire des avis sanitaires : Instruire les demandes d'autorisation et formuler des avis sanitaires motivés et rigoureux sur l'ensemble des dossiers soumis au bureau ;
- Contribuer à la gestion des alertes sanitaires : Participer activement au dispositif de veille et à la gestion opérationnelle des alertes sanitaires environnementales du bureau ;
- Assurer une veille scientifique, réglementaire et collaboration transversale : Assurer une veille scientifique et juridique constante ; collaborer à des projets transversaux avec les autres bureaux du service de santé publique.","- Participer au fonctionnement du bureau (définition des orientations stratégiques, suivi des indicateurs et du budget, contribution aux réunions d'équipe) ;
- Contribuer aux projets communs et transversaux du service de santé publique ;
- Contribuer ponctuellement sur d'autres dossiers du bureau selon les besoins (pesticides, métaux lourds, gestion des eaux de loisirs et/ou de consommation, etc.) ;
- Assurer des astreintes de santé publique dans le cadre de la veille sanitaire.",,"- Formation supérieure de niveau Bac +5 (Master, diplôme d'ingénieur) dans le domaine de la santé environnementale, du génie de l'environnement ou des sciences de l'eau et de l'assainissement ;
- Expérience professionnelle souhaitée dans une structure de santé publique ou en ingénierie sanitaire ;
- Solides connaissances techniques et réglementaires dans le domaine de l'eau et de l'assainissement ;
- Connaissances en entomologie médicale et dans la gestion des maladies à transmission vectorielle ;
- Connaissances en épidémiologie et en méthodologie d'évaluation des risques sanitaires et forte sensibilité à l'approche « One Health » (interdépendance entre santés humaine, animale et environnementale) ;
- Bonnes connaissances du contexte institutionnel, réglementaire, ainsi que des spécificités culturelles, sociologiques et géographiques de la Nouvelle-Calédonie ;
- Bon niveau d'anglais professionnel.","- Excellentes capacités rédactionnelles (protocoles d'études, rapports scientifiques, notes d'aide à la décision, textes réglementaires) ;
- Aptitude à l'instruction technique de dossiers complexes et à la formulation d'avis sanitaires ;
- Compétences en gestion de projet (planification, animation de réunions, suivi budgétaire) et capacité à gérer de nombreux dossiers de front ;
- Maîtrise des outils bureautiques et des outils de cartographie (Systèmes d'Information Géographique - SIG).","- Grande autonomie, esprit d'initiative et forte capacité d'adaptation dans un contexte d'évolution des missions du bureau ;
- Rigueur scientifique et excellentes capacités d'analyse et de synthèse ;
- Aisance relationnelle et sens du travail en équipe pluridisciplinaire et en réseau ;
- Aptitude physique et goût pour les déplacements et le travail sur le terrain ;
- Capacité à gérer les priorités et à répondre aux urgences sanitaires.",,BAROUSSE Chantal,24 37 15,chantal.barousse@gouv.nc,CHEILAN Florie,24 37 06,florie.cheilan@gouv.nc,la direction des ressources humaines et de la fonction publique de Nouvelle Calédonie,Bureaux 106 et 107 - Section recrutement - DRHFPNC - Centre administratif Jacques Iékawé - 1er étage - 18 avenue Paul Doumer - Centre-ville de Nouméa,B.P M2 - 98849 Nouméa cedex,drhfpnc.recrutement@gouv.nc,,PUBLIE,0,,https://data.gouv.nc/explore/dataset/avis-de-vacances-de-poste-avp-drhfpnc/files/df624a1e31b946b6796710a67fc336f7/download/
64875,0,Contrôleur IR,"Agent d'assiette des impôts, Agent de constatation ou d'assiette des impôts",K1501-2,26-64875/MPRH,2026-10-02,Nouvelle-Calédonie,rédacteur,,,,,2026-09-01 11:00:00+11:00,vacant à partir du,Direction des services fiscaux,DSF,Service de la fiscalité des professionnels à l'impôt sur le revenu,Nouméa,2026-07-07 21:12:39+11:00,2026-10-23,"La direction des services fiscaux, composée de treize services, est chargée d'asseoir, de contrôler et de recouvrer la plupart des impôts en vigueur en Nouvelle-Calédonie. Elle gère ainsi près de 76 % des recettes fiscales de la Nouvelle-Calédonie. Elle assure également une mission foncière, au travers de la gestion du domaine public et privé de la Nouvelle-Calédonie et de la publicité foncière, cette dernière ayant en charge notamment la taxe hypothécaire. Outre ces missions d'exécution, elle est chargée, dans le cadre de la politique poursuivie par le gouvernement de la Nouvelle-Calédonie, de l'élaboration de la législation fiscale ainsi que des mesures d'application.

Le service de la fiscalité professionnelle à l'impôt sur le revenu est chargé des travailleurs indépendants et des personnes morales ne relevant pas de l'impôt sur les sociétés .Il assure l'assiette et le contrôle des différents impôts auxquels ces derniers sont assujettis.","Chargé de l'assiette des impôts, droits et taxes","Au sein du service de la fiscalité des professionnels à l'impôt sur le revenu, le contrôleur assure la gestion, le contrôle et le contentieux des impôts, droits et taxes dus par les entreprises individuelles, les gérants majoritaires de sociétés et les autres personnes morales relevant de l'impôt sur le revenu. A ce titre, il gère environ 3000 dossiers professionnels et personnels.","- Gérer les dossiers : création et mise à jour des dossiers des entrepreneurs individuels relevant du réel et/ou du forfait, des gérants de sociétés et des sociétés soumises à l'impôt sur le revenu ; suivi des déclarations et mise en recouvrement des impositions (TGC, IR, CCS, patente, licence, etc.),
- Informer le contribuable : réception et renseignement des contribuables ou de leurs conseils,
- Assurer le contrôle des dossiers : examen des déclarations fiscales de son portefeuille de contribuables en contrôle formel, information, relances, régularisations amiables, notifications de redressement (taxations d'office et contradictoires), contrôle sur pièces, propositions de dossiers de vérifications (VASFE et/ou VG),
- Composer les dossiers contentieux : instruction des réclamations ou des recours gracieux des patentés de son portefeuille (analyse, justification des demandes...), rédaction des projets de décisions, des avis de dégrèvement, de restitution ou de remboursement.","- Participer aux tâches collectives, notamment la campagne impôt sur le revenu, 
- Contribuer au développement des actions transversales initiées par le service ou la direction,
- Assurer des missions de renfort ponctuel (agents d'accueil, échéances fiscales, etc.),
- Assurer des permanences physiques et téléphoniques,
- Collaborer avec les collègues des autres services de la DSF dont les services de la fiscalité des professionnels à l'impôt sur les sociétés, de la recette, des particuliers et de contrôle et d'expertise.",,"- Notion dans le domaine juridique et/ou comptable serait un plus,
- Techniques de rédaction administrative.","- Accueillir et renseigner les contribuables,
- Maîtriser les outils bureautiques (suite Google),
- Maîtriser les délais et anticiper les échéances,
- S'adapter aux évolutions (réglementation applicable, outils informatiques utilisés et organisation du service),
- Acquérir rapidement des connaissances techniques nouvelles (des actions de formation existent en interne).","- Respect légal du secret professionnel,
- Discrétion professionnelle,
- Sens du service public,
- Communication aisée avec un public de professionnels,
- Diplomatie,
- Sens du travail en équipe et de la solidarité,
- Esprit d'analyse et de synthèse,
- Méthode et sens de l'organisation,
- Curiosité intellectuelle,
- Autonomie,
- Disponibilité.",,"Mme Kristèle CHARTIER, chef du service de la fiscalité des professionnels IR",25 76 86,kristele.chartier@gouv.nc,"Mme Karen LOUISY-GABRIEL, adjointe au chef du service de la fiscalité des professionnels IR",25 75 65,karen.louisy-gabriel@gouv.nc,la direction des ressources humaines et de la fonction publique de Nouvelle Calédonie,Bureaux 106 et 107 - Section recrutement - DRHFPNC - Centre administratif Jacques Iékawé - 1er étage - 18 avenue Paul Doumer - Centre-ville de Nouméa,B.P M2 - 98849 Nouméa cedex,drhfpnc.recrutement@gouv.nc,,PUBLIE,3,,https://data.gouv.nc/explore/dataset/avis-de-vacances-de-poste-avp-drhfpnc/files/da040efebcb832861ca57ca717ededec/download/
66112,1,Éducateur spécialisé en hébergement diversifié - Nord,"Educateur (de la protection judiciaire de la jeunesse, en milieu ouvert, socioéducatif)",K1207-1,26-66112/MPRH,2026-10-02,Nouvelle-Calédonie,assistant socio-éducatif,,,,,,immédiatement,Direction de la protection judiciaire de l'enfance et de la jeunesse,DPJEJ,Service éducatif de milieu ouvert et d'insertion,Koné,2026-09-22 00:20:27+11:00,2026-10-23,,Educateur spécialisé,"La DPJEJ est chargée de mettre en œuvre les orientations de la Nouvelle-Calédonie en matière de protection judiciaire de l'enfance et de la jeunesse. À ce titre, elle veille à répondre aux besoins liés à l'instruction et à l'exécution des décisions judiciaires concernant les mineurs.

Sous l'autorité du chef de service éducatif (PEAD-UPAD), l'éducateur spécialisé en famille d'accueil intervient auprès de mineurs âgés de 13 à 18 ans dans le cadre d'un mandat judiciaire. Il assure l'accompagnement socio-éducatif et le suivi des mineurs confiés en famille d'accueil au titre des mesures judiciaires ordonnées. Le poste est basé à Koné.","Assurer l'accompagnement éducatif individualisé des mineurs de 13 à 18 ans ;
Assurer le suivi et le soutien des familles d'accueil ;
Rédiger les écrits éducatifs destinés aux magistrats ;
Maintenir le lien du jeune avec son environnement familial d'origine ;
Rechercher de nouvelles familles d'accueil ;
Rechercher des partenaires dans le cadre de l'insertion scolaire ou professionnelle des mineurs suivis ;
Organiser des rencontres entre les familles d'accueil ;
Élaborer et mettre en œuvre des projets éducatifs ;
Participer à la réflexion d'équipe sur les différentes formes de prise en charge ;
Assurer le remplacement des collègues éducateurs en cas d'absence (congés, maladie, formation, etc.).",,,"Titulaire du diplôme d'État d'éducateur spécialisé ou attestation de validation de la formation d'éducation de la protection judiciaire de la jeunesse délivrée par l'École nationale de la protection judiciaire de la jeunesse du ministère de la Justice.

Compétences requises :
Maîtriser les compétences liées au diplôme d'État d'éducateur spécialisé ;
Évaluer et analyser les situations éducatives et sociales ;
Élaborer et mettre en œuvre des projets éducatifs individualisés dans le respect des personnes, de leur culture et du cadre institutionnel ;
Conduire des entretiens individuels et familiaux ;
Maîtriser les écrits professionnels destinés aux magistrats ;
Connaître les textes relatifs à l'enfance en danger et à l'enfance délinquante, ainsi que le Code de la justice pénale des mineurs (CJPM) ;
Connaître le milieu socio-culturel et les institutions de la Nouvelle-Calédonie ;
Justifier d'une expérience professionnelle dans la prise en charge de mineurs en difficulté.","Savoir-Faire :
Capacité à construire et conduire un accompagnement éducatif individualisé ;
Capacité à travailler en équipe pluridisciplinaire et en coopération avec les services extérieurs ;
Capacité à adapter son emploi du temps au projet des mineurs pris en charge ;
Capacité rédactionnelle (notes et rapports éducatifs).","Comportements professionnels :
Comportements professionnels :
Disponibilité, autonomie et capacité d'organisation ;
Capacité d'adaptation ;
Capacité à prendre de la distance face aux situations complexes ;
Discrétion professionnelle.

Conditions particulières d'exercice :
Être titulaire du permis de conduire B.",,"Monsieur Dick-Samuel UKEIWE, chef de service éducatif par intérim PEAD",23 19 31,dick-samuel.ukeiwe@gouv.nc,,,,la direction des ressources humaines et de la fonction publique de Nouvelle Calédonie,Bureaux 106 et 107 - Section recrutement - DRHFPNC - Centre administratif Jacques Iékawé - 1er étage - 18 avenue Paul Doumer - Centre-ville de Nouméa,B.P M2 - 98849 Nouméa cedex,drhfpnc.recrutement@gouv.nc,,PUBLIE,0,,https://data.gouv.nc/explore/dataset/avis-de-vacances-de-poste-avp-drhfpnc/files/a14f2ab80f62747e8f6dc9f841535ac2/download/
66242,0,Comptable à Koné,,,26-1462,2026-10-02,Province Nord,rédacteur,,,,,,immédiatement,Province Nord,PVN,,,2026-09-30 19:37:42+11:00,2026-10-23,,Inspecteur,,,,,,,,,,,,,,,,,,,,PUBLIE,0,,https://data.gouv.nc/explore/dataset/avis-de-vacances-de-poste-avp-drhfpnc/files/e330a41b1141eb329c65bbb643f77385/download/
66238,0,Assistant de direction à Koné,,,26-1464,2026-10-02,Province Nord,rédacteur,,,,,,immédiatement,Province Nord,PVN,,,2026-09-30 19:34:45+11:00,2026-10-23,,Inspecteur,,,,,,,,,,,,,,,,,,,,PUBLIE,0,,https://data.gouv.nc/explore/dataset/avis-de-vacances-de-poste-avp-drhfpnc/files/b566907adb1dfefb8dc1adcf2d785733/download/
66233,0,Auxiliaire de puériculture en néonatalogie,,,26-1467,2026-10-02,"Centre hospitalier territorial ""Gaston Bourret""",auxiliaire de puériculture,,Aide-soignant,,,2026-12-01 11:00:00+11:00,date,"Centre hospitalier territorial ""Gaston Bourret""",CHT,,,2026-09-30 19:28:53+11:00,2026-10-23,,Inspecteur,,,,,,,,,,,,,,,Direction des Ressources Humaines / Cellule recrutement,Direction des Ressources Humaines - Cellule recrutement - Médipôle Koutio,BP J5-98849 - Nouméa cedex,kelly.miloud@cht.nc,,PUBLIE,4,,https://data.gouv.nc/explore/dataset/avis-de-vacances-de-poste-avp-drhfpnc/files/29e3932febb984819bdd153bcbf9d3fa/download/
66236,0,Référent de secteur,,,26-1465,2026-10-02,,attaché,,,,,,susceptible d'être vacant,,,,,2026-09-30 19:33:19+11:00,2026-10-23,,Inspecteur,,,,,,,,,,,,,,,,,,,,PUBLIE,1,,https://data.gouv.nc/explore/dataset/avis-de-vacances-de-poste-avp-drhfpnc/files/a762eba6ef7aa1ad37a4aa59f851e007/download/
66276,0,Responsable,,,26-1459,2026-10-02,,rédacteur,,,,,2026-12-01 11:00:00+11:00,date,,,,,2026-10-02 21:21:14+11:00,2026-10-23,,Inspecteur,,,,,,,,,,,,,,,,,,,,PUBLIE,4,,https://data.gouv.nc/explore/dataset/avis-de-vacances-de-poste-avp-drhfpnc/files/711035e1bcb846de955398677b19ba2f/download/
66246,0,2 infirmiers(ères) en soins généraux,,,26-1453,2026-10-02,Province des îles Loyauté,infirmier en soins généraux,,Infirmiers,,.,,immédiatement,Province des îles Loyauté,PIL,,,2026-09-30 19:41:00+11:00,2026-10-23,,Inspecteur,,,,,,,,,,,,,,,"la direction de l'administration générale de la province des îles Loyauté, service des RH",Hôtel de la province des îles Loyauté à Wé - Lifou,BP 50 - 98820 WE LIFOU,dag-recrutement@loyalty.nc,45.51.30,PUBLIE,0,,https://data.gouv.nc/explore/dataset/avis-de-vacances-de-poste-avp-drhfpnc/files/0549d5cfdfdeefdbd8506b8eed51e9d4/download/
66237,0,1 Médecin itinérant,,,26-1449,2026-10-02,Province des îles Loyauté,médecin de santé publique,,,,.,,immédiatement,Province des îles Loyauté,PIL,,,2026-09-30 19:33:55+11:00,2026-10-23,,Inspecteur,,,,,,,,,,,,,,,"la direction de l'administration générale de la province des îles Loyauté, service des RH",Hôtel de la province des îles Loyauté à Wé - Lifou,BP 50 - 98820 WE LIFOU,dag-recrutement@loyalty.nc,45.51.30,PUBLIE,0,,https://data.gouv.nc/explore/dataset/avis-de-vacances-de-poste-avp-drhfpnc/files/ea3113328cce72a42cde6642f016e51a/download/
66244,0,3 Médecins,,,26-1461,2026-10-02,Province des îles Loyauté,médecin de santé publique,,,,,,immédiatement,Province des îles Loyauté,PIL,,,2026-09-30 19:39:13+11:00,2026-10-23,,Inspecteur,,,,,,,,,,,,,,,"la direction de l'administration générale de la province des îles Loyauté, service des RH",Hôtel de la province des îles Loyauté à Wé - Lifou,BP 50 - 98820 WE LIFOU,dag-recrutement@loyalty.nc,45.51.30,PUBLIE,0,,https://data.gouv.nc/explore/dataset/avis-de-vacances-de-poste-avp-drhfpnc/files/c61088c1d9049825fa0e6f5f68772075/download/
66241,0,3 Médecins,,,26-1451,2026-10-02,Province des îles Loyauté,médecin de santé publique,,,,.,,immédiatement,Province des îles Loyauté,PIL,,,2026-09-30 19:37:20+11:00,2026-10-23,,Inspecteur,,,,,,,,,,,,,,,"la direction de l'administration générale de la province des îles Loyauté, service des RH",Hôtel de la province des îles Loyauté à Wé - Lifou,BP 50 - 98820 WE LIFOU,dag-recrutement@loyalty.nc,45.51.30,PUBLIE,0,,https://data.gouv.nc/explore/dataset/avis-de-vacances-de-poste-avp-drhfpnc/files/04f079a93bf9b1bee8718704ea692979/download/
65612,0,Inspecteur des affaires sanitaires et sociales,"Inspecteur (de la formation professionnelle, de l'action sanitaire et sociale, du travail des transports)",K1502-4,26-65612/MPRH,2026-09-28,Nouvelle-Calédonie,attaché,,,,,,immédiatement,Direction des affaires sanitaires et sociales,DASS,Service de l'offre et de la qualité de soin,Antenne Nord - Koné,2026-08-21 23:58:20+11:00,2026-10-16,"La direction des affaires sanitaires et sociales de la Nouvelle-Calédonie est une des directions techniques du gouvernement de la Nouvelle-Calédonie.
Elle est responsable de la mise en œuvre de la politique de la Nouvelle-Calédonie en matière de santé publique et de protection sociale.
Elle comprend un service administration et support et quatre services métiers.
Le service de la protection sociale est chargé de la conception et de la mise en œuvre des politiques de protection sociale, de la performance du système de protection sociale. Il est également chargé de l'organisation, de la régulation et du contrôle de l'offre sociale et médico-sociale.
Il assure également le secrétariat du conseil du handicap et de la dépendance et de la commission médicale des permis de conduire.",Inspecteur des affaires sanitaires et sociales,"Au sein du service de l'offre et de la qualité des soins, ou au sein de l'Antenne Nord,  l'inspecteur des affaires sanitaires et sociales assure la conception, le pilotage et l'animation des dispositifs de veille sanitaire, de prévention et de gestion des crises sur le territoire, avec un ancrage fort en Province Nord et dans les Îles Loyauté. Il/Elle décline la stratégie globale de santé publique en intégrant les enjeux de santé environnementale (One Health) et le rayonnement régional dans le Pacifique.","L'inspecteur est chargé des missions suivantes :  
1- Représentation institutionnelle de proximité et interface régionale :
* Niveau local : interlocuteur des acteurs de terrain ; Provinces, Mairies, autres partenaires sur les questions de santé et de protection sociale.
* Niveau régional : en lien avec la direction de la DASS, des services dédiés aux relations extérieures - référent des orientations de la Communauté du Pacifique Sud (CPS) et du Comité Régional OMS du Pacifique occidental, garantissant l'intégration des programmes régionaux (gestion de crises, résilience sanitaire...) dans les stratégies du pays.
2- Coordination, interopérabilité et animation de réseaux dans le respect des compétences de chaque acteur :
* Fluidifier et sécuriser les relations transversales entre la DASSNC, les acteurs de terrain et les structures de soins décentralisées (CHN en PNord-DPASS-secteur libéral...)
* Créer des passerelles humaines et techniques en réponse à l'isolement des structures décentrées, œuvrer à l'harmonisation des pratiques de soins et de prévention.
3- Appui et expertise territorial déconcentrée  :
Apporter une expertise technique de proximité en matière de santé et de protection sociale, éclairer les prises de décision des acteurs et partenaires locaux du système de santé.

> Ingénierie de la Veille Sanitaire et Pilotage du Réseau Sentinelle
- Déploiement et animation du réseau sentinelle :
Promouvoir, mobiliser et accompagner les professionnels déclarant dans les dispensaires de la Province Nord et des Îles Loyauté.
Animer le réseau de santé de proximité et suivre l'implantation continue du dispositif sur le terrain.
- Évaluation et optimisation stratégique : Évaluer l'impact, la pertinence et la performance du réseau sentinelle,  reformuler des préconisations d'ajustement stratégique auprès de la direction
- Circuit de collecte et d'alimentation des données :
Dans le cadre de la mise en place de l'Observatoire accompagner les opérateurs dans la formalisation des circuits permettant de garantir la remontée d'informations exhaustives, fiables et réactives en provenance des Provinces Nord et Îles.
- Astreinte et gouvernance interprovinciale :
Stabiliser le dispositif d'astreinte de veille sanitaire en étroite coordination avec les trois Provinces, afin de garantir une capacité d'alerte, une réponse rapide et une continuité de service sur l'ensemble de la Grande Terre et des Îles.
> Santé Publique & Gestion de Crise
- Coordonner les programmes d'intervention ciblés face aux priorités sanitaires du territoire :
Tuberculose : coordination de la stratégie de lutte,  continuité des parcours de soins.
Arboviroses et Zoonoses : Dengue, Leptospirose.
Maladies Tropicales Négligées (MTN) et pathologies communautaires : Lèpre, Gale.
- Coordination opérationnelle en cas de crise sanitaire :
- Articuler l'action sur le terrain entre la DASS-NC, les directions provinciales (DPASS) et le Centre Hospitalier du Nord (CHN).
- Assurer la liaison opérationnelle avec les autorités sanitaires provinciales lors de pic épidémique ou de situation d'urgence sanitaire.
- Gestion de la chaîne des décès : Fluidifier, harmoniser et simplifier la chaîne de traitement administratif et sanitaire liée au suivi des décès sur le territoire Nord.
> Santé Environnementale et Déploiement de l'approche « One Health »
- Portage territorial « One Health » : relayer la stratégie de santé environnementale en synergie avec les acteurs de la santé humaine, animale et environnementale (collectivités, recherche, monde agricole, associations).
- Politique de l'Eau Partagée (PEP) : Appuyer la déclinaison des orientations stratégiques de la PEP au niveau communal et provincial :
- Suivi des enjeux d'assainissement collectif et non collectif pour la préservation de la santé publique.
> Ancrage Territorial, animation de Réseaux 
Représentation et relais de proximité : Servir de référent DASS-NC auprès des communes, des provinces et des structures de soins décentralisée.","- Participation en tant que personne ressource, à des projets ou missions spécifiques de la direction ;
- Participation aux astreintes de la direction ;
- L'agent est amené à se déplacer sur l'ensemble de la Nouvelle-Calédonie.",,"- Connaissance de l'environnement institutionnel et administratif de la Nouvelle Calédonie, Connaissance thématique (santé, sociale et médico-sociale) ;
- Expérience professionnelle afférente au domaine d'intervention ;
- Règles déontologiques et organisations professionnelles.","- Cadrage et sécurisation des procédures ;
- Suivi et instruction de dossier ;
- Concevoir et proposer des solutions innovantes et durables dont l'impact a été mesuré ainsi que les préalables à leur mise en œuvre ; 
- Capacité de synthèse et d'analyse ;
- Disposer d'un bon relationnel, nécessaire au travail en réseau, coordination transverse ;
- Construire et développer une démarche coopérative de projet ;
- Compétences rédactionnelles ;
- Forte capacité d'appréhension des enjeux de la mise en œuvre des politiques publiques et leur évaluation.","- Faire preuve de rigueur, d'objectivité et de sens critique ;
- Savoir travailler dans l'urgence et assurer la conduite de plusieurs dossiers simultanément ;
- Avoir le sens de l'écoute et du dialogue ;
- Savoir travailler en équipe et partager l'information ;
- Bon relationnel.",,,,,,,,la direction des ressources humaines et de la fonction publique de Nouvelle Calédonie,Bureaux 106 et 107 - Section recrutement - DRHFPNC - Centre administratif Jacques Iékawé - 1er étage - 18 avenue Paul Doumer - Centre-ville de Nouméa,B.P M2 - 98849 Nouméa cedex,drhfpnc.recrutement@gouv.nc,,PUBLIE,0,,https://data.gouv.nc/explore/dataset/avis-de-vacances-de-poste-avp-drhfpnc/files/faa17ae5e0c79e51c2631f6cbde1e772/download/
65092,0,Assistant(e) administratif(ve),Agent administratif,M1602-1,26-65092/MPRH,2026-09-25,Nouvelle-Calédonie,adjoint administratif,,,,au moins égale à 10 ans pour le recrutement direct d'un adjoint administratif.,,immédiatement,Direction du budget et des affaires financières,DBAF,,17 avenue Paul Doumer - Nouméa,2026-07-21 19:01:02+11:00,2026-10-16,"La Direction du Budget et des Affaires Financières a pour mission principale la préparation et l'exécution du budget de la Nouvelle-Calédonie (budget annuel d'environ 275 milliards CFP) ainsi que le suivi et le contrôle des établissements publics et des collectivités locales. La Direction, composée de 62 agents, est amenée à évoluer fortement dans les 2-3 années à venir. 

D'une part, la Nouvelle-Calédonie est engagée dans une réforme de la gestion des finances publiques qui imposera de nombreux changements opérationnels et décisionnels.

D'autre part, mais en lien avec cette réforme, la direction a vocation à se professionnaliser sur les métiers financiers pour apporter une véritable valeur ajoutée à la collectivité et ses décideurs en matière de prospective, d'analyse, d'évaluation des décisions financières.

La section SEMO ""Secrétariat et Moyens"" est chargée d'assurer la gestion administrative de la direction, d'apporter son concours à l'ensemble des services dans le cadre de leur fonctionnement administratif. Les missions de la section sont réparties sur 3 domaines d'intervention :
- la gestion administrative
- la gestion des moyens et la logistique
- la gestion des ressources humaines.",Assistant administratif,"Sous l'autorité de la cheffe de section chargé du SEMO ""Secrétariat et Moyens"", l'assistant administratif assure pour l'ensemble de la direction la mise en forme de tous les documents administratifs, des projets d'actes et autres documents (fiche navette, note, lettre...) pour les courriers sortant de la DBAF (respect de la charte graphique en lien avec les procédures du SCAI et du GNC) ainsi que la veille juridique des actes rédigés par la DBAF. 
Il collabore à la mise à jour des procédures et modes opératoires en lien avec ses activités (veille juridique, RH) et suit les dossiers administratifs des agents de la direction en lien avec la cheffe de section, référente RH.
Il réceptionne, enregistre, diffuse, photocopie si nécessaire et classe et/ou archive tous les courriers de la direction. Il assiste également dans l'archivage de la direction.","Le secrétariat :
- assurer pour l'ensemble de la direction la mise en forme des documents administratifs, les projets d'actes et autres documents (fiche navette, note, lettre...) pour les courriers sortant de la DBAF (respect de la charte graphique en lien avec les procédures du SCAI et du GNC) ;
- effectuer uniquement les corrections de mise en forme de tous types de courriers renvoyés à la direction par le SCAI ;
- réceptionner, enregistrer, scanner, diffuser et photocopier si nécessaire tous les courriers de la direction ;
- rédiger les relevés de décisions des réunions de service secrétariat ;
- préparer les dossiers pour les réunions (photocopies) pour toute la direction ;
- mettre à jour les procédures et modes opératoires en lien avec ses activités (veille juridique, RH) ;
- transmission ou récupération des plis au SCAI.

* La veille juridique :
- rendu exécutoire des arrêtés ;
- des délibérations en lien avec le congrès ;
- transmission dématérialisée des actes au contrôle de légalité.

* La RH :
- suivi administratif des dossiers du personnel de la direction (carrière, formation etc...) ;
- suivi de toutes les circulaires DRHFPNC (prestations familiales, PDC, concours, formations etc...).","En cas d'absence, il assure le remplacement de l'assistant administratif à l'accueil chargé de la logistique et des moyens et/ou du 2ème assistant administratif.  Il participe aux autres missions du service en cas de nécessité.",,"- Une bonne connaissance des circuits administratifs ainsi que de l'organisation administrative et institutionnelle de la Nouvelle-Calédonie est demandée ;
- Bonnes connaissances des applications métiers de la collectivité : Gsuite, Gaïac, JIRA, Fast docapost, CICA, Surfi ;
- Maîtrise des outils bureautique Office : word, excel, powerpoint et de Google workspace (docs, sheet) ;
- Maîtrise de la langue française.","- Gérer les priorités et hiérarchiser les demandes 
- Appliquer des procédures","- Sens du service public
- Sens de l'organisation
- Sens des responsabilités
- Rigueur
- Présentation soignée
- Discrétion
- Confidentialité
- Aptitude au travail en équipe
- Bon relationnel
- Réactivité face à l'urgence
- Polyvalence
- Disponibilité
- Ponctualité",,Paméla SIDOËN - Cheffe de section,25 60 83,pamela.sidoen@gouv.nc,,,,la direction des ressources humaines et de la fonction publique de Nouvelle Calédonie,Bureaux 106 et 107 - Section recrutement - DRHFPNC - Centre administratif Jacques Iékawé - 1er étage - 18 avenue Paul Doumer - Centre-ville de Nouméa,B.P M2 - 98849 Nouméa cedex,drhfpnc.recrutement@gouv.nc,,PUBLIE,0,,https://data.gouv.nc/explore/dataset/avis-de-vacances-de-poste-avp-drhfpnc/files/add4e7bc5014a666f0462121e8388edd/download/
65293,0,Chef de section centre de relation usagers,"Chef de projet (étude et développement informatique, maîtrise d'œuvre informatique)",M1805-4,26-65293/MPRH,2026-09-25,Nouvelle-Calédonie,ingénieur,,Informatique,,Ingénieur 2ème grade dans le domaine de l'informatique : au moins égale à 5 ans.,,immédiatement,Direction du numérique et de la modernisation,DINUM,Service assistance numérique et logistique,Nouméa,2026-07-31 21:37:31+11:00,2026-10-16,"La Direction du Numérique et de la Modernisation (DINUM) est chargée de définir et d'assurer la mise en œuvre de la politique de développement numérique du gouvernement de la Nouvelle-Calédonie en articulation avec la stratégie générale de la collectivité, notamment en matière de transformation numérique de l'action publique, de simplification et de modernisation des services rendus grâce au numérique, de pilotage de la performance par le levier du numérique et de développement de l'économie numérique. Elle doit garantir la sécurité et la continuité du service informatique fourni aux utilisateurs et anticiper les changements et leurs impacts métiers sur le système d'information. A ce titre, elle agit en tant que prestataire de services informatiques auprès des directions, des institutions et établissements de la Nouvelle-Calédonie mais aussi en faveur des collectivités provinciales, des services de l'Etat et des communes. Elle vise également à développer des synergies avec les usagers internes, externes, et les entreprises.

Afin de mener à bien ses missions, tout en étant dans une démarche constante de performance et d'innovation tant en termes de solutions que d'organisations dans le cadre de la gestion des projets et des produits, l'organisation fonctionnelle de la DINUM s'appuiera majoritairement sur un fonctionnement en mode produit, structuré autour de pools de ressources transverses mutualisées. En privilégiant la polyvalence des agents, la mutualisation des compétences et la coordination efficace des ressources internes, cette organisation s'inscrit également dans une démarche générale de rationalisation des moyens et de maîtrise des coûts.

La section centre relation usagers est potentiellement appelée à évoluer vers la branche « run » du futur Centre de Services Élargi (CSE), point d'entrée unique de l'ensemble des demandes numériques du Gouvernement. Dans sa configuration cible, cette branche assure le traitement des demandes courantes ( incidents et demandes de service standards ) et porte la démarche qualité (référentiel ITIL), la communication et le reporting associés à l'activité de support. Elle a vocation à faire évoluer le périmètre de son support de premier niveau (N1), aujourd'hui centré sur le poste de travail, vers l'ensemble du système d'information, en intégrant progressivement une fonction de supervision technique transverse (expression des besoins, qualification et tri des alertes). Elle assure aujourd'hui le support des utilisateurs internes et externes des produits et services numériques de la Nouvelle-Calédonie, le suivi et le traitement des déclarations d'incidents liés au poste de travail (N1), ainsi que la communication associée auprès des utilisateurs.",Chef de projet maîtrise d'œuvre,"Placé sous la responsabilité du chef du service, le chef de section centre relation usagers a pour missions de :
- Animer, encadrer et faire monter en compétence les équipes actuelles d'assistance utilisateurs et de hotline
- Piloter et faire évoluer le dispositif de gestion des incidents et des demandes de service standards (processus ITIL Incident Management / Request Fulfillment)
- Élargir le périmètre du N1 au-delà du poste de travail : intégration progressive de la supervision technique (infrastructure, réseau, applicatif) dans le rôle de première ligne.
- Définir et ajuster les règles de tri et de qualification des alertes de supervision (seuils, priorisation, escalade vers N2/N3)
- Exprimer les besoins de supervision auprès des équipes techniques et infogérants concernés
- Contribuer à la démarche qualité ITIL portée par le SANL (indicateurs, SLA, amélioration continue)
- Produire le reporting d'activité du périmètre (volumétrie, délais de traitement, taux de résolution N1, satisfaction utilisateurs)
- Assurer la communication des incidents auprès des usagers 
- Assurer une assistance de proximité auprès des V.I.P afin de répondre à leurs besoins spécifiques","- Organiser des plannings et de la couverture horaire des équipes hotline/assistance
- Suivre des SLA et OLA avec les autres pôles du SANL et les équipes techniques
- Animer des rituels ITIL (revues d'incidents majeurs, post-mortems, comités de pilotage run)
- Interfacer avec les équipes infrastructure/cybersécurité (dont SOC/CERT-NC) pour la remontée d'alertes qualifiées
- Participer à l'outillage du support (ITSM, supervision) en lien avec les équipes techniques 
- Participer à la réalisation des objectifs du service 
- Définir les indicateurs de performance en fonction des objectifs opérationnels définis
- Participer à l'élaboration des normes, des procédures et des recommandations liées à son domaine de compétence
- Participer, en tant que personne ressource, à des projets d'optimisation de l'organisation des activités (process, outils, systèmes d'information...) ou à des missions transverses 
- Identifier les risques et être force de propositions sur les solutions à mettre en œuvre.","- Piloter ou participer, mener à bien un projet/ produit en lien avec les autres services/missions, directions internes ou partenaires de la collectivité
- Participer aux activités de la section
- Accompagner  les agents en contact avec les usagers et faciliter leur appropriation des nouveautés règlementaires, techniques mais aussi aux nouveaux produits et services de la collectivité
- Participer aux actions de communication de l'organisme
- Participer à l'amélioration continue de la relation aux usagers
- Réaliser une veille concernant la gestion de la relation client","- Formation Bac+3 à Bac+5 en informatique / systèmes d'information, ou expérience équivalente
- Expérience managériale significative sur un périmètre support/exploitation
- Sens du service, rigueur dans le suivi des engagements, capacité à arbitrer les priorités en environnement contraint.","- Maitrise des méthodes de gestion de projet 
- Maitrise des outils bureautiques, collaboratifs et décisionnels 
- Maitrise de l'anglais technique 
- Technique de management et de communication 
- Qualités rédactionnelles, relationnelles et sens du reporting 
- Analyse des dysfonctionnements 
- Organisation et planification
- Bonne connaissance du référentiel ITIL (Foundation a minima ; certification appréciée)
- Bonne connaissance des systèmes informatiques et systèmes d'exploitation  
- Connaissance des bases de gestion usagers
- Capacité à faire évoluer un périmètre existant (conduite du changement) plutôt qu'à créer ex nihilo
- Compétences managériales : encadrement d'équipes techniques et de proximité
- Notions de supervision technique (infrastructure, réseau, applicatif) suffisantes pour dialoguer avec les équipes techniques et qualifier les besoins
- Aisance avec les outils ITSM et de reporting","- Expérience souhaitée en pilotage de centre de services / support N1-N2, idéalement dans un contexte multi-sites ou territorial isolé
- Conduire des réunions 
- Piloter ou participer à des projets 
- Reporting et soutien à la démarche performance 
- Mettre en place des modalités de suivi des résultats 
- Conduite du changement et gestion de conflit 
- Rédiger des documents administratifs et techniques 
- Prise de décisions dans son périmètre 
- Gestion et hiérarchisation des urgences et des échéances 
- Manager par objectif et par projets.","- Méthode, rigueur et organisation
- Esprit d'analyse et de synthèse, rendre compte
- Qualités d'accompagnement, d'écoute et de communication
- Prise en compte de la satisfaction usagers
- Gestion du stress et des conflits
- Esprit d'équipe, disponibilité et diplomatie
- Dynamisme, curiosité intellectuelle
- Autonomie, capacité d'adaptation et de réactivité
- Sens de la performance et du service usager
- Esprit d'initiative, d'innovation et de créativité
- Respect des valeurs de la direction
- Respect de la confidentialité des données.",,Estelle MICHAUX,27 58 88,estelle.michaux@gouv.nc,Charles BIONDI,83 91 35,charles.biondi@gouv.nc,la direction des ressources humaines et de la fonction publique de Nouvelle Calédonie,Bureaux 106 et 107 - Section recrutement - DRHFPNC - Centre administratif Jacques Iékawé - 1er étage - 18 avenue Paul Doumer - Centre-ville de Nouméa,B.P M2 - 98849 Nouméa cedex,drhfpnc.recrutement@gouv.nc,,PUBLIE,0,,https://data.gouv.nc/explore/dataset/avis-de-vacances-de-poste-avp-drhfpnc/files/d1f0902bbcffb0b5cfd7e3510a8aa68c/download/
65800,0,Educateur spécialisé en milieu ouvert - STEMOI,"Educateur (de la protection judiciaire de la jeunesse, en milieu ouvert, socioéducatif)",K1207-1,26-65800/MPRH,2026-09-25,Nouvelle-Calédonie,assistant socio-éducatif,,,,"au
moins égale à 5 ans",,immédiatement,Direction de la protection judiciaire de l'enfance et de la jeunesse,DPJEJ,Service éducatif de milieu ouvert et d'insertion,Nouméa,2026-09-04 00:59:54+11:00,2026-10-16,"La direction de la Protection judiciaire de l'enfance et de la jeunesse (DPJEJ), auparavant service rattaché à la direction des Affaires sanitaires et sociales, a été créée en novembre 2016.",Educateur spécialisé,"Sous la responsabilité du chef de service et des chefs de service éducatif du STEMOI, l'éducateur en milieu ouvert intervient auprès de mineurs âgés de 13 à 18 ans dans le cadre d'un mandat judiciaire.
Il assure l'accompagnement socio-éducatif et le suivi des jeunes concernés par des mesures judiciaires, qu'il s'agisse d'assistance éducative (articles 375 et suivants du Code civil) ou de mesures relevant de la protection judiciaire de la jeunesse au titre de l'enfance délinquante (CJPM).","Suivi et accompagnement des mineurs dans le cadre judiciaire (pénal et civil) en milieu ouvert :
- Visites à domicile ;
- Accompagnement des jeunes dans leurs démarches ;
- Rédaction régulière de rapports (cf. référentiel mesures et projet de service) en direction des magistrats pour rendre compte de l'évolution du jeune et/ou des difficultés rencontrées ;
- Présence aux audiences ;
- Travail en équipe pluridisciplinaire (éducateurs, directrice, chef de service éducatif, assistante sociale, psychologue) ;
- Travail en concertation avec les autres services DPJEJ et en partenariat : Éducation Nationale, ASE, APEJ, Casado...;
- Permanence éducative auprès du tribunal (permanence téléphonique, dépôt des rapports et courriers DASS) ;
- Suivi des mineurs détenus en collaboration avec les éducateurs du Quartier Mineurs ;
- Participation à la vie institutionnelle par le biais d'une part des réunions de service hebdomadaire et d'autre part des différents projets en cours de réflexion.",,"- être titulaire du permis de conduire B ;
- possibilité d'adaptation de l'emploi du temps individuel au projet des mineurs pris en charge.","- Être titulaire du diplôme d'État d'éducateur Spécialisé ou de l'Attestation de validation de la formation d'éducation de la protection judiciaire de la jeunesse délivrée par l'école nationale de la protection judiciaire
de la jeunesse ;
- Évaluer et analyser les situations ;
- Élaborer un projet éducatif individualisé dans le respect des personnes, de leur culture et du cadre institutionnel ;
- Conduite d'entretien individuel et familial ;
- Maitrise des écrits à destination des magistrats ;
- Connaissance des textes relatifs à l'enfance en danger et délinquante ;
- Connaissance du référentiel mesures de la PJJ ;
- Expérience professionnelle dans la prise en charge de mineurs en difficultés ;
- Connaissance du milieu socio-culturel et des institutions de la Nouvelle-Calédonie.","- Sens du travail en équipe pluridisciplinaire et en coopération avec les services extérieurs ;
- Savoir prendre de la distance par rapport aux situations complexes.","- Sens du travail en équipe éducative et pluri-professionnelle ;
- Sens de l'écoute ;
- Engagement professionnel dans un projet collectif à construire et sens au quotidien de la responsabilité collective ;
- Empathie ;
- Déontologie ;
- Disponibilité.",,"Marie-Gabrielle TOLIKOLI-MOTUTOA , chef de service",23 20 10,marie-gabrielle.tolikoli-motutoa@gouv.nc,,,,la direction des ressources humaines et de la fonction publique de Nouvelle Calédonie,Bureaux 106 et 107 - Section recrutement - DRHFPNC - Centre administratif Jacques Iékawé - 1er étage - 18 avenue Paul Doumer - Centre-ville de Nouméa,B.P M2 - 98849 Nouméa cedex,drhfpnc.recrutement@gouv.nc,,PUBLIE,0,,https://data.gouv.nc/explore/dataset/avis-de-vacances-de-poste-avp-drhfpnc/files/cc8a23175972dcc90db414676a169476/download/
65918,0,Educateur spécialisé - UEMO Sud/Iles,"Educateur (de la protection judiciaire de la jeunesse, en milieu ouvert, socioéducatif)",K1207-1,26-65918/MPRH,2026-09-25,Nouvelle-Calédonie,assistant socio-éducatif,,,,au moins égale à 5 ans.,,immédiatement,Direction de la protection judiciaire de l'enfance et de la jeunesse,DPJEJ,Service éducatif de milieu ouvert et d'insertion,NOUMEA,2026-09-11 00:10:52+11:00,2026-10-16,"La direction de la protection judiciaire de l'enfance et de la jeunesse (DPJEJ) accueille, protège et accompagne des jeunes au titre de la protection de l'enfance et de l'enfance délinquante.

L'équipe pluridisciplinaire se compose d'éducateurs spécialisés, moniteurs éducateurs, psychologues, infirmiers, veilleurs, ouvriers polyvalents, assistants de service social et chefs de service/chefs de service éducatif. En complément de cette équipe, il est possible de mobiliser certaines ressources de la direction, comme le pool de chargés de mission et les agents supports.

Pour renforcer son équipe, nous recherchons un éducateur spécialisé au sein du Service éducatif de milieu ouvert - SUD/ÎLES.",Educateur spécialisé,"Par son implication dans une relation socio-éducative de proximité inscrite dans la durée, l'éducateur accompagne les mineurs et jeunes majeurs en difficulté dans la mise en œuvre des mesures éducatives ordonnées par les magistrats, dans le cadre de l'enfance délinquante (CJPM) ou de la protection de l'enfance (articles 375 et suivants du Code civil), confiées au STEMOI.","Mission spécifique ou contextuelle :

Mettre en œuvre les mesures éducatives ordonnées par les magistrats dans le cadre de l'enfance délinquante (CJPM) ou de la protection de l'enfance (articles 375 et suivants du Code civil) confiées au STEMOI.

À partir d'une relation de confiance, l'éducateur :
-favorise des mises en situation dans un milieu protégé (l'institution) ;
-aide le mineur à devenir acteur de son projet de vie.

Sur le plan institutionnel, l'éducateur :
-participe à l'évaluation et au diagnostic des situations des mineurs et de leur famille ;
-s'inscrit dans une démarche permanente de recherche et de réflexion sur la pratique éducative (formation continue, lecture, analyse de pratique, etc.) ;
-assure les fonctions de référent de projet ;
-participe aux réunions institutionnelles ;
-rédige les rapports nécessaires aux différents dossiers.",,"-Être titulaire du permis de conduire B ;
-Pouvoir adapter son emploi du temps individuel au projet des mineurs pris en charge ;
-Participer aux permanences éducatives auprès du tribunal (PEAT).","-Être titulaire du diplôme d'État d'éducateur spécialisé et/ou de l'attestation de validation de la formation d'éducateur de la protection judiciaire de la jeunesse, délivrée par l'École nationale de la protection judiciaire de la jeunesse du ministère de la Justice ; 
-Connaître la société néo-calédonienne, ;
-Connaître le réseau partenarial social de la Nouvelle-Calédonie.

Expérience professionnelle souhaitée en Nouvelle-Calédonie dans le domaine suivant :
-Protection judiciaire des mineurs et des différentes mesures éducatives du Code de justice des mineurs (CJPM).","-Esprit d'équipe et aisance relationnelle ;
-Capacité à créer du lien et ouverture d'esprit ;
-Sensibilité aux questions d'interculturalité ;
-Dynamisme et proactivité.","-Engagement professionnel dans un projet collectif à construire et sens quotidien de la responsabilité collective ;
-Respect des échéances ;
-Sens de l'écoute ;
-Empathie ;
-Déontologie ;
-Disponibilité.",,"Marie-Gabrielle TOLIKOLI-MOTUTOA , chef de service STEMOI",23 20 10,marie-gabrielle.tolikoli-motutoa@gouv.nc,,,,la direction des ressources humaines et de la fonction publique de Nouvelle Calédonie,Bureaux 106 et 107 - Section recrutement - DRHFPNC - Centre administratif Jacques Iékawé - 1er étage - 18 avenue Paul Doumer - Centre-ville de Nouméa,B.P M2 - 98849 Nouméa cedex,drhfpnc.recrutement@gouv.nc,,PUBLIE,0,,https://data.gouv.nc/explore/dataset/avis-de-vacances-de-poste-avp-drhfpnc/files/08d836b96db5658e99bb299ee8959b23/download/
65288,0,Contrôleur chargé(e) des recettes et des régies de la collectivité,"Gestionnaire comptable, Technicien comptable",M1203-3,26-65288/MPRH,2026-09-25,Nouvelle-Calédonie,rédacteur,,,,,,immédiatement,Direction du budget et des affaires financières,DBAF,Service de l'exécution budgétaire,Nouméa,2026-07-31 20:35:05+11:00,2026-10-16,"La direction du budget et des affaires financières (DBAF) a pour missions principales la préparation et l'exécution du budget de la Nouvelle-Calédonie (budget annuel d'environ 275 milliards CFP) ainsi que le suivi et le contrôle des établissements publics et des collectivités locales. 

La direction, composée de 63 agents, est amenée à évoluer fortement dans les années à venir. En effet, la Nouvelle-Calédonie est engagée dans une réforme de la gestion des finances publiques qui impose de nombreux changements opérationnels et décisionnels. Pour accompagner ces transformations la direction a vocation à se professionnaliser sur les métiers financiers pour apporter une véritable valeur ajoutée à la collectivité et ses décideurs en matière de prospective, d'analyse, d'évaluation des décisions financières. Le poste est à pourvoir dans ce contexte de réformes d'envergure, de financiarisation renforcée, de modernisation des outils de pilotage et d'exigences accrues de la part des décideurs. Le service de l'exécution budgétaire se trouvant au cœur d'un important projet de dématérialisation de la chaîne comptable, la direction attend des candidats de réelles qualités.

Le service de l'exécution budgétaire est l'un des quatre services de la direction du budget et des affaires financières. Il comprend 29 agents et a pour mission la centralisation des factures de la collectivité et la gestion du centre de services partagés comptable (CSPC),  le contrôle de l'exécution budgétaire du budget de la Nouvelle-Calédonie, le contrôle des dépenses engagées, la gestion comptable du patrimoine de la collectivité et la communication financière, le pilotage et qualité comptable.",Gestionnaire comptable,"Placé sous l'autorité du chef de service adjoint, le contrôleur des recettes de la collectivité a principalement en charge la gestion et le contrôle comptable des recettes et d'avances, la gestion et le contrôle des régies de recettes et d'avances et le visa financier des actes liés aux recettes et aux régies. Il assure des fonctions de contrôle, d'assistance et de conseil auprès des comptables des directions dans son domaine.","Le contrôleur chargé(e) des recettes et des régies de la collectivité a pour activités principales :

- le contrôle des dossiers de liquidation de recettes,
- l'émission des titres de recettes,
- la gestion des P503,
- la gestion et le contrôle des régies,
- le contrôle et le suivi des opérations spécifiques (Contrat de développement Etat-NC-provinces, opérations pour compte de tiers) en lien étroit avec les directions concernées
- le visa financier des actes liés aux recettes et régies,
- l'appui et le soutien aux directions en matière d'exécution des recettes de la collectivité, au travers de réunions de proximité et de supports,
- l'analyse des rejets ordonnateur et payeur et la mise en place d'actions correctives.","- Participer à l'élaboration de la communication financière,
- Participer à l'organisation des clubs comptables,
- Régisseur suppléant des régies des douanes (Nouméa-port et Tontouta-frêt),
- Participer aux opérations de fin d'exercice
- Renforcer au besoin les gestionnaires des autres sections
- Assurer le tutorat des gestionnaires nouveaux","- Etre titulaire du permis B,
- Disponibilité en période de clôture budgétaire qui est une période de forte activité (de novembre à février).","- Formation initiale en comptabilité / gestion,
- Pratique de l'organisation administrative et institutionnelle de la Nouvelle-Calédonie et des circuits administratifs,
- Maîtrise de la réglementation relative à la gestion budgétaire et à la comptabilité publique, notamment l'instruction M52,
- Maîtrise du contrôle de l'exécution d'un budget d'une collectivité,
- Expérience souhaitée dans un service financier ou direction opérationnelle ayant eu des recettes à exécuter.","- Maîtrise des outils bureautiques (Word, Excel, Powerpoint, Gsuite),
- Maîtrise (ou aptitude à acquérir rapidement) de l'utilisation d'application métiers (Astre-GF, Régies.Net),
- Analyser, synthétiser et rendre compte des données,
- Rédiger des procédures et modes opératoires et fiches pratiques
- Animer une réunion","- Rigueur et sens de l'organisation,
- Méthodologie, autonomie,
- Capacité d'écoute,
- Travail en équipe.",,Jessica KONON - Cheffe de service adjointe,25 60 82,jessica.konon@gouv.nc,,,,la direction des ressources humaines et de la fonction publique de Nouvelle Calédonie,Bureaux 106 et 107 - Section recrutement - DRHFPNC - Centre administratif Jacques Iékawé - 1er étage - 18 avenue Paul Doumer - Centre-ville de Nouméa,B.P M2 - 98849 Nouméa cedex,drhfpnc.recrutement@gouv.nc,,PUBLIE,0,,https://data.gouv.nc/explore/dataset/avis-de-vacances-de-poste-avp-drhfpnc/files/7f00ec9185722016c0593f7165cb00c4/download/
65974,0,Technicien support informatique et moyens logistiques,Gestionnaire du parc informatique,M1810-2,26-65974/MPRH,2026-09-25,Nouvelle-Calédonie,technicien adjoint,,Informatique,,Technicien adjoint du domaine informatique : au moins égale à 10 ans.,,immédiatement,"Direction des infrastructures, de la topographie et des transports terrestres",DITTT,"Service des affaires administratives et financières, de l'informatique et de la réglementation",Nouméa,2026-09-16 03:18:00+11:00,2026-10-16,"La direction des infrastructures, de la topographie et des transports terrestres est une direction du gouvernement de la Nouvelle Calédonie traitant, sous l'autorité du secrétariat général, de missions principalement techniques. Composée de 133 agents et organisée autour de 7 services fonctionnels, elle agit sous l'animation et le contrôle de plusieurs membres du gouvernement.
Les politiques publiques qui y sont mises en œuvre concernent les domaines suivants : aménagement, gestion et entretien du réseau routier territorial, balisage maritime, cadastre, cartographie, topographie, éducation et sécurité routière, autorisation de circuler et de conduire, contrôle technique des véhicules, réglementation du transport routier.
Au sein de la DITTT, le service des permis de conduire  assure notamment l'organisation des examens et la délivrance des permis de conduire. Il assure  la gestion des autorisations liées à l'enseignement de la conduite, le traitement des retraits et suspensions des permis de conduire initiés par les forces de l'ordre et enfin, il assure la mise à jour des bases de données relatives aux permis de conduire.
Le bureau de l'éducation et de la sécurité routière du service des permis de conduire a en charge l'organisation des examens de permis de conduire et sa gestion administrative.",Gestionnaire de parc informatique,"Placé(e) sous l'autorité du chef de service, le/la technicien(ne) assure le support informatique de proximité et le suivi des moyens logistiques de la DITTT. Il/Elle accompagne les utilisateurs, assure le maintien en condition opérationnelle des équipements et contribue à la disponibilité des moyens nécessaires au fonctionnement des différents services et sites de la direction, dans le respect des procédures de la DINUM","1. Assurer le support informatique de proximité :
- Installer, configurer et suivre les postes de travail, équipements mobiles, téléphone et logiciels;
- Assister les utilisateurs, diagnostiques les incidents et assurer leur résolution ou leur transmission à la DINUM;
- Gérer les profils, droits d'accès et équipements, dans le respect des règles de sécurité informatique.
2. Maintenir les équipements et accompagner les utilisateurs :
- Assurer la maintenance de premier niveau et le suivi des interventions techniques;
- Accompagner les agents dans l'utilisation des outils et sensibiliser aux bonnes pratiques numériques;
3. Assurer le suivi des interventions et le suivi des demandes.
- Recenser les besoins, organiser la mise à disposition et assurer le suivi des équipements et petits matériels nécessaires aux services;
- Assurer le suivi des contrats, interventions de maintenance, commandes et prestations;
- Veiller au bon fonctionnement des moyens matériels sur les différents sites de la direction.
4. Contribuer à l'amélioration du fonctionnement des services :
- Identifier les dysfonctionnements et proposer des solutions pratiques;
- Elaborer les outils de suivi et tableaux de bord nécessaires à l'activité;
- Participer aux projets d'évolution des équipements, des outils et des conditions de travail.","- Assurer la gestion des accès physiques et des badges des différents sites de la DITTT;
- Contribuer à la mise à jour des outils de communication et du site internet de la DITTT;
- Participer à toute mission ponctuelle relevant des fonctions support de la direction.",,"- Bonne maîtrise de l'environnement informatique et des outils bureautiques;
- Connaissances des postes de travail, réseaux, systèmes d'exploitation et messagerie;
- Sensibilisation aux enjeux de cybersécurité et de protection des données;
- Connaissance des outils de gestion des incidents et demandes informatiques;
- Connaissances en maintenance des équipements et en gestion logistiques seraient appréciées.","- Diagnostiquer et résoudre les incidents de premier niveau;
- Accompagner des utilisateurs aux profils et besoins variés;
- Organiser et suivre des interventions, commandes et prestations;
- Gérer les priorités et intervenir avec réactivité;
- Travailler en coordination avec la DINUM, les prestataires et les différents services de la DITTT;
- Être capable de travailler de manière autonome sur plusieurs sites.","- Sens du service et de la proximité avec les utilisateurs;
- Réactivité et capacité à trouver des solutions;
- Polyvalence et capacité d'adaptation;
- Autonomie et esprit d'initiative;
- Rigueur et méthode;
- Qualités relationnelles et pédagogie;
- Discrétion et respect de la confidentialité;
- Goût du travail en équipe.",,"Sabrina ARGIRIOU, Directrice",28 03 23,sabrina.argiriou@gouv.nc,,,,la direction des ressources humaines et de la fonction publique de Nouvelle Calédonie,Bureaux 106 et 107 - Section recrutement - DRHFPNC - Centre administratif Jacques Iékawé - 1er étage - 18 avenue Paul Doumer - Centre-ville de Nouméa,B.P M2 - 98849 Nouméa cedex,drhfpnc.recrutement@gouv.nc,,PUBLIE,0,,https://data.gouv.nc/explore/dataset/avis-de-vacances-de-poste-avp-drhfpnc/files/5cad1a1ad191f62fa63751e22b214cf5/download/
66133,0,Controleur conformité et KYC - Centre Production Bancaire,,,26-1427,2026-09-25,Office des postes et télécommunications,contrôleur,,,,,2027-01-01 11:00:00+11:00,date,Office des postes et télécommunications,OPT,,,2026-09-23 02:29:44+11:00,2026-10-16,,Inspecteur,,,,,,,,,,,,,,,,,,,,PUBLIE,4,,https://data.gouv.nc/explore/dataset/avis-de-vacances-de-poste-avp-drhfpnc/files/7348264f0e7cba2de983cb3b249984ea/download/
66137,0,Chargé(e) de l'instruction des dispositifs spécifiques,,,26-1431,2026-09-25,Province Sud,rédacteur,,,,,,susceptible d'être vacant,Province Sud,PVS,,,2026-09-23 02:43:37+11:00,2026-10-16,,Inspecteur,,,,,,,,,,,,,,,,,,,,PUBLIE,1,,https://data.gouv.nc/explore/dataset/avis-de-vacances-de-poste-avp-drhfpnc/files/fda78eb99db28186b82f7e2938771cad/download/
66135,0,Chargé(e) d'actions culturelles,,,26-1429,2026-09-25,Province Sud,attaché,Attaché de conservation - conservateur,,,,,immédiatement,Province Sud,PVS,,,2026-09-23 02:39:30+11:00,2026-10-16,,Inspecteur,,,,,,,,,,,,,,,,,,,,PUBLIE,0,,https://data.gouv.nc/explore/dataset/avis-de-vacances-de-poste-avp-drhfpnc/files/c3a50c1c7504f6578d882a9da6c254f4/download/
66156,0,Chirurgien-dentiste Cabinet dentaire Hnawayatch - Maré,,,26-1442,2026-09-25,Province des îles Loyauté,chirurgien dentiste,,,,,,immédiatement,Province des îles Loyauté,PIL,,,2026-09-24 00:52:24+11:00,2026-10-16,,Inspecteur,,,,,,,,,,,,,,,"la direction de l'administration générale de la province des îles Loyauté, service des RH",Hôtel de la province des îles Loyauté à Wé - Lifou,BP 50 - 98820 WE LIFOU,dag-recrutement@loyalty.nc,45.51.30,PUBLIE,0,,https://data.gouv.nc/explore/dataset/avis-de-vacances-de-poste-avp-drhfpnc/files/255169ce77fada577f196c871f7ba700/download/
65954,0,Assistant administratif,Agent administratif,M1602-1,26-65954/MPRH,2026-09-25,Nouvelle-Calédonie,adjoint administratif,,,,Pour le recrutement direct d'un adjoint administratif : au moins égale à 10 ans.,,immédiatement,"Direction du travail, de l'emploi et de la formation professionnelle",DTEFP,"SERVICE DE L'INSPECTION, DES RELATIONS ET CONDITIONS DE TRAVAIL",Koné,2026-09-14 20:33:36+11:00,2026-10-16,"La direction du travail, de l'emploi et de la formation professionnelle a pour mission, sous l'autorité du secrétaire général du gouvernement, de mettre en œuvre les politiques publiques de la collectivité relatives au travail, à l'emploi et à la formation professionnelle. Elle est organisée en 5 services dont le service d'inspection, des relations et conditions de travail.
Ce service est notamment chargé des missions suivantes :
- Informer et conseiller les salariés et les employeurs sur leurs droits et obligations ;
- Contrôler l'effectivité des règles légales et conventionnelles applicables en matière de droit du travail dans tous ses aspects : santé et sécurité, fonctionnement des institutions représentatives du personnel, durée du travail, travail illégal ;
- Promouvoir la prévention de la santé et sécurité au travail ;
- Favoriser le dialogue social dans l'entreprise, et le fonctionnement satisfaisant des relations professionnelles ;
- Animer la négociation collective et d'en suivre la mise en œuvre, prévenir et procéder au règlement amiable des conflits collectifs du travail et promouvoir la conciliation et la pré-médiation.

L'assistant administratif, intégré au sein d'un pool, est essentiel pour assister les agents de contrôle dans leur missions.",Assistant administratif,L'assistant administratif assure la gestion administrative des unités de contrôle au sein d'un pool d'assistant sous l'autorité d'un chef de bureau et du chef de service.,"- Assistance secrétariat des unités de contrôle : accueil, réception et traitement des appels téléphoniques, travaux de bureautique ;
- Saisie des documents sur DRIVE et CICA ;
- Relecture et mise en forme de courriers ;
- Pré rédaction de certains actes et courriers ;
- Correction des décisions (orthographe, conjugaison et grammaire) ;
- Suivi des demandes des usagers sur Démarche Simplifié et GAIAC ;
- Tenue de tableaux de bord et statistiques ;
- Classement et archivage ;
- Renseigne et oriente le public en matière de droit du travail.","- Assurer l'accueil physique et téléphonique de la direction de façon ponctuelle ;
- Assurer l'intérim du chef de bureau du pool assistant dans certaines de ses tâches (Transmission des PV/SA, suivi des dérogations DIMENC)",Le poste est basé au sein de l'unité d'inspection de Koné qui comprend 3 agents dont l'assistant administratif.,"- Maîtrise de l'organisation et des procédures administratives de la collectivité ;
- Maîtrise des outils de bureautique et informatique ;
- Communication écrite et orale.","- Accueillir et prendre en charge le public ;
- Analyser les demandes et leur apporter la réponse appropriée ;
- Rédiger et mettre en forme des notes.","- Sens de l'organisation ;
- Autonomie ;
- Discrétion ;
- Sens du travail en équipe ;
- Rigueur.",,Gundo FOLZ,27 04 74,gundo.folz@gouv.nc,Pierre PERRIER,27 04 68,pierre.perrier@gouv.nc,la direction des ressources humaines et de la fonction publique de Nouvelle Calédonie,Bureaux 106 et 107 - Section recrutement - DRHFPNC - Centre administratif Jacques Iékawé - 1er étage - 18 avenue Paul Doumer - Centre-ville de Nouméa,B.P M2 - 98849 Nouméa cedex,drhfpnc.recrutement@gouv.nc,,PUBLIE,0,,https://data.gouv.nc/explore/dataset/avis-de-vacances-de-poste-avp-drhfpnc/files/bbd56b4226c389a81d9b8891b503e7b7/download/
65634,0,Chargé d'études juridiques,Directeur ou expert juridique,K1903-2,26-65634/MPRH,2026-09-25,Nouvelle-Calédonie,attaché,,,,,,immédiatement,Direction des affaires juridiques,DAJ,Service des etudes de législation et du contentieux,Nouméa (Immeuble Carcopino 3000),2026-08-25 03:06:24+11:00,2026-10-16,"La direction des affaires juridiques (DAJ) est la direction en charge de l'instruction et du suivi des dossiers juridiques, du contentieux, de l'élaboration de la législation et de la réglementation dans toutes les matières relevant de la compétence de la Nouvelle-Calédonie, notamment en matière civile et commerciale ainsi que de la tenue du bureau de l'état civil de droit commun. La DAJ contribue au service public de diffusion et d'accès au droit en Nouvelle-Calédonie via le site www.juridoc.gouv.nc et au respect des conformités requises par la CADA.",Chargé d'études juridiques,,"Sous l'autorité de la cheffe de service d'études, de législation et du contentieux et de son adjointe, le chargé d'études juridiques est chargé des missions suivantes :
- Élaborer ou participer à l'élaboration des réglementations et législations de la Nouvelle-Calédonie ;
- Donner des avis sur les projets de loi, d'ordonnances et de décrets ayant vocation à s'appliquer à la Nouvelle-Calédonie ;
- Réaliser des études juridiques destinées aux services, institutions et organismes de la Nouvelle-Calédonie ;
- Suivre les contentieux impliquant la Nouvelle-Calédonie et la représenter devant les juridictions (à l'exception du contentieux fiscal, du contentieux de la fonction publique et du contentieux en matière de droit du travail) ;
- Participer aux réunions et travaux avec les autres services, organismes et institutions.",Suppléer les chargés d'études juridiques de l'autre section en cas d'absence ou d'empêchement.,,"- Master 2 en droit exigé ;
- Bonne connaissance de l'organisation institutionnelle et administrative de la Nouvelle-Calédonie ;
- Formation supérieure en droit public, notamment en droit administratif et en contentieux administratif.","- Maîtriser les raisonnements, l'analyse et la rédaction juridiques ;
- Rechercher les informations juridiques pertinentes ;
- Tenir compte des besoins exprimés par les services et organismes « clients » ;
- Travailler en partenariat ;
- Une expérience dans un service juridique serait appréciée ;
- Maîtriser les outils bureautiques en ligne.","- Rigueur et sens de l'organisation ;
- Esprit d'initiative ;
- Qualités relationnelles et aptitude au changement ;
- Curiosité intellectuelle et réactualisation des connaissances ;
- Grande disponibilité et esprit d'équipe.",,Julia UREGEI,23 94 23,julia.uregei@gouv.nc,Daria GUIOMARD,23 94 23,daria.guiomard@gouv.nc,la direction des ressources humaines et de la fonction publique de Nouvelle Calédonie,Bureaux 106 et 107 - Section recrutement - DRHFPNC - Centre administratif Jacques Iékawé - 1er étage - 18 avenue Paul Doumer - Centre-ville de Nouméa,B.P M2 - 98849 Nouméa cedex,drhfpnc.recrutement@gouv.nc,,PUBLIE,0,,https://data.gouv.nc/explore/dataset/avis-de-vacances-de-poste-avp-drhfpnc/files/c249fdc34303a9112f1a5267ee4a5ba4/download/
65852,0,Conseiller(e) pédagogique- 6ème circonscription- Résidence administrative  LA FOA,"Coordinateur (de formateurs, de stages de formation professionnelle, pédagogique, de dispositif de formation)",K2102-1,26-65852/MPRH,2026-09-25,Nouvelle-Calédonie,professeur des écoles,instituteur,,,,2027-04-01 11:00:00+11:00,susceptible d'être vacant le,Direction de l'enseignement de la Nouvelle-Calédonie,DENC,6ème circonscription,LA FOA,2026-09-08 22:47:32+11:00,2026-10-16,"La direction de l'enseignement de la Nouvelle-Calédonie est chargée :
- des programmes scolaires de l'école primaire publique, sous réserve de la compétence des provinces pour leur adaptation en fonction des réalités culturelles et linguistiques ;
- de la formation initiale et continue des maîtres de l'enseignement primaire public ;
- du contrôle pédagogique de l'enseignement primaire public, c'est à dire notamment de l'animation, de l'aide et de l'inspection pédagogiques dans les écoles publiques ;
La direction comprend un service des affaires administratives, financières et de la communication, un service pédagogique , une annexe à Koné, 7 circonscriptions. et un service de la prévention du décrochage scolaire. 
La 6ème circonscription est située en Province Sud. Celle-ci exerce sur les communes de Dumbéa,  Paîta, Tontouta, Boulouparis,La Foa, Saraméa, Moindou, Bourail,Thio.",Conseiller pédagogique,"Placé  sous  l'autorité  de  l'inspectrice  de  l'enseignement  primaire  au  sein  de  la  6ème   circonscription, le ou la conseillère pédagogique est titulaire d'un CAFIPEMF (Certificat d'aptitude aux fonctions d'instituteur ou de professeur des écoles maître formateur), et détenteur de compétences avérées dans l'usage des technologies de l'information et de la communication pour l'enseignement (TICE). Il est souhaité qu'il porte un intérêt pour la formation ouverte à distance (FOAD).
Il inscrit son action dans le cadre du projet de service de la DENC et du programme de travail de la circonscription, validé par la directrice de l'enseignement de la Nouvelle-Calédonie.","Former les enseignants dans leurs pratiques professionnelles quotidiennes, en accompagnant en priorité les nouveaux nommés :
- concevoir et organiser des animations pédagogiques ;
- assister les équipes enseignantes dans l'organisation et le fonctionnement des cycles pédagogiques, contribuer à la réalisation et au suivi des projets d'école ;
- favoriser le développement des usages du numérique dans la mise en œuvre des programmes et du socle commun des connaissances et des compétences et promouvoir l'utilisation des nouvelles technologies en favorisant l'émergence de projets pédagogiques intégrant leur utilisation. 

Expertise pédagogique :
- participer à l'élaboration des documents et outils d'accompagnement des nouveaux programmes ;
- participer à la mise en œuvre des projets pédagogiques d'envergure ;
- aider à l'intégration harmonieuse du numérique dans les stratégies d'apprentissage et d'enseignement ;
- participer de manière secondaire à l'élaboration de sujets de concours et à certains jurys.",Activités secondaires : missions  et/ou  affectation ponctuelle sur une autre circonscription  en fonction des besoins de  la direction de l'enseignement.,,"- Titulaire d'un  CAFIPEMF (Certificat d'aptitude aux fonctions d'instituteur ou de professeur des écoles maître formateur) ou vivement souhaité ;
- Parfaite connaissance des programmes scolaires et culture pédagogique actualisée pour les 3 cycles de l'école primaire ;
- Bonne connaissance du système éducatif et de la répartition des compétences de l'enseignement en Nouvelle-Calédonie ;
- Bonne culture générale ;
- Disposer de bonnes connaissances des approches pédagogiques et didactiques ;
- Maîtriser les technologies de l'information et de la communication ;
- Bonne connaissance du numérique et de la formation à distance.","- Assister les équipes d'enseignants ;
- Organiser et mener des sessions de formation initiale et continue ;
- Concevoir des outils pédagogiques.","- Rigueur ;
- Sens de l'organisation ;
- Curiosité intellectuelle ;
- Qualités relationnelles ;
- Esprit d'équipe ;
- Sens de l'écoute ;
- Professionnalisme ;
- Capacité à rendre compte.",,Marie-Hélène WAMO,77 69 64,marie-helene.wamo@gouv.nc,Christelle VARNEY,23 96 05,denc.safco.rh@gouv.nc,la direction des ressources humaines et de la fonction publique de Nouvelle Calédonie,Bureaux 106 et 107 - Section recrutement - DRHFPNC - Centre administratif Jacques Iékawé - 1er étage - 18 avenue Paul Doumer - Centre-ville de Nouméa,B.P M2 - 98849 Nouméa cedex,drhfpnc.recrutement@gouv.nc,,PUBLIE,2,,https://data.gouv.nc/explore/dataset/avis-de-vacances-de-poste-avp-drhfpnc/files/2bb776e49b8ba7acd2b4dc3c62c59372/download/
65836,0,Conseiller(e) pédagogique - IEP 5   -Résidence KOUMAC,"Coordinateur (de formateurs, de stages de formation professionnelle, pédagogique, de dispositif de formation)",K2102-1,26-65836/MPRH,2026-09-25,Nouvelle-Calédonie,professeur des écoles,instituteur,,,,2027-07-01 11:00:00+11:00,susceptible d'être vacant le,Direction de l'enseignement de la Nouvelle-Calédonie,DENC,5ème circonscription,Koumac,2026-09-08 00:57:34+11:00,2026-10-16,"La direction de l'enseignement de la Nouvelle-Calédonie est chargée :
- des programmes scolaires de l'école primaire publique, sous réserve de la compétence des provinces pour leur adaptation en fonction des réalités culturelles et linguistiques ;
- de la formation initiale et continue des maîtres de l'enseignement primaire public ;
- du contrôle pédagogique de l'enseignement primaire public, c'est à dire notamment de l'animation, de l'aide et de l'inspection pédagogiques dans les écoles publiques ;

La direction comprend, une antenne à Koné, un service pédagogique, un service administratif et financier, un service de la prévention du décrochage scolaire et 7 circonscriptions.
La 5ème circonscription est située en Province Nord. Celle-ci exerce sur les communes de Poya, Pouembout, Koné, Voh, Kaala-Gomen,Ouégoa, Koumac,Poum.",Conseiller pédagogique,"Placé  sous  l'autorité  de  l'inspecteur de  l'enseignement  primaire  au  sein  de  la  5ème   circonscription, le ou la conseiller(e) pédagogique est titulaire d'un CAFIPEMF (Certificat d'aptitude aux fonctions d'instituteur ou de professeur des écoles maître formateur), et détenteur de compétences avérées dans l'usage des technologies de l'information et de la communication pour l'enseignement (TICE). Il est souhaité qu'il porte un intérêt pour la formation ouverte à distance (FOAD).

Il inscrit son action dans le cadre du projet de service de la DENC et du programme de travail de la circonscription, validé par la directrice de l'enseignement de la Nouvelle-Calédonie.","Former les enseignants dans leurs pratiques professionnelles quotidiennes, en accompagnant en priorité les nouveaux nommés ;
- Concevoir et organiser des animations pédagogiques ;
- Assister les équipes enseignantes dans l'organisation et le fonctionnement des cycles pédagogiques, contribuer à la réalisation et au suivi des projets d'école ;
- Favoriser le développement des usages du numérique dans la mise en œuvre des programmes et du socle commun des connaissances et des compétences et promouvoir l'utilisation des nouvelles technologies en favorisant l'émergence de projets pédagogiques intégrant leur utilisation. 

Expertise pédagogique:
- Participer à l'élaboration des documents et outils d'accompagnement des nouveaux programmes ;
- Participer à la mise en œuvre des projets pédagogiques d'envergure ;
Caractéristique particulières de l'emploi : Les missions dévolues à l'agent recruté à l'annexe de Koné,  nécessitent des déplacements fréquents sur de longues distances;
- Aider à l'intégration harmonieuse des TICE dans les stratégies d'apprentissage et d'enseignement ;
- Participer de manière secondaire à l'élaboration de sujets de concours et à certains jurys.",Activités secondaires : Activités secondaires : missions  et/ou  affectation ponctuelle sur une autre circonscription  en fonction des besoins de  la direction de l'enseignement.,Caractéristique particulières de l'emploi : Les missions dévolues à l'agent recruté à l'annexe de la 5ème circonscription (Koné) nécessitent des déplacements fréquents sur de longues distances.,"- Titulaire d'un CAFIPEMF (Certificat d'aptitude aux fonctions d'instituteur ou de professeur des écoles maître formateur) ;
- Parfaite connaissance des programmes scolaires et culture pédagogique actualisée pour les 3 cycles de l'école primaire ;
- Bonne connaissance du système éducatif et de la répartition des compétences de l'enseignement en Nouvelle-Calédonie ;
- Bonne culture générale ;
- Disposer de bonnes connaissances des approches pédagogiques et didactiques ;
- Maîtriser les technologies de l'information et de la communication ;
- Bonne connaissance des TICE et de la FOAD.","- Assister les équipes d'enseignants ;
- Organiser et mener des sessions de formation initiale et continue ;
- Concevoir des outils pédagogiques.","- Rigueur ;
- Sens de l'organisation ;
- Curiosité intellectuelle ;
- Qualités relationnelles ;
- Esprit d'équipe ;
- Sens de l'écoute ;
- Professionnalisme ;
- Capacité à rendre compte.",,Gabriel AVILEZ,52 86 79,gabriel.aviles@gouv.nc,Christelle VARNEY,77 62 76,denc.safco.rh@gouv.nc,la direction des ressources humaines et de la fonction publique de Nouvelle Calédonie,Bureaux 106 et 107 - Section recrutement - DRHFPNC - Centre administratif Jacques Iékawé - 1er étage - 18 avenue Paul Doumer - Centre-ville de Nouméa,B.P M2 - 98849 Nouméa cedex,drhfpnc.recrutement@gouv.nc,,PUBLIE,2,,https://data.gouv.nc/explore/dataset/avis-de-vacances-de-poste-avp-drhfpnc/files/2dcd1a4806e6503b576e998bd33fa674/download/
65913,0,Educateur spécialisé en milieu ouvert - STEMOI,"Educateur (de la protection judiciaire de la jeunesse, en milieu ouvert, socioéducatif)",K1207-1,26-65913/MPRH,2026-09-25,Nouvelle-Calédonie,assistant socio-éducatif,,,,"au
moins égale à 5 ans",2026-09-14 11:00:00+11:00,vacant à partir du,Direction de la protection judiciaire de l'enfance et de la jeunesse,DPJEJ,Service éducatif de milieu ouvert et d'insertion,Nouméa,2026-09-10 21:08:18+11:00,2026-10-16,"La direction de la Protection judiciaire de l'enfance et de la jeunesse (DPJEJ), auparavant service rattaché à la direction des Affaires sanitaires et sociales, a été créée en novembre 2016.",Educateur spécialisé,"Sous la responsabilité du chef de service et des chefs de service éducatif du STEMOI, l'éducateur en milieu ouvert intervient auprès de mineurs âgés de 13 à 18 ans dans le cadre d'un mandat judiciaire.

Il assure l'accompagnement socio-éducatif et le suivi des jeunes concernés par des mesures judiciaires, qu'il s'agisse de mesures d'assistance éducative (articles 375 et suivants du Code civil) ou de mesures relevant de la protection judiciaire de la jeunesse au titre de l'enfance délinquante (CJPM).","Suivi et accompagnement des mineurs dans le cadre judiciaire (pénal et civil) en milieu ouvert :
-Visites à domicile ;
-Accompagnement des jeunes dans leurs démarches ;
-Rédaction régulière de rapports (cf. référentiel mesures et projet de service) à destination des magistrats pour rendre compte de l'évolution du jeune et/ou des difficultés rencontrées ;
-Présence aux audiences ;
-Travail en équipe pluridisciplinaire (éducateurs, directrice, chef de service éducatif, assistante sociale, psychologue) ;
-Travail en concertation avec les autres services de la DPJEJ et en partenariat avec l'Éducation nationale, l'ASE, l'APEJ, Casado, etc. ;
-Permanence éducative auprès du tribunal ;
-Suivi des mineurs détenus en collaboration avec les éducateurs du Quartier des mineurs ;
-Participation à la vie institutionnelle, d'une part par les réunions de service hebdomadaires, et d'autre part par les différents projets en cours de réflexion.",,"Être titulaire du permis de conduire B ;
Pouvoir adapter son emploi du temps individuel au projet des mineurs pris en charge.","Être titulaire du diplôme d'État d'éducateur spécialisé ou de l'attestation de validation de la formation d'éducateur de la protection judiciaire de la jeunesse, délivrée par l'École nationale de la protection judiciaire de la jeunesse ;
Évaluer et analyser les situations ;
Élaborer un projet éducatif individualisé dans le respect des personnes, de leur culture et du cadre institutionnel ;
Conduire des entretiens individuels et familiaux ;
Maîtriser les écrits à destination des magistrats ;
Connaître les textes relatifs à l'enfance en danger et à l'enfance délinquante ;
Connaître le référentiel mesures de la PJJ ;
Justifier d'une expérience professionnelle dans la prise en charge de mineurs en difficulté ;
Connaître le milieu socio-culturel et les institutions de la Nouvelle-Calédonie.","Faire preuve du sens du travail en équipe pluridisciplinaire et de coopération avec les services extérieurs ;
Savoir prendre de la distance par rapport aux situations complexes.","Sens du travail en équipe éducative et pluriprofessionnelle ;
Sens de l'écoute ;
Engagement professionnel dans un projet collectif à construire et sens quotidien de la responsabilité collective ;
Empathie ;
Déontologie ;
Disponibilité.",,"Marie-Gabrielle TOLIKOLI-MOTUTOA , chef de service STEMOI",23 20 10,marie-gabrielle.tolikoli-motutoa@gouv.nc,,,,la direction des ressources humaines et de la fonction publique de Nouvelle Calédonie,Bureaux 106 et 107 - Section recrutement - DRHFPNC - Centre administratif Jacques Iékawé - 1er étage - 18 avenue Paul Doumer - Centre-ville de Nouméa,B.P M2 - 98849 Nouméa cedex,drhfpnc.recrutement@gouv.nc,,PUBLIE,3,,https://data.gouv.nc/explore/dataset/avis-de-vacances-de-poste-avp-drhfpnc/files/f7741b94c4a62331ffa394bf2f5c5922/download/
65393,1,Gestionnaire comptable,"Gestionnaire comptable, Technicien comptable",M1203-3,26-65393/MPRH,2026-09-25,Nouvelle-Calédonie,adjoint administratif,,,,,,immédiatement,"Direction des achats, du patrimoine et des moyens",DAPM,"Service du budget, des achats et des marchés",Nouméa - VDT,2026-08-07 20:19:51+11:00,2026-10-16,,Gestionnaire comptable,"Sous la responsabilité du chef du bureau, le gestionnaire comptable assure le traitement comptable des dépenses et des recettes courantes.
Il assure la relation avec les usagers, fournisseurs ou services utilisateurs.","Réceptionner, traiter, vérifier et classer des pièces comptables :

- Réaliser les engagements et le suivi des crédits ;
- Contrôler les factures des services ;
- Apprécier la validité des pièces justificatives ;
- Réaliser les liquidations de dépenses et recettes ;
- Tenir à jour des tableaux de bords ; Identifier un problème sur une opération comptable ;
- Traiter les rejets : Classer, archiver les pièces et documents comptables ou financiers.

Assurer l'accueil téléphonique des fournisseurs : 
 
- Recevoir et orienter les demandes ;
- Répondre aux appels téléphoniques et prendre des messages ;
- Rechercher et diffuser des informations ;
- Hiérarchiser des demandes ou informations selon leur caractère d'urgence ou priorité ;
- Orienter, conseiller les fournisseurs vers l'interlocuteur ou le service compétent ;
- Conseiller les fournisseurs et agents sur les procédures.

Activités secondaires : Participer à la préparation budgétaire.",,,"Savoir :
- Fonctionnement administratif de la collectivité ;
- Comptabilité publique et nomenclature M52 appréciées ;
- Comptabilité privée - Notions de réglementation des marchés publics appréciées ;
- Connaissance des principes de la commande publique appréciée ; 
- Techniques d'analyse financière ; 
- Techniques de réception et d'accueil ;
- Maîtrise des procédures comptables ; 
- Techniques de communication orale et écrite.

Caractéristiques particulières de l'emploi : Fort volume d'interactions avec des interlocuteurs variés (prestataires externes, services opérationels, direction). Charge de travail accrue et pics d'activité durant la période de clôture budgétaire (octobre à décembre).","Savoir-Faire :
- Gérer et hiérarchiser des urgences et des échéances ;
- Avoir une aisance dans le suivi des tableaux de bord et dans la manipulation des chiffres ;
- Maîtriser le logiciel de gestion financière SURFI serait un plus ;
- Maîtriser les outils informatiques et bureautiques ;
- Rédiger des documents administratifs (courriers ou notes) ;
- Expérience (1 an minimum) en qualité de comptable dans les services publics avec la M52 appréciée.","Comportements professionnels :
- Environnement de travail en open-space, nécessitant de travailler en équipe au quotidien ;
- Sens du service public ;
- Bienveillance ;
- Sens de la communication ;
- Sens de l'organisation ; 
- Loyauté ;
- Engagement ;
- Goût du travail en équipe ; 
- Assiduité ; 
- Reporting ; 
- Disponibilité ; 
- Réactivité et adaptabilité ;
- Polyvalence ;
- Respect des procédures en vigueur ;
- Discrétion et strict respect de la confidentialité.",,Olivia TAMIN,29 61 35,olivia.tamin@gouv.nc,,,,la direction des ressources humaines et de la fonction publique de Nouvelle Calédonie,Bureaux 106 et 107 - Section recrutement - DRHFPNC - Centre administratif Jacques Iékawé - 1er étage - 18 avenue Paul Doumer - Centre-ville de Nouméa,B.P M2 - 98849 Nouméa cedex,drhfpnc.recrutement@gouv.nc,,PUBLIE,0,,https://data.gouv.nc/explore/dataset/avis-de-vacances-de-poste-avp-drhfpnc/files/2a1535b290c37db4c3aa8d924b26f5f1/download/
66134,0,Chef de cellule polyvalent guichets et service arrière - Agence Païta,,,26-1428,2026-09-25,Office des postes et télécommunications,contrôleur,,,,,,susceptible d'être vacant,Office des postes et télécommunications,OPT,,,2026-09-23 02:36:26+11:00,2026-10-16,,Inspecteur,,,,,,,,,,,,,,,,,,,,PUBLIE,1,,https://data.gouv.nc/explore/dataset/avis-de-vacances-de-poste-avp-drhfpnc/files/6b2dc3cd633feeafb8a5d76872c595f3/download/
66138,0,Infirmier(e),,,26-1432,2026-09-25,Centre hospitalier du Nord,infirmier en soins généraux,,Infirmiers,,,,immédiatement,Centre hospitalier du Nord,CHN,,,2026-09-23 02:46:46+11:00,2026-10-16,,Inspecteur,,,,,,,,,,,,,,,,,,,,PUBLIE,0,,https://data.gouv.nc/explore/dataset/avis-de-vacances-de-poste-avp-drhfpnc/files/f336bd2de4c1d632920ab5bc38536f8c/download/
66144,0,Sage-femme,,,26-1433,2026-09-25,Centre hospitalier du Nord,sage femme,,,,,2027-01-01 11:00:00+11:00,date,Centre hospitalier du Nord,CHN,,,2026-09-23 20:09:51+11:00,2026-10-16,,Inspecteur,,,,,,,,,,,,,,,,,,,,PUBLIE,4,,https://data.gouv.nc/explore/dataset/avis-de-vacances-de-poste-avp-drhfpnc/files/0c90d4683ec6febed542288a638d0cf7/download/
66159,0,Infirmier(e) puéricultrice en pédiatrie,,,26-1445,2026-09-25,"Centre hospitalier territorial ""Gaston Bourret""",puéricultrice,,Infirmiers,,,,immédiatement,"Centre hospitalier territorial ""Gaston Bourret""",CHT,,,2026-09-24 00:58:13+11:00,2026-10-16,,Inspecteur,,,,,,,,,,,,,,,Direction des Ressources Humaines / Cellule recrutement,Direction des Ressources Humaines - Cellule recrutement - Médipôle Koutio,BP J5-98849 - Nouméa cedex,kelly.miloud@cht.nc,,PUBLIE,0,,https://data.gouv.nc/explore/dataset/avis-de-vacances-de-poste-avp-drhfpnc/files/d4988f0edf9c77d27beb4e1b1236a0d0/download/
66158,0,Directeur des services techniques,,,26-1444,2026-09-25,,ACDP-Grille rémunération 3-Diplôme niveau IV,,,,,,immédiatement,,,,,2026-09-24 00:56:19+11:00,2026-10-16,,Inspecteur,,,,,,,,,,,,,,,,,,,,PUBLIE,0,,https://data.gouv.nc/explore/dataset/avis-de-vacances-de-poste-avp-drhfpnc/files/cc0351138918e9ebe4ec97a9f5bd1061/download/
66160,0,Chargé d'accueil polyvalent,,,26-1446,2026-09-25,,adjoint administratif,,,,,,immédiatement,,,,,2026-09-24 00:59:38+11:00,2026-10-16,,Inspecteur,,,,,,,,,,,,,,,,,,,,PUBLIE,0,,https://data.gouv.nc/explore/dataset/avis-de-vacances-de-poste-avp-drhfpnc/files/5f3ab64c1112376a4241504b4cd7136a/download/
66155,0,3 Médecins au Centre de Chépénéhé - Lifou,,,26-1441,2026-09-25,Province des îles Loyauté,médecin de santé publique,,,,,,immédiatement,Province des îles Loyauté,PIL,,,2026-09-24 00:50:41+11:00,2026-10-16,,Inspecteur,,,,,,,,,,,,,,,"la direction de l'administration générale de la province des îles Loyauté, service des RH",Hôtel de la province des îles Loyauté à Wé - Lifou,BP 50 - 98820 WE LIFOU,dag-recrutement@loyalty.nc,45.51.30,PUBLIE,0,,https://data.gouv.nc/explore/dataset/avis-de-vacances-de-poste-avp-drhfpnc/files/a0c0693527f1c6b372b62e743c9ff058/download/
65784,0,Chef du service administratif et financier,"Responsable administratif, administratif de gestion, administratif et financier",M1205-1,26-65784/MPRH,2026-09-25,Nouvelle-Calédonie,attaché,,,,,,immédiatement,"Direction des affaires vétérinaires, alimentaires et rurales",DAVAR,Service administratif et financier,NOUMEA,2026-09-04 00:23:05+11:00,2026-10-16,"La direction des affaires vétérinaires, alimentaires et rurales de Nouvelle-Calédonie (DAVAR), placée sous l'autorité d'un directeur, est organisée en quatre services techniques et un service administratif et financier. Elle a en charge :
- l'élaboration et la mise en œuvre des réglementations relatives à la santé publique vétérinaire, à la protection des végétaux et à la sécurité sanitaire des aliments,
- la réalisation des analyses officielles de laboratoire dans les domaines des productions animales, végétales et alimentaires,
- la production et la diffusion des statistiques agricoles, la réalisation d'études rurales, l'élaboration et la mise en œuvre des dispositifs réglementaires et/ou financiers d'accompagnement de l'activité agricole,
- la gestion de la ressource en eau du domaine public fluvial de la Nouvelle-Calédonie.
De par ses missions de contrôle et de surveillance, la DAVAR concourt à la préservation du statut sanitaire exceptionnel du patrimoine naturel de la Nouvelle-Calédonie et à la protection de la santé des populations.",Responsable administratif,"Membre à part entière de l'équipe de direction, le chef du service administratif et financier fournit aux services techniques les moyens humains, financiers et matériels nécessaires à leur fonctionnement. À ce titre, il est notamment responsable de l'élaboration du budget et de son exécution. Il encadre l'équipe du service, coordonne les activités relatives à la gestion du personnel ainsi qu'aux moyens logistiques de la direction. Il contribue à la rédaction de la réglementation relevant de la compétence de son service et assiste les services de la DAVAR. Il peut être désigné pour représenter le directeur. Interlocuteur privilégié des directions supports de la Nouvelle-Calédonie, il est en charge d'assurer le pilotage et le suivi de l'activité du service, de conduire les projets visant à optimiser les procédures, simplifier les démarches des agents et de poursuivre le développement d'outils de pilotage.","Responsable de l'animation et de la coordination d'une équipe, ses activités consistent à :
-superviser le travail des deux sections RH et comptabilité ainsi que de la cellule informatique ;
-travailler en transversalité et en soutien des autres services de la DAVAR ;
-élaborer, contrôler la préparation des actes et décisions en matière de gestion du personnel et suivre la carrière des agents ;
-dynamiser et améliorer dans un souci permanent d'efficience le service rendu (outils de pilotage, dématérialisation, bilan d'activité) ;
-concourir et participer aux instances se rapportant à la qualité de la vie au travail et aux instances paritaires ;
-préparer, suivre et exécuter les budgets de la direction ;
-analyser, rédiger et suivre les actes réglementaires et marchés publics ;
-participer au pilotage de la direction au sein du CODIR et apporter une aide à la définition de la politique du secteur concerné ;
-préparer à l'attention de la direction divers documents d'aide à la décision ;
-piloter ou instruire certains dossiers sensibles ;
-maintenir une veille sur les évolutions réglementaires dans les domaines dévolus à son service ;
-représenter la DAVAR aux réunions relatives aux missions et domaines d'activités du SAF.",Suppléer à l'absence des agents de son service.,Permis B.,"-Connaissance du fonctionnement administratif et de l'environnement institutionnel de la Nouvelle-Calédonie ;
-Connaissances théoriques et pratiques de la comptabilité publique ;
-Connaissances juridiques requises ;
-Techniques rédactionnelles et de communication ;
-Connaissance des différents statuts des fonctions publiques ;
-Maîtrise de l'outil informatique.","-Manager, animer et piloter une équipe ;
-Maîtriser la conduite de projets ;
-Anticiper et organiser avec méthode ;
-Gérer le budget : préparer et suivre l'exécution ;
-Gérer les ressources humaines : carrières, formations, recrutement ;
-Gérer les moyens logistiques : suivre le parc de véhicules, l'entretien des bâtiments, recenser et relayer les besoins en matériel et mobilier ;
-Utiliser les techniques et outils de suivi d'activité.","-Capacité d'analyse et de synthèse ;
-Sens de la communication et de l'écoute ;
-Respect de l'autorité et de la hiérarchie ;
-Sens des responsabilités ;
-Autonomie, disponibilité et polyvalence ;
-Rigueur, sérieux et discrétion ;
-Esprit d'initiative, d'organisation et de travail en équipe ;
-Force de proposition.",,Fabien ESCOT,25 51 07,fabien.escot@gouv.nc,,,,la direction des ressources humaines et de la fonction publique de Nouvelle Calédonie,Bureaux 106 et 107 - Section recrutement - DRHFPNC - Centre administratif Jacques Iékawé - 1er étage - 18 avenue Paul Doumer - Centre-ville de Nouméa,B.P M2 - 98849 Nouméa cedex,drhfpnc.recrutement@gouv.nc,,PUBLIE,0,,https://data.gouv.nc/explore/dataset/avis-de-vacances-de-poste-avp-drhfpnc/files/ecf96fdca27d8eabd05d38ac24c7e6a0/download/
65952,0,Responsable section contrôle formation emploi,"Responsable administratif, administratif de gestion, administratif et financier",M1205-1,26-65952/MPRH,2026-09-25,Nouvelle-Calédonie,attaché,,,,,,immédiatement,"Direction du travail, de l'emploi et de la formation professionnelle",DTEFP,SERVICE DE L'EMPLOI ET DE LA FORMATION,Nouméa,2026-09-14 19:12:34+11:00,2026-10-16,"La direction du travail, de l'emploi et de la formation professionnelle (DTEFP) a pour mission, sous l'autorité du secrétaire général du gouvernement, de mettre en œuvre les politiques publiques de la collectivité relatives au travail, à l'emploi, à la formation et à la certification professionnelles. Elle est organisée en 5 services: ""emploi et formation "", ""inspection et relations de travail "", ""affaires juridiques , ""réseau information, insertion, formation et emploi (RIIFE)-observatoire de l'emploi et de la formation "" et ""appui"".
Le service de l'emploi et de la formation a notamment pour missions :
- de gérer, dans une finalité de fluidité du marché du travail, les dispositifs de formation professionnelle ainsi que les mesures de soutien à l'emploi et à l'insertion professionnelle ;
- de contribuer, en lien avec les collectivités provinciales, à l'animation, à la coordination et au suivi du service public de l'emploi ;
- d'assurer, sans préjudice des attributions de l'inspection du travail, le contrôle du respect de la réglementation en matière d'emploi et de formation ;
- de mettre en œuvre la politique de certification professionnelle de la Nouvelle-Calédonie.
Il est composé de quatre sections dont la section ""Contrôle formation emploi"".",Responsable administratif,"Sous l'autorité du chef de service, le chef de section contrôle formation emploi assure l'animation et l'encadrement de l'équipe des agents de contrôle de la formation professionnelle continue (FPC)
En lien avec le chef de service, il participe à la définition de la politique de contrôle de la FPC et gère les moyens humains et budgétaires de la section.
Il assure le pilotage de la performance en suivant les indicateurs fixés et en évaluant les résultats atteints. 
Il assure l'appui technique des agents de contrôle sur les dossiers complexes et veille à la cohérence des pratiques de contrôle.
Il peut réaliser des contrôles auprès des prestataires de formation, employeurs et autres structures intervenant dans le champ de la FPC.
Il organise des audits ou études dans le champ de la FPC.","- Participer à améliorer, simplifier et coordonner l'ensemble des processus de contrôle de la section, dans une recherche constante de performance du service et d'amélioration continue de l'activité de la section ;
- Superviser la tenue et la mise à jour des tableaux de bord de suivi d'activité et de pilotage de la section ;
- Participer à la rédaction du rapport d'activités annuel en lien avec le chef de service ;
- Mobiliser et développer les compétences des agents de la section et former les nouveaux agents ;
- Produire et analyser les données statistiques relatives à la FPC ;
- Préparer et mettre en oeuvre les dispositifs de contrôle et d'audit des dispositifs financés par la Nouvelle-Calédonie.","- Assurer l'information des administrés ;
- Représenter la direction dans toute réunion ou instance ;
- Apporter sa contribution sur tout dossier en lien avec l'activité de contrôle.",Le responsable est dans un open space avec l'ensemble des agents de la section.,"- Droit du travail, droit de la formation professionnelle ;
- Droit du administratif, droit pénal et droit fiscal ;
- Connaissance du contexte économique et des institutions calédoniennes.","- Expérience significative en management ;
- Méthodologie de contrôle et d'audit ;
- Ingénierie de formation ;
- Techniques RH : GPEC, ingénierie des compétences...
- Techniques d'audit ;
- Maîtrise de la comptabilité générale et comptabilité publique ;
- Maîtrise des outils de pilotage d'activité et de gestion d'équipe.","- Rigueur ;
- Capacité relationnelle ;
- Esprit d'équipe ;
- Respect du secret professionnel.",,Jessica ADI,27 24 87,jessica.adi@gouv.nc,,,,la direction des ressources humaines et de la fonction publique de Nouvelle Calédonie,Bureaux 106 et 107 - Section recrutement - DRHFPNC - Centre administratif Jacques Iékawé - 1er étage - 18 avenue Paul Doumer - Centre-ville de Nouméa,B.P M2 - 98849 Nouméa cedex,drhfpnc.recrutement@gouv.nc,,PUBLIE,0,,https://data.gouv.nc/explore/dataset/avis-de-vacances-de-poste-avp-drhfpnc/files/3c278dd8eb9942d64f5a2814f3fe4b7f/download/
65975,0,"Chef du service des affaires administratives, financières et de l'informatique",Responsable financier,M1205-2,26-65975/MPRH,2026-09-25,Nouvelle-Calédonie,attaché,,,,,,immédiatement,"Direction des infrastructures, de la topographie et des transports terrestres",DITTT,"Service des affaires administratives et financières, de l'informatique et de la réglementation",,2026-09-16 03:30:11+11:00,2026-10-16,"La direction des infrastructures, de la topographie et des transports terrestres est une direction du gouvernement de la Nouvelle Calédonie traitant, sous l'autorité du secrétariat général, de missions principalement techniques. Composée de 133 agents et organisée autour de 7 services fonctionnels, elle agit sous l'animation et le contrôle de plusieurs membres du gouvernement.
Les politiques publiques qui y sont mises en œuvre concernent les domaines suivants : aménagement, gestion et entretien du réseau routier territorial, balisage maritime, cadastre, cartographie, topographie, éducation et sécurité routière, autorisation de circuler et de conduire, contrôle technique des véhicules, réglementation du transport routier.
Au sein de la DITTT, le service des permis de conduire  assure notamment l'organisation des examens et la délivrance des permis de conduire. Il assure  la gestion des autorisations liées à l'enseignement de la conduite, le traitement des retraits et suspensions des permis de conduire initiés par les forces de l'ordre et enfin, il assure la mise à jour des bases de données relatives aux permis de conduire.
Le bureau de l'éducation et de la sécurité routière du service des permis de conduire a en charge l'organisation des examens de permis de conduire et sa gestion administrative.",Responsable financier,"Placé(e) sous l'autorité du directeur et de son adjoint, le/la chef du service assure le pilotage et la coordination des fonctions support de la DITTT. Véritable partenaire de la direction et des services opérationnels, il/elle contribue activement à faire évoluer le fonctionnement en recherchant la simplification, la performance et la qualité du service rendu.","Il/Elle est notamment chargé(e) de :
1. Piloter la stratégie administrative et financière de la direction budgétaire et proposer les arbitrages nécessaires;
- Accompagner les services dans la priorisation de leurs besoins et rechercher l'optimisation des moyens.
2. Moderniser et sécuriser les fonctions support;
- Faire évoluer les outils, procédures et moyens logistiques et informatiques pour améliorer l'efficacité des services;
- Veiller à la continuité et à la fiabilité des fonctions support.
3. Moderniser et sécuriser les fonctions support;
- Faire évoluer les outils, procédures et moyens logistiques et informatiques pour améliorer l'efficacité des services;
- Animer et coordonner les trois bureaux du service;
- Donner du sens, fixer les priorités, favoriser l'autonomie et développer la coopération au sein de la direction;
5. Accompagner la direction dans ses décisions et la transformation de la DITTT;
- Apporter une expertise et une capacité d'aide à la décision sur les sujets relevant du service;
- Ancitiper les difficultés, proposer des solutions et contribuer à la mise en œuvre de la feuille de route de la direction.","- Participer au suivi et à la mise en œuvre de la feuille de la route de la direction;
- Participer aux réunions internes et échanges avec les partenaires sociaux;
- Assurer le rôle de référent sécurité de la direction;
- Assurer une veille sur les évolutions réglementaires et organisationnelles.",,"- Solide maîtrise des finances publiques, de la comptabilité publique et des règles de gestion administrative;
- Bonne connaissance du cadre juridique et réglementaire applicable en Nouvelle-Calédonie;
- Maîtrise des règles de la commande publique;
- Bonne compréhension des enjeux liés aux systèmes d'information et à la transformation numérique;
- Connaissance des enjeux liés aux ressources humaines, à la santé et à la sécurité au travail;
- Expérience confirmée en management d'équipes et en conduite de projets transversaux;
- Une expérience dans un environnement technique ou opérationnel constitue un atout.","- Piloter une équipe pluridisciplinaire et crée une dynamique collective;
- Transformer des orientations stratégiques en plans d'actions concerts;
- Conduire des projets transversaux et mobiliser différents acteurs autour d'un objectif commun:
- Analyser une situation complexe, identifier les priorités et proposer des solutions opérationnelles;
- Anticiper les risques, gérer les urgences et sécuriser les échéances;
- Simplifier le processus et rechercher en permanence des gains d'efficacité;
- Communiquer avec des interlocuteurs de niveaux et de métiers différents;","- Leadership et capacité à fédérer;
- Sens du collectif et goût du travail transversal;
- Vision stratégique et capacité à prendre de la hauteur;
- Esprit d'initiative et capacité à décider;
- Réactivité, anticipation et sens des priorités;
- Rigueur et fiabilité;
- Qualités relationnelles et sens de l'écoute;
- Capacité à accompagner le changement;
- Esprit d'analyse, de synthèse et de décision;
- Loyauté, discrétion et sens du service pubilc.",,"Sabrina ARGIRIOU, Directrice",28 03 23,sabrina.argiriou@gouv.nc,,,,la direction des ressources humaines et de la fonction publique de Nouvelle Calédonie,Bureaux 106 et 107 - Section recrutement - DRHFPNC - Centre administratif Jacques Iékawé - 1er étage - 18 avenue Paul Doumer - Centre-ville de Nouméa,B.P M2 - 98849 Nouméa cedex,drhfpnc.recrutement@gouv.nc,,PUBLIE,0,,https://data.gouv.nc/explore/dataset/avis-de-vacances-de-poste-avp-drhfpnc/files/4881376df9577bea99f6f6e82853607a/download/
64585,1,Technicien adjoint,"Technicien (du génie rural, du génie sanitaire et environnement, en agriculture biologique, en alimentation animale)",A1301-4,26-64585/MPRH,2026-09-25,Nouvelle-Calédonie,technicien adjoint,,Economie rurale,,,,immédiatement,"Direction des affaires vétérinaires, alimentaires et rurales",DAVAR,,Nouméa - Bourail - Koné,2026-06-18 03:47:00+11:00,2026-10-16,,Technicien rural,"L'agent fera des enquêtes mensuelles auprès des producteurs de fruits et légumes, sur une zone précise (Bourail ou Koné) afin de récupérer les données de commercialisation, prévisions de récolte et de plantation végétales. Il pourra être amener à réaliser des visites de contrôles également pour prêter main forte aux collègues contrôleurs, dans le cadre des missions réglementaires.","Préparer et réaliser des visites terrain auprès des agriculteurs (prise de rendez-vous, collecte des données selon les protocoles d'enquête)
Réaliser des enquêtes téléphoniques en complément du terrain
Saisir et vérifier les données collectées dans les outils du service
Assurer un contrôle de cohérence et de qualité des données recueillies
Entretenir une relation de confiance avec les professionnels agricoles enquêtés
Participer à la restitution et à la valorisation des données auprès des équipes du service",,,"Connaissance du secteur agricole calédonien (filières fruits et légumes, cycles de production)
Connaissance des techniques d'enquête statistique (méthodes d'échantillonnage, protocoles de collecte)
Maîtrise des outils bureautiques (Excel, Google Sheets) et des bases de données du service
Connaissance du territoire et des zones agricoles de la Grande Terre","Communication facile avec les acteurs du monde agricole
Capacité à conduire un entretien structuré tout en s'adaptant à l'interlocuteur
Rigueur dans la collecte et la saisie des données
Autonomie dans l'organisation des tournées terrain
Capacité à détecter des incohérences ou anomalies dans les données recueillies","Sens du contact et de l'écoute
Rigueur et fiabilité
Autonomie et sens de l'organisation
Disponibilité et souplesse dans l'organisation de son emploi du temps
Discrétion vis-à-vis des informations recueillies auprès des exploitants
Esprit d'équipe et capacité à rendre compte au service
Ponctualité",,Coline Drain-Martin,25 51 35,coline.drain-martin@gouv.nc,Aude Arrighi,25 51 37,aude.arrighi@gouv.nc,la direction des ressources humaines et de la fonction publique de Nouvelle Calédonie,Bureaux 106 et 107 - Section recrutement - DRHFPNC - Centre administratif Jacques Iékawé - 1er étage - 18 avenue Paul Doumer - Centre-ville de Nouméa,B.P M2 - 98849 Nouméa cedex,drhfpnc.recrutement@gouv.nc,,PUBLIE,0,,https://data.gouv.nc/explore/dataset/avis-de-vacances-de-poste-avp-drhfpnc/files/a4af5fd1324951b05d337d179652e58e/download/
65712,0,Conseiller(e) pédagogique- 6ème circonscription- annexe PAITA,"Coordinateur (de formateurs, de stages de formation professionnelle, pédagogique, de dispositif de formation)",K2102-1,26-65712/MPRH,2026-09-25,Nouvelle-Calédonie,professeur des écoles,instituteur,,,,2027-02-01 11:00:00+11:00,vacant à partir du,Direction de l'enseignement de la Nouvelle-Calédonie,DENC,6ème circonscription,PAITA,2026-09-01 02:33:42+11:00,2026-10-16,"La direction de l'enseignement de la Nouvelle-Calédonie est chargée :
- des programmes scolaires de l'école primaire publique, sous réserve de la compétence des provinces pour leur adaptation en fonction des réalités culturelles et linguistiques ;
- de la formation initiale et continue des maîtres de l'enseignement primaire public ;
- du contrôle pédagogique de l'enseignement primaire public, c'est à dire notamment de l'animation, de l'aide et de l'inspection pédagogiques dans les écoles publiques ;
La direction comprend un service des affaires administratives, financières et de la communication, un service pédagogique , une annexe à Koné, 7 circonscriptions. et un service de la prévention du décrochage scolaire. 
La 6ème circonscription est située en Province Sud. Celle-ci exerce sur les communes de Dumbéa,  Paîta, Tontouta, Boulouparis,La Foa, Saraméa, Moindou, Bourail,Thio.",Conseiller pédagogique,"Placé  sous  l'autorité  de  l'inspectrice  de  l'enseignement  primaire  au  sein  de  la  6ème   circonscription, le ou la conseillère pédagogique est titulaire d'un CAFIPEMF (Certificat d'aptitude aux fonctions d'instituteur ou de professeur des écoles maître formateur), et détenteur de compétences avérées dans l'usage des technologies de l'information et de la communication pour l'enseignement (TICE). Il est souhaité qu'il porte un intérêt pour la formation ouverte à distance (FOAD).
Il inscrit son action dans le cadre du projet de service de la DENC et du programme de travail de la circonscription, validé par la directrice de l'enseignement de la Nouvelle-Calédonie.","Former les enseignants dans leurs pratiques professionnelles quotidiennes, en accompagnant en priorité les nouveaux nommés :
- concevoir et organiser des animations pédagogiques ;
- assister les équipes enseignantes dans l'organisation et le fonctionnement des cycles pédagogiques, contribuer à la réalisation et au suivi des projets d'école ;
- favoriser le développement des usages du numérique dans la mise en œuvre des programmes et du socle commun des connaissances et des compétences et promouvoir l'utilisation des nouvelles technologies en favorisant l'émergence de projets pédagogiques intégrant leur utilisation. 

Expertise pédagogique :
- participer à l'élaboration des documents et outils d'accompagnement des nouveaux programmes ;
- participer à la mise en œuvre des projets pédagogiques d'envergure ;
- aider à l'intégration harmonieuse du numérique dans les stratégies d'apprentissage et d'enseignement ;
- participer de manière secondaire à l'élaboration de sujets de concours et à certains jurys.",Activités secondaires : missions  et/ou  affectation ponctuelle sur une autre circonscription  en fonction des besoins de  la direction de l'enseignement.,,"- Titulaire d'un  CAFIPEMF (Certificat d'aptitude aux fonctions d'instituteur ou de professeur des écoles maître formateur) ou vivement souhaité ;
- Parfaite connaissance des programmes scolaires et culture pédagogique actualisée pour les 3 cycles de l'école primaire ;
- Bonne connaissance du système éducatif et de la répartition des compétences de l'enseignement en Nouvelle-Calédonie ;
- Bonne culture générale ;
- Disposer de bonnes connaissances des approches pédagogiques et didactiques ;
- Maîtriser les technologies de l'information et de la communication ;
- Bonne connaissance du numérique et de la formation à distance.","- Assister les équipes d'enseignants ;
- Organiser et mener des sessions de formation initiale et continue ;
- Concevoir des outils pédagogiques.","- Rigueur ;
- Sens de l'organisation ;
- Curiosité intellectuelle ;
- Qualités relationnelles ;
- Esprit d'équipe ;
- Sens de l'écoute ;
- Professionnalisme ;
- Capacité à rendre compte.",,Marie-Hélène WAMO,77 69 64,marie-helene.wamo@gouv.nc,Christelle VARNEY,23 96 05,denc.safco.rh@gouv.nc,la direction des ressources humaines et de la fonction publique de Nouvelle Calédonie,Bureaux 106 et 107 - Section recrutement - DRHFPNC - Centre administratif Jacques Iékawé - 1er étage - 18 avenue Paul Doumer - Centre-ville de Nouméa,B.P M2 - 98849 Nouméa cedex,drhfpnc.recrutement@gouv.nc,,PUBLIE,3,,https://data.gouv.nc/explore/dataset/avis-de-vacances-de-poste-avp-drhfpnc/files/2707bcc20a54f20847f51d17191538fd/download/
61974,0,Enquêteur épidémiologiste,Epidémiologiste,K2402-1,26-61974/MPRH,2026-09-25,Nouvelle-Calédonie,ingénieur,,Statistiques,,au moins égale à 5 ans.,2026-03-02 11:00:00+11:00,vacant à partir du,Direction des affaires sanitaires et sociales,DASS,Service de la santé publique,Nouméa,2026-01-16 20:03:44+11:00,2026-10-16,"La direction des affaires sanitaires et sociales de la Nouvelle-Calédonie est une des directions techniques du gouvernement de la Nouvelle-Calédonie. 
Elle est responsable de la mise en œuvre de la politique de la Nouvelle-Calédonie en matière de santé et de protection sociale. 

Elle comprend un service administration et support et quatre services métiers.

Le service de santé publique est chargé de la connaissance et des études relatives à la situation sanitaire, de la veille et de la surveillance, et de l'amélioration de la santé des calédoniens (prévention).",Epidémiologiste,"Dans le cadre de la création de l'Observatoire de la santé, l'épidémiologiste a pour mission de concevoir et mettre en place des études épidémiologiques (rédaction de protocoles, organisation du recueil de données, analyses statistiques, rédaction de rapports et articles scientifiques), d'animer les programmes de surveillance et d'analyser les données sanitaires pour éclairer les décisions de santé publique. Il/Elle est chargé(e) d'organiser et de participer activement au circuit de traitement de la donnée (recueil de terrain, retour aux dossiers cliniques, codage, saisie informatique, archivage et valorisation des données). Il/Elle participe également aux activités transversales de la direction et urgences sanitaires du service lorsque cela s'avère nécessaire.","- Conduite et suivi des études épidémiologiques : Rédaction des protocoles d'étude, réalisation de synthèses bibliographiques et valorisation des résultats (rédaction de rapports d'étude, notes et articles scientifiques).
- Organisation et gestion du recueil de données : Déploiement du recueil sur le terrain, animation de la collecte, organisation du retour aux dossiers cliniques, codage, saisie informatique, archivage et traitement des données. 
- Surveillance épidémiologique et observation de la santé : Animation des programmes de surveillance (notamment les réseaux sentinelles de Nouvelle-Calédonie), analyse et interprétation des données de santé pour le suivi et la révision de la situation sanitaire du territoire. 
- Veille et alerte sanitaires : Participation à la surveillance sanitaire, à la gestion des alertes et à la réactivité face aux crises émergentes.  
- Participation à la vie du service : Implication dans les autres projets et activités transversales du service de santé publique selon l'actualité sanitaire.","- Assurer des astreintes de santé publique dans le cadre de la veille sanitaire.  
- Prise en charge de dossiers spécifiques de santé publique confiés par la hiérarchie en fonction de l'actualité et des alertes sanitaires.",,"- Diplôme de niveau Bac +5 (Master / Ingénieur) spécialisé en épidémiologie et biostatistique souhaité.  
- Expérience professionnelle au sein d'une structure d'épidémiologie, d'un observatoire de la santé ou de santé publique.  
- Compétences métier : Expérience confirmée dans la conduite, le suivi et la coordination d'études épidémiologiques.  
- Solides connaissances en santé publique et compréhension des enjeux sanitaires spécifiques à la Nouvelle-Calédonie.  
- Langues : Anglais courant.","- Maîtriser les logiciels d'analyse statistique (R) et les outils bureautiques.  
- Maîtriser la méthodologie épidémiologique et le traitement des bases de données.  
- Rédiger des protocoles d'étude, des synthèses bibliographiques, des rapports d'étude et des articles scientifiques.  
- Analyser, interpréter et restituer des données complexes à l'aide des outils adéquats.  
- Animer des programmes de surveillance et des réseaux de professionnels (ex. médecins sentinelles).  
- Conduire et animer des réunions de travail.","- Rigueur scientifique, sens de l'analyse et esprit de synthèse.  
- Autonomie, sens de l'initiative et de l'organisation.  
- Excellente capacité de communication orale et écrite, sens de la pédagogie.  
- Qualités relationnelles et aptitude marquée pour le travail en équipe.  
- Sens de l'écoute, ouverture d'esprit et réactivité.  Respect des règles d'éthique, de déontologie et de confidentialité des données de santé.  
- Capacité d'adaptation aux différents contextes d'intervention (acteurs de terrain, institutions, administration).  
- Sens des responsabilités et du service public.",,MESTRE Marie-Laure,,direction.dass@gouv.nc,BAROUSSE Chantal,24 37 15,chantal.barousse@gouv.nc,la direction des ressources humaines et de la fonction publique de Nouvelle Calédonie,Bureaux 106 et 107 - Section recrutement - DRHFPNC - Centre administratif Jacques Iékawé - 1er étage - 18 avenue Paul Doumer - Centre-ville de Nouméa,B.P M2 - 98849 Nouméa cedex,drhfpnc.recrutement@gouv.nc,,PUBLIE,3,,https://data.gouv.nc/explore/dataset/avis-de-vacances-de-poste-avp-drhfpnc/files/0282d4863598350adb4c9bd886ceb10f/download/
66146,0,Infirmier(e),,,26-1435,2026-09-25,Centre hospitalier du Nord,infirmier en soins généraux,,Infirmiers,,,,immédiatement,Centre hospitalier du Nord,CHN,,,2026-09-23 20:13:52+11:00,2026-10-16,,Inspecteur,,,,,,,,,,,,,,,,,,,,PUBLIE,0,,https://data.gouv.nc/explore/dataset/avis-de-vacances-de-poste-avp-drhfpnc/files/a94235204e2bb386c51717083062c582/download/
66152,0,Infirmier(e) en pédopsychiatrie (CATTP petits),,,26-1438,2026-09-25,"Centre hospitalier spécialisé ""Albert Bousquet""",infirmier en soins généraux,,Infirmiers,,,,immédiatement,"Centre hospitalier spécialisé ""Albert Bousquet""",CHS,,,2026-09-23 22:12:25+11:00,2026-10-16,,Inspecteur,,,,,,,,,,,,,,,,,,,,PUBLIE,0,,https://data.gouv.nc/explore/dataset/avis-de-vacances-de-poste-avp-drhfpnc/files/ab0819a2bf96c7e8e87195f04e5e23b6/download/
66153,0,Infirmier(e) en pédopsychiatrie (CATTP Grands),,,26-1439,2026-09-25,"Centre hospitalier spécialisé ""Albert Bousquet""",infirmier en soins généraux,,Infirmiers,,,,immédiatement,"Centre hospitalier spécialisé ""Albert Bousquet""",CHS,,,2026-09-24 00:43:34+11:00,2026-10-16,,Inspecteur,,,,,,,,,,,,,,,,,,,,PUBLIE,0,,https://data.gouv.nc/explore/dataset/avis-de-vacances-de-poste-avp-drhfpnc/files/4585114b992106e723c365872db44166/download/
66149,0,Chef du service des séances et commissions,,,26-1436,2026-09-25,Congrès de la Nouvelle-Calédonie,attaché,,,,,,autre,Congrès de la Nouvelle-Calédonie,CNC,,,2026-09-23 20:38:49+11:00,2026-10-16,,Inspecteur,,,,,,,,,,,,,,,,,,,,PUBLIE,5,Réorganisation interne,https://data.gouv.nc/explore/dataset/avis-de-vacances-de-poste-avp-drhfpnc/files/4cadc4750fa242797aa443e36cd6b000/download/
66136,0,Gestionnaire RH polyvalent,,,26-1430,2026-09-25,Province Sud,rédacteur,,,,,2026-12-06 11:00:00+11:00,date,Province Sud,PVS,,,2026-09-23 02:42:36+11:00,2026-10-16,,Inspecteur,,,,,,,,,,,,,,,,,,,,PUBLIE,4,,https://data.gouv.nc/explore/dataset/avis-de-vacances-de-poste-avp-drhfpnc/files/9c17fff34cbb48fce42ccf430fa878b6/download/
66150,0,Secrétaire Général,,,26-1437,2026-09-25,,emploi fonctionnel,,,,,2026-11-04 11:00:00+11:00,date,,,,,2026-09-23 21:02:01+11:00,2026-10-16,,Inspecteur,,,,,,,,,,,,,,,,,,,,PUBLIE,4,,https://data.gouv.nc/explore/dataset/avis-de-vacances-de-poste-avp-drhfpnc/files/3b4377f136f3a16b9cc1ab29e73c5723/download/
66157,0,Orthophoniste CMS Ouvéa,,,26-1443,2026-09-25,Province des îles Loyauté,orthophoniste,,Rééducation,,,,immédiatement,Province des îles Loyauté,PIL,,,2026-09-24 00:54:08+11:00,2026-10-16,,Inspecteur,,,,,,,,,,,,,,,"la direction de l'administration générale de la province des îles Loyauté, service des RH",Hôtel de la province des îles Loyauté à Wé - Lifou,BP 50 - 98820 WE LIFOU,dag-recrutement@loyalty.nc,45.51.30,PUBLIE,0,,https://data.gouv.nc/explore/dataset/avis-de-vacances-de-poste-avp-drhfpnc/files/57a74030cbd67f25e6ee4bc843159cd2/download/
66092,0,Chargé(e) de mission,"Responsable administratif, administratif de gestion, administratif et financier",M1205-1,26-66092/MPRH,2026-09-25,Conseil des aires coutumières,rédacteur,,,,,,immédiatement,Conseil coutumier Nengone,,,,2026-09-19 00:53:01+11:00,2026-10-16,,Responsable administratif,"Le ou la chargé(e) de mission assiste le président, le secrétaire général ainsi que les membres du conseil coutumier dans la mise en œuvre des compétences attribuées au conseil coutumier par la loi organique modifiée n° 99-209 du 19 mars 1999.","- Rédiger des notes et des rapports sur les sujets et missions confiées par sa hiérarchie ;
- Gérer le registre des autorités coutumières ;
- Travailler en étroite collaboration avec les autorités coutumières en participant aux réunions des districts ;
- Gérer le patrimoine immobilier et mobilier et assurer la logistique des déplacements des membres de l'aire ;
- Collecter le patrimoine culturel kanak de l'aire coutumière ;
- Actualiser les bases de données et veille règlementaire ;
- Gérer le tableau de suivi des incidences de fonctionnement.",,Horaires irréguliers en fonction des obligations du service.,"- Connaissance de la culture kanak ;
- Connaissance générale des institutions de la Nouvelle-Calédonie ;
- Connaissance des institutions coutumières et en particulier des chefferies et de l'organisation coutumière dans l'aire coutumière Nengone ;,
- Connaissance du fonctionnement et des procédures administratives ;
- Maîtrise d'une langue vernaculaire souhaitée (Nengone) ;
- Permis B.","- Rédiger des notes ;
- Utiliser les outils informatique.","- Sens de la communication ;
- Esprit d'initiative, esprit d'équipe ;
- Dynamisme ;
- Méthode et rigueur ;
- Intégrité ;
- Sens élevé des responsabilités et du service public.",,Madeleine CAWA,77 50 67,madeleine.cawa@gouv.nc,,,,la direction des ressources humaines et de la fonction publique de Nouvelle Calédonie,Bureaux 106 et 107 - Section recrutement - DRHFPNC - Centre administratif Jacques Iékawé - 1er étage - 18 avenue Paul Doumer - Centre-ville de Nouméa,B.P M2 - 98849 Nouméa cedex,drhfpnc.recrutement@gouv.nc,,PUBLIE,0,,https://data.gouv.nc/explore/dataset/avis-de-vacances-de-poste-avp-drhfpnc/files/2a3986f862f01da26dd666417af2f37e/download/
65912,0,Coordonnateur du plan stratégique de la pratique sportive en Nouvelle-Calédonie,"Responsable administratif, administratif de gestion, administratif et financier",M1205-1,26-65912/MPRH,2026-09-25,Nouvelle-Calédonie,attaché,conseiller des APS,,,,2026-11-01 11:00:00+11:00,vacant à partir du,Direction de la jeunesse et des sports,DJS,Service des sports,Nouméa,2026-09-10 20:35:54+11:00,2026-10-16,"La Nouvelle-Calédonie s'appuie sur la Direction de la Jeunesse et des Sports (DJS) pour mettre en œuvre ses compétences en matière de réglementation des activités sportives et socio-éducatives, de création et de gestion d'infrastructures, et d'organisation de manifestations sportives et culturelles concernant l'institution.

La DJS est placée sous l'autorité d'un directeur, assisté de chefs de service. Elle est organisée en trois services :
- le service des sports,
- le service de la jeunesse,
- le service de l'administration générale.",Responsable administratif,"L'agent est placé sous l'autorité du chef de service des sports et sera chargé du suivi et de l'évaluation du plan stratégique de la pratique sportive de la Nouvelle-Calédonie. Ainsi, la mission consiste à suivre et à mesurer le déploiement des actions inscrites dans le plan sport selon ses 4 axes stratégiques (gouvernance, développement social et santé, développement territorial, accès au haut niveau) et de structurer la gouvernance des politiques sportives.","L'agent assistera le chef du service des sports et sera notamment chargé de définir les actions relatives aux leviers opérationnels du plan stratégique concerté en faveur du sport en Nouvelle-Calédonie, et d'en évaluer le déploiement.

Cela concerne notamment les actions suivantes :
Renforcer le pilotage et la gouvernance de la politique sportive à l'échelle de la NC :
- Élaborer le plan d'action pour le suivi et la mise en œuvre des instances de concertation, notamment le positionnement du Haut Conseil du Sport Calédonien (HCSC),  
- Recenser les dispositifs et équipements sportifs locaux / provinciaux, territoriaux, nationaux et internationaux, 
- Assurer le suivi administratif du Haut Conseil du Sport Calédonien, l'organisation des commissions ad hoc et de son secrétariat.
- Participer à la mise en œuvre et à la déclinaison des axes stratégiques du plan sport NC,  
- Participer à la rédaction des rapports, bilans et documents issus des travaux sur la politique sportive,  
- Communiquer auprès de tous les acteurs du mouvement sportif, des ligues, fédérations et collectivités sur les orientations du plan sport,  
- Communiquer avec des outils adaptés auprès de l'ensemble des pratiquants et usagers, 
- Participer à l'élaboration de la démarche d'évaluation du plan stratégique de la pratique sportive de la NC,
- Concevoir un outil statistique et d'aide à la décision concernant la pratique sportive et les infrastructures,  
- Travailler avec les chercheurs universitaires, le secteur médical (plan Do Kamo) et les experts du sport pour accompagner la mise en place des politiques publiques sportives et de santé.  
- Identifier et créer un réseau d'acteurs sur l'ensemble du territoire (provinces, communes, associations) pour apporter de la plus-value aux instances sportives, 
-  Créer et organiser un réseau d'acteurs  dans le Pacifique (Conseil des jeux, fédérations océaniennes, Instituts des sports... )
- Recenser les dispositifs de financement (publics, privés, fonds régionaux/internationaux) dédiés au sport et proposer des partenariats pour optimiser les ressources.","Valoriser les initiatives et les pratiques sportives pour mettre en lumière le vivre-ensemble et l'excellence
- Identifier et rencontrer les ligues, clubs et acteurs locaux afin d'inclure les dirigeants et éducateurs bénévoles dans le réseau territorial,
- Renforcer les espaces d'échanges autour du sport-santé, du sport pour tous et de l'intégration sociale,
- Accompagner la structuration des dispositifs d'accès au haut niveau et de suivi de la performance des athlètes calédoniens.","- Ponctualité,
- Déplacements et missions avec des horaires atypiques.","- Compétences professionnelles dans les principaux domaines d'intervention de la direction (sport, activités physiques, politiques publiques),
- Avoir une bonne connaissance des circuits administratifs et des procédures internes à la direction et la collectivité,
- Maîtrise des principes de base du fonctionnement des collectivités locales et du mouvement sportif calédonien,
- Bonne connaissance du management de projets et des méthodologies d'évaluation des politiques publiques,
- Avoir une bonne connaissance des institutions publiques, éducationnelles et médicales en Nouvelle-Calédonie,
- Maîtriser les outils bureautiques et informatiques : Word, Excel, Gsuite, logiciels statistiques et cartographiques,
- Posséder des notions juridiques (réglementation sportive, agréments, dopage) et de comptabilité publique.","- Innover, impulser, animer, piloter, évaluer et contrôler,
- Conduire des diagnostics et évaluations de politiques publiques, 
- Traduire les orientations politiques en plans d'action ou projets stratégiques, 
- Concevoir une organisation et arbitrer les grands équilibres de moyens, 
- Sens des relations humaines,
- Travail en équipe,
- Sens de l'anticipation et méthode d'organisation,
- Maîtriser les logiciels et applicatifs suivants: CICA, Actes Manager, Jira, Surfi.","- Sens de l'écoute et de la pédagogie,
- Curieux,
- Dynamisme et réactivité (force de proposition, sens de l'initiative et encadrement actif),
- Rigueur et autonomie,
- Esprit d'équipe
- Sens du travail en équipe et bon relationnel,
- Disponibilité,
- Loyauté,
- Sens du reporting,
- Aisance orale et écrite.",,"Marc HMAZUN, Chef du serive des sports",25 07 40,djsnc@gouv.nc,,,,la direction des ressources humaines et de la fonction publique de Nouvelle Calédonie,Bureaux 106 et 107 - Section recrutement - DRHFPNC - Centre administratif Jacques Iékawé - 1er étage - 18 avenue Paul Doumer - Centre-ville de Nouméa,B.P M2 - 98849 Nouméa cedex,drhfpnc.recrutement@gouv.nc,,PUBLIE,3,,https://data.gouv.nc/explore/dataset/avis-de-vacances-de-poste-avp-drhfpnc/files/dacd046f98fbb9009ea993ad0c493da8/download/
66032,0,Educateur spécialisé à Hienghène,,,26-1420,2026-09-18,Province Nord,assistant socio-éducatif,,,,,,immédiatement,Province Nord,PVN,,,2026-09-16 22:28:27+11:00,2026-10-30,,Inspecteur,,,,,,,,La date de clôture initialement prévue le 09/10/2026 a été reportée.,,,,,,,,,,,,PUBLIE,0,,https://data.gouv.nc/explore/dataset/avis-de-vacances-de-poste-avp-drhfpnc/files/19483684dc617867a0642d60c2adc604/download/
65812,0,Responsable du bureau de la performance du système de protection sociale,"Responsable administratif, administratif de gestion, administratif et financier",M1205-1,26-65812/MPRH,2026-09-18,Nouvelle-Calédonie,attaché,,,,,2027-01-04 11:00:00+11:00,vacant à partir du,Direction des affaires sanitaires et sociales,DASS,Service de la protection sociale,NOUMEA,2026-09-04 20:57:57+11:00,2026-10-30,"La direction des affaires sanitaires et sociales de la Nouvelle-Calédonie est une direction technique essentielle du gouvernement. Elle est chargée de concevoir, de planifier et de mettre en œuvre la politique publique de la Nouvelle-Calédonie dans les domaines fondamentaux de la santé publique et de la protection sociale. 
Pour accomplir ses missions, la DASS s'appuie sur :
- Un service « administration et support » (ressources humaines, budget, moyens généraux) ;
- Quatre services « métiers » spécialisés, dont le Service de la Protection Sociale (SPS).

Le service de la protection sociale assure un rôle stratégique et opérationnel de premier plan. Il est chargé de :
- Concevoir et mettre en œuvre les politiques de protection sociale du territoire ;
- Veiller à la performance globale et à la viabilité financière du système de protection sociale ;
- Organiser, réguler et contrôler l'offre de soins ainsi que l'offre sociale et médico-sociale ;
- Assurer le secrétariat d'instances clés, notamment le Conseil du Handicap et de la Dépendance (CHD) et la Commission Médicale des Permis de Conduire (CMPC).",Responsable administratif,"Placé(e) sous l'autorité directe du chef du service de la protection sociale, l'agent a pour missions principales d'organiser, de gérer, d'animer et de piloter le bureau.
Le poste s'inscrit dans un contexte de réforme structurelle majeure du modèle calédonien de protection sociale. En tant que responsable, vous piloterez des travaux d'analyse et de modélisation stratégique qui nourriront directement les orientations politiques du gouvernement. Votre objectif principal sera d'éclairer les décisions publiques afin d'encadrer, d'optimiser et de maîtriser l'évolution des dépenses des différents régimes sociaux, dans une constante perspective d'efficience et de pérennité du système.","En tant que responsable de bureau, vous aurez pour missions d'organiser, de gérer, d'animer et de piloter l'activité globale de votre équipe. Vos activités opérationnelles s'articuleront autour de cinq axes majeurs :

1- Pilotage des relations financières inter-institutionnelles
Assurer le suivi et la coordination des relations financières entre la Nouvelle-Calédonie, l'Agence Sanitaire et Sociale (ASS), les organismes de protection sociale (notamment la CAFAT) et les établissements de santé, médico-sociaux,

2- Suivi de la trésorerie et pilotage budgétaire
Assurer le suivi rigoureux de la trésorerie et la trajectoire financière des comptes sociaux du territoire,

3- Tutelle administrative, financière et technique
Exercer la tutelle et le contrôle des organismes de protection sociale et assurer la tutelle financière des établissements hospitaliers du territoire,

4- Régulation et politique tarifaire
Participer à la définition et à l'application de la politique tarifaire des établissements sanitaires et sociaux, ainsi qu'à celle encadrant les professionnels de santé et les fournisseurs de biens, de prestations et de matériels médicaux,

5- Animation et représentation institutionnelle
Préparer et participer activement aux différentes instances de gouvernance et commissions techniques relevant des compétences du bureau.",,,"- Formation supérieure en comptabilité, finances publiques, contrôle de gestion ou gestion de la protection sociale ;
- Expérience professionnelle dans le secteur de la protection sociale et/ou de la gestion hospitalière/sanitaire/médico-sociale ;
- Très bonne connaissance des institutions de la Nouvelle-Calédonie et de son organisation administrative ;
- Excellente compréhension de l'organisation et du fonctionnement des structures de santé et de protection sociale ;
- Maîtrise approfondie de la réglementation budgétaire, comptable et financière publique et sociale ;
- Connaissance des partenaires institutionnels (CAFAT, mutuelles, complémentaires) et fine appréhension des enjeux socio-économiques du territoire.","- Analyse et aide à la décision ;
- Pilotage de la performance ;
- Gestion de projet ;
- Compétences rédactionnelles ;
- Management et animation.","- Rigueur et objectivité ;
- Aisance relationnelle ;
- Esprit d'équipe et transversalité ;
- Disponibilité et réactivité.",Modification de la date de clôture initialement prévue le 09/10/2026,MESTRE Marie-Laure,24 37 00,direction.dass@gouv.nc,FRAYSSINET Vanessa,,rh.dass@gouv.nc,la direction des ressources humaines et de la fonction publique de Nouvelle Calédonie,Bureaux 106 et 107 - Section recrutement - DRHFPNC - Centre administratif Jacques Iékawé - 1er étage - 18 avenue Paul Doumer - Centre-ville de Nouméa,B.P M2 - 98849 Nouméa cedex,drhfpnc.recrutement@gouv.nc,,PUBLIE,3,,https://data.gouv.nc/explore/dataset/avis-de-vacances-de-poste-avp-drhfpnc/files/3aff9dfced45f8d02b7d53a6dbddca7f/download/
66037,0,Adjoint au chef du service des affaires budgétaires et responsable du bureau de la préparation budgétaire et du patrimoine,,,26-1398,2026-09-18,Province Sud,attaché,,,,,,immédiatement,Province Sud,PVS,,,2026-09-16 23:44:12+11:00,2026-11-06,,Inspecteur,,,,,,,,La date de clôture initialement prévue le 09/10/2026 a été reportée.,,,,,,,,,,,,PUBLIE,0,,https://data.gouv.nc/explore/dataset/avis-de-vacances-de-poste-avp-drhfpnc/files/64dc1a2ce8875409c680d199d3da14e4/download/
66026,0,Chef de projets,,,26-1425,2026-09-18,Province Nord,ingénieur,,Informatique,,,,immédiatement,Province Nord,PVN,,,2026-09-16 22:18:19+11:00,2026-10-30,,Inspecteur,,,,,,,,La date de clôture initialement prévue le 09/10/2026 a été reportée.,,,,,,,,,,,,PUBLIE,0,,https://data.gouv.nc/explore/dataset/avis-de-vacances-de-poste-avp-drhfpnc/files/8ac3833b3e6f74d1994b7cea14a994b7/download/
66029,0,Psychologue scolaire - secteur de Canala,,,26-1423,2026-09-18,Province Nord,psychologue,,médico-sociale et travail,,,,immédiatement,Province Nord,PVN,,,2026-09-16 22:21:20+11:00,2026-10-30,,Inspecteur,,,,,,,,La date de clôture initialement prévue le 09/10/2026 a été reportée.,,,,,,,,,,,,PUBLIE,0,,https://data.gouv.nc/explore/dataset/avis-de-vacances-de-poste-avp-drhfpnc/files/4f3d0b765f92ae458ae361c1f0eb4ad6/download/
65752,0,Chef du service de la protection sociale,"Responsable administratif, administratif de gestion, administratif et financier",M1205-1,25-65752/MPRH,2026-09-18,Nouvelle-Calédonie,attaché,,,,,,immédiatement,Direction des affaires sanitaires et sociales,DASS,Service de la protection sociale,Nouméa,2026-09-03 19:58:47+11:00,2026-10-30,"La direction des affaires sanitaires et sociales (DASS) de la Nouvelle-Calédonie est responsable de la mise en œuvre de la politique du territoire en matière de santé et de protection sociale, et assure par ailleurs le service public du handicap et de la dépendance. Elle est placée sous l'autorité d'un directeur, assisté d'un directeur adjoint qui le supplée en cas d'absence. Elle s'organise autour de cinq services : administration et support, offre et qualité des soins, santé publique, protection sociale, handicap et dépendance.

La direction couvre ainsi un champ très large, qui va de la régulation de l'offre de soins et de la santé publique -- dont relève notamment la veille épidémiologique -- au financement et à la performance du système de protection sociale, jusqu'à l'accompagnement social des personnes en situation de handicap ou de dépendance.

Le service de la protection sociale est chargé de la conception et de la mise en œuvre des politiques de protection sociale, de la performance du système de protection sociale, de la régulation et du contrôle de l'offre sociale et médico-sociale.
Il assure également le secrétariat du conseil du handicap et de la dépendance et de la commission médicale des permis de conduire.",Responsable administratif,"Sous l'autorité du directeur et du directeur adjoint, le chef de service de la protection sociale encadre l'ensemble des agents intervenant dans les domaines suivants :
- l'inspection et le contrôle du respect de la réglementation sociale et médico-sociale ;
- la planification et l'organisation de l'offre sociale et médico-sociale ;
- le suivi du fonctionnement et de l'activité des établissements sociaux et médico-sociaux, en lien avec les établissements de santé et les provinces ;
- la gestion des financements alloués aux établissements et services sanitaires, sociaux et médico-sociaux relevant de la compétence de la Nouvelle-Calédonie, ainsi que le suivi des comptes sociaux ;
- la gestion de diverses commissions médico-administratives réglementaires (conseil du handicap et de la dépendance, commission médicale des permis de conduire).","Le chef de service a en charge la mise en œuvre de la politique en matière de protection sociale. A ce titre, il propose des mesures dont il instruit et évalue la faisabilité et la pertinence, contribue à l'élaboration des textes juridiques et veille à leurs conditions de mise en œuvre et leurs effets. 
Le chef de service a en charge plus particulièrement: 
- le pilotage du service ;
-l'organisation des missions d'inspection- contrôle, (proposition de la stratégie inspection-contrôle du service en lien avec les autres services de la DASS, organisation et le pilotage de missions sur la base de référentiels, rédaction de rapports de synthèse);
- l'animation ou la participation à la tutelle des organismes de protection sociale, des établissements et services sanitaires, sociaux et médico-sociaux relevant de la compétence de la Nouvelle-Calédonie notamment ;
- Les travaux relatifs aux dépenses de protection sociale ;
- l'animation de l'élaboration de la réglementation et du suivi des actions entrant dans le champ de compétences du service ;
- l'organisation de l'évaluation des  politiques publiques entrant dans le champs du service","- Participer aux commissions médico-administratives suivies par le service ;
- Participer aux astreintes ;
- Participer aux inspections, contrôles et évaluations ;
- Participer aux missions transversales confiées par le directeur.",,"- Connaissance de l'environnement institutionnel et administratif de la Nouvelle-Calédonie ;
- Connaissances budgétaires et financières et  sanitaires et sociale (maîtrise) ;
- Connaissances juridiques des systèmes d'aides sociales et de sécurité sociale ;
- expérience en méthodologie de projet ;
- grande capacité de travail, esprit d'analyse et de synthèse ;
- aptitude au management ;
- connaissance confirmée de l'organisation du domaine sanitaire et social, idéalement du contexte calédonien ou d'un territoire ultramarin/insulaire.","-  Animation d'équipe et aptitude au management ;
- Capacité de synthèse et d'analyse ;
- Disposer d'un bon relationnel nécessaire au travail en réseau ;
- Concevoir et proposer des solutions innovantes et durables dont l'impact a été mesuré ainsi que les préalables à leur mise en oeuvre.","- Faire preuve de rigueur, d'objectivité et de sens critique ;
- Savoir travailler dans l'urgence et assurer la conduite de plusieurs dossiers simultanément ;
- Avoir le sens de l'écoute et du dialogue ;
- Savoir travailler en équipe et partager l'information ;
- Bon relationnel.",Modification de la date de clôture initialement prévue le 09/10/2026,MESTRE Marie-Laure,,direction.dass@gouv.nc,FRAYSSINET Vanessa,,rh.dass@gouv.nc,la direction des ressources humaines et de la fonction publique de Nouvelle Calédonie,Bureaux 106 et 107 - Section recrutement - DRHFPNC - Centre administratif Jacques Iékawé - 1er étage - 18 avenue Paul Doumer - Centre-ville de Nouméa,B.P M2 - 98849 Nouméa cedex,drhfpnc.recrutement@gouv.nc,,PUBLIE,0,,https://data.gouv.nc/explore/dataset/avis-de-vacances-de-poste-avp-drhfpnc/files/63dc03b33d1a55048c849149f6523237/download/
65876,0,Soigneur au bureau zoologique du parc provincial zoologique et forestier Michel Corbasson,,,26-1342,2026-09-11,Province Sud,technicien adjoint,,Economie rurale,,au moins égale a 10 ans,2027-04-01 11:00:00+11:00,date,Province Sud,PVS,,noumea,2026-09-10 02:05:07+11:00,2026-10-16,,Inspecteur,,,,,,,,La date de clôture initialement prévue le 02/10/2026 a été reportée,,,,,,,,,,,,PUBLIE,4,,https://data.gouv.nc/explore/dataset/avis-de-vacances-de-poste-avp-drhfpnc/files/43f0b3352749e4c936011d7a9539d914/download/
65894,0,Chargé de projets vie scolaire et actions éducatives -  Mission d'un an renouvelable,,,26-1358,2026-09-11,Province Sud,attaché,professeur des écoles,,,,2027-01-15 11:00:00+11:00,date,Province Sud,PVS,,,2026-09-10 04:24:54+11:00,2026-10-16,,Inspecteur,,,,,,,,La date de clôture initialement prévue le 02/10/2026 a été reportée,,,,,,,,,,,,PUBLIE,4,,https://data.gouv.nc/explore/dataset/avis-de-vacances-de-poste-avp-drhfpnc/files/719710c9887bbe62c32c9730fbc02db4/download/
65902,0,1 directeur de police municipale,,,26-1366,2026-09-11,,attaché d'administration générale,,,,,,autre,,,,,2026-09-10 04:49:39+11:00,2026-10-16,,Inspecteur,,,,,,,,La date de clôture initialement prévue au 02/10/2026 a été reportée,,,,,,,,,,,,PUBLIE,5,dès que possible,https://data.gouv.nc/explore/dataset/avis-de-vacances-de-poste-avp-drhfpnc/files/60986e43c56049830e91ed87e4a2341f/download/
65890,0,1 chef de section administrative et comptable,,,26-1354,2026-09-11,,rédacteur d'administration générale,,,,,,immédiatement,,,,,2026-09-10 04:07:59+11:00,2026-10-16,,Inspecteur,,,,,,,,La date de clôture initialement prévue au 02/10/2026 a été reportée,,,,,,,,,,,,PUBLIE,0,,https://data.gouv.nc/explore/dataset/avis-de-vacances-de-poste-avp-drhfpnc/files/8d14c520d36716c29c523d70794a96e5/download/
65832,0,Chef du service du pilotage budgétaire et de la stratégie financière,Responsable financier,M1205-2,26-65832/MPRH,2026-09-07,Nouvelle-Calédonie,attaché,,,,,,immédiatement,Direction du budget et des affaires financières,DBAF,Service du pilotage budgétaire et de la stratégie financière,17 avenue Paul Doumer - Nouméa,2026-09-07 19:28:24+11:00,2026-10-23,"La Direction du budget et des affaires financières (DBAF), composée de 63 agents, est chargée de la préparation, le pilotage, l'exécution et le suivi du budget de la Nouvelle-Calédonie. Elle exerce également des missions d'analyse financière, de stratégie budgétaire, de contrôle financier et d'accompagnement des établissements publics et des collectivités locales. 

Dans un contexte marqué par de fortes contraintes sur les finances publiques et par la mise en œuvre du plan d'évolution de l'administration (PEA), la direction poursuit sa transformation afin de renforcer ses capacités de pilotage, d'analyse et d'aide à la décision.

La direction conduit actuellement plusieurs chantiers structurants visant à moderniser l'organisation financière de la collectivité, développer la culture de la performance, renforcer la soutenabilité budgétaire et améliorer la qualité de l'information financière.

Au cœur de ces enjeux, le service du pilotage budgétaire et de la stratégie financière joue un rôle essentiel dans la définition et la mise en œuvre de la stratégie financière de la Nouvelle-Calédonie ainsi que dans la préparation des décisions budgétaires soumises aux institutions.",Responsable financier,"Le service du pilotage budgétaire et de la stratégie financière est chargé :

- de la préparation du débat d'orientation budgétaire et des documents budgétaires ; 
- de l'élaboration et du pilotage des budgets ; 
- de la définition de la stratégie financière et de l'analyse des risques ; 
- du suivi de la dette, de la trésorerie et des garanties d'emprunt ; 

Il comprend deux sections :

1. La section Stratégie financière et analyse des risques, chargée de :
- l'élaboration du rapport sur le débat budgétaire 
- des études financières prospectives et rétrospectives ;
- de la gestion de la dette, de la trésorerie et des garanties d'emprunt.

2. La section du Pilotage budgétaire, chargée de :
- l'élaboration des rapports associés aux étapes budgétaire ;
- du pilotage des crédits budgétaires en lien avec les directions ;
- la gestion du cadre comptable, de l'élaboration et l'analyse des écarts des situations d'exécution.","Sous l'autorité du directeur de la DBAF et de son adjointe, le chef du service encadre une équipe composée de 8 agents et est principalement chargé de : 

Coordonner la préparation budgétaire : 
- Organiser et planifier les étapes de préparation sur l'année, 
- Conseiller et assister les directions dans le pilotage de leurs ressources budgétaires, analyser les propositions budgétaires des directions et préparer les éléments d'arbitrage du budget, 
- Rédiger le rapport de présentation et être force de proposition pour le rendre toujours plus pertinent en fonction du contexte, 
- Superviser les dialogues de gestion. 

Coordonner la pluralité des crédits (en Autorisation de Programme (AP), en Autorisation d'Engagement (AE), en PPI) : 
- Participer à la mise en place des tableaux de bord et de leur suivi, ainsi que de statistiques, 
- Mettre en oeuvre et superviser le plan de programmation pluriannuelle des investissements (PPI), 
- Suivre la préparation et l'exécution budgétaire (recettes et dépenses) (AP et hors AP) analyse de l'exécution et mesure des écarts, 
- Animer le réseau AP / AE : gestionnaire d'AP / AE regroupées en réseau (organisation de réunion, formation). 

Piloter l'analyse financière rétrospective et prospective : 
- Élaborer et suivre le plan de trésorerie de la Nouvelle-Calédonie ainsi que les avances en trésorerie consenties, 
- Communiquer sur la situation financière de la collectivité, 
- Participer à la définition et à la mise en oeuvre de la politique d'endettement, 
- Piloter le suivi et la préparation des garanties d'emprunt accordées par la Nouvelle-Calédonie. 
- Évaluer régulièrement les organismes bénéficiaires et proposer, le cas échéant, la couverture des risques idoines, 
- Piloter l'analyse des risques financiers de la Nouvelle Calédonie et en tirer les prospectives (notamment au niveau des restes à recouvrer), 
- Piloter l'analyse financière de la collectivité et proposer des stratégies dans le cadre du débat d'orientation et de la préparation budgétaire, 
- Participer au séminaire Amédée et à la rédaction du Débat d'Orientation Budgétaire (DOB), 
- Gérer la trésorerie et la dette de la collectivité. A ce titre, le chef de service doit pouvoir négocier les meilleures conditions avec les partenaires bancaires et financiers. 

Manager une équipe : 
- Organiser le travail entre les agents et savoir les mobiliser dans les périodes de surcharges, 
- Accompagner autant que de besoin les agents dans les réunions de dialogue de gestion, 
- Gérer les priorités en tenant compte du calendrier budgétaire et financier, 
- Faire monter l'équipe en compétence par une formation continue in situ.",,Pics d'activité lors des étapes budgétaires.,"- Formation supérieure en finances et/ou comptabilité (BAC + 5 minimum souhaitée), 
- Comptabilité générale et/ou nomenclatures publiques, 
- Maîtrise des outils de gestion financière, 
- Maîtrise des procédures, méthodes et techniques budgétaires, 
- Technique d'analyse financière, 
- Une expérience souhaitée dans un poste similaire en collectivité ou d'analyste économique et/ou financier est souhaitée.","- Leadership et capacité à fédérer les équipes.
- Esprit d'analyse, de synthèse et sens de l'anticipation.
- Sens stratégique et aptitude à éclairer la décision publique.
- Aptitude à travailler en transversalité.
- Capacité d'adaptation et d'innovation dans un contexte de transformation.
- Réactivité et capacité à gérer les priorités.","- Rigueur, fiabilité et sens des responsabilités ;
- Qualités relationnelles, diplomatie ;
- Grande disponibilité en période budgétaire ;
- Gestion du stress.",Modification de la date de clôture initialement prévue le 25/09/2026,Ronan LABBÉ - Directeur,25 60 82,ronan.labbe@gouv.nc,Gwenaelle DEVEAUX - Directrice adjointe,25 60 82,gwenaelle.deveaux@gouv.nc,la direction des ressources humaines et de la fonction publique de Nouvelle Calédonie,Bureaux 106 et 107 - Section recrutement - DRHFPNC - Centre administratif Jacques Iékawé - 1er étage - 18 avenue Paul Doumer - Centre-ville de Nouméa,B.P M2 - 98849 Nouméa cedex,drhfpnc.recrutement@gouv.nc,,PUBLIE,0,,https://data.gouv.nc/explore/dataset/avis-de-vacances-de-poste-avp-drhfpnc/files/ed34bd8df860deb4e3ac2eeaecacc08e/download/
65779,0,Assistant(e) social(e) de secteur - Ponérihouen,,,26-1325,2026-09-04,Province Nord,assistant socio-éducatif,,,,,,immédiatement,Province Nord,PVN,,,2026-09-03 22:18:30+11:00,2026-10-16,,Inspecteur,,,,,,,,La date de clôture initialement prévue le 25/09/2026 a été reportée.,,,,,,,,,,,,PUBLIE,0,,https://data.gouv.nc/explore/dataset/avis-de-vacances-de-poste-avp-drhfpnc/files/eefa5a298dc4e171a20c451da491c6ff/download/
65801,0,Directeur (trice) adjoint(e),,,26-1339,2026-09-04,Congrès de la Nouvelle-Calédonie,emploi fonctionnel,attaché,,,,,immédiatement,Congrès de la Nouvelle-Calédonie,CNC,,,2026-09-04 01:00:04+11:00,2026-10-23,,Inspecteur,,,,,,,,La date de clôture initialement prévue le 02/10/2026 a été reportée,,,,,,,,,,,,PUBLIE,0,,https://data.gouv.nc/explore/dataset/avis-de-vacances-de-poste-avp-drhfpnc/files/ad51a6884c3e8ece366781b570b54189/download/
65773,0,Infirmier(e) à l'UPASS de Bourail,,,26-1321,2026-09-04,Province Sud,infirmier en soins généraux,,Infirmiers,,,,susceptible d'être vacant,Province Sud,PVS,,,2026-09-03 22:08:17+11:00,2026-10-23,,Inspecteur,,,,,,,,,,,,,,,,,,,,PUBLIE,1,,https://data.gouv.nc/explore/dataset/avis-de-vacances-de-poste-avp-drhfpnc/files/9287c94082957e2ee1cffeee308f2bfa/download/
65780,0,Assistant(e) social(e) de secteur Pouembout-Poya,,,26-1326,2026-09-04,Province Nord,assistant socio-éducatif,,,,,,immédiatement,Province Nord,PVN,,,2026-09-03 22:20:49+11:00,2026-10-16,,Inspecteur,,,,,,,,La date de clôture initialement prévue le 25/09/2026 a été reportée.,,,,,,,,,,,,PUBLIE,0,,https://data.gouv.nc/explore/dataset/avis-de-vacances-de-poste-avp-drhfpnc/files/6e45064dd5af7ba5980ce4e506d91670/download/
65798,0,"Chef de service administratif, communication, réclamations",,,26-1337,2026-09-04,,attaché,rédacteur,,,,,immédiatement,,,,,2026-09-04 00:56:34+11:00,2026-10-23,,Inspecteur,,,,,,,,La date de clôture initialement prévue le 25/09/2026 a été reportée,,,,,,,,,,,,PUBLIE,0,,https://data.gouv.nc/explore/dataset/avis-de-vacances-de-poste-avp-drhfpnc/files/7f4ffdcc9e200147849e95768a8237b5/download/
65395,0,Educateur spécialisé - UEMO Sud/Iles,"Educateur (de la protection judiciaire de la jeunesse, en milieu ouvert, socioéducatif)",K1207-1,26-65395/MPRH,2026-08-28,Nouvelle-Calédonie,assistant socio-éducatif,,,,au moins égale à 5 ans.,,immédiatement,Direction de la protection judiciaire de l'enfance et de la jeunesse,DPJEJ,Service éducatif de milieu ouvert et d'insertion,NOUMEA,2026-08-07 21:23:13+11:00,2026-10-16,"La Direction de la Protection Judiciaire de l'Enfance et de la Jeunesse (DPJEJ) met en œuvre les orientations de la Nouvelle-Calédonie en matière de protection judiciaire de l'enfance et de la jeunesse. À ce titre, elle veille à répondre aux besoins liés à l'instruction et à l'exécution des décisions judiciaires concernant les mineurs.

Ses équipes pluridisciplinaires sont composées d'éducateurs spécialisés, de moniteurs-éducateurs, de psychologues, d'infirmiers, de veilleurs, d'ouvriers polyvalents, d'assistants de service social ainsi que de chefs de service et de chefs de service éducatif. Elles peuvent également s'appuyer sur les ressources transversales de la direction, notamment le pool de chargés de mission et les agents des fonctions supports.

Dans le cadre du renforcement de ses équipes, la DPJEJ recrute un éducateur spécialisé (H/F) au sein du Service Territorial Éducatif de Milieu Ouvert et d'Insertion (STEMOI), affecté à l'Unité Éducative de Milieu Ouvert (UEMO) Sud/Îles.",Educateur spécialisé,"Par son implication dans une relation socio-éducative de proximité, inscrite dans la durée, l'éducateur spécialisé accompagne les mineurs et les jeunes majeurs en difficulté dans la mise en œuvre des mesures éducatives ordonnées par les magistrats. Ces interventions s'inscrivent dans le cadre de la justice pénale des mineurs (Code de la justice pénale des mineurs - CJPM) ou de la protection de l'enfance (articles 375 et suivants du Code civil), lorsque ces mesures sont confiées au Service Territorial Éducatif de Milieu Ouvert et d'Insertion (STEMOI).","Mettre en œuvre les mesures éducatives ordonnées par les magistrats dans le cadre de la justice pénale des mineurs (Code de la justice pénale des mineurs - CJPM) ou de la protection de l'enfance (articles 375 et suivants du Code civil), confiées au service.

Dans le cadre d'une relation éducative fondée sur la confiance, l'éducateur spécialisé :
-accompagne le mineur dans la mise en œuvre de son projet éducatif et favorise son développement personnel, son autonomie et son insertion sociale ;
-met en place des actions et des mises en situation éducatives adaptées, dans un cadre sécurisant et contenant ;
-aide le mineur à devenir acteur de son parcours et à mobiliser ses ressources ainsi que celles de son environnement.

Au sein de l'institution, l'éducateur spécialisé :
-participe à l'évaluation des situations des mineurs et de leur famille ainsi qu'à l'élaboration du diagnostic éducatif ;
-assure le suivi des mesures éducatives en qualité de référent de parcours et coordonne les interventions des différents partenaires ;
-entretient un travail partenarial avec les acteurs des champs judiciaire, éducatif, sanitaire, social et scolaire ;
-participe aux réunions institutionnelles, aux synthèses et aux audiences lorsque sa présence est requise ;
-rédige les écrits professionnels nécessaires au suivi des situations et aux procédures judiciaires ;
-inscrit sa pratique dans une démarche de réflexion et d'amélioration continue, notamment par la formation, l'analyse des pratiques et la veille professionnelle.",,"Être titulaire du permis de conduire B ;
Faire preuve de souplesse dans l'organisation du temps de travail afin de répondre aux besoins des mineurs accompagnés ;
Participer aux permanences éducatives auprès du tribunal (PEAT).","Formation et qualifications :
-Être titulaire du diplôme d'État d'éducateur spécialisé (DEES) et/ou de l'attestation de validation de la formation des éducateurs de la Protection judiciaire de la jeunesse, délivrée par l'École nationale de la protection judiciaire de la jeunesse (ENPJJ) du ministère de la Justice.

Connaissances attendues :
-Connaissance de la société néo-calédonienne, et plus particulièrement des réalités culturelles, sociales et coutumières kanak ;
-Connaissance du réseau partenarial social, médico-social, éducatif et judiciaire de la Nouvelle-Calédonie ;
-Connaissance du cadre juridique de la protection de l'enfance et de la justice pénale des mineurs.

Expérience professionnelle souhaitée
Une expérience en Nouvelle-Calédonie est souhaitée, notamment dans les domaines suivants :
-l'accompagnement de mineurs confiés en famille d'accueil ou accueillis en structure d'hébergement collectif ;
-la mise en œuvre des mesures éducatives relevant de la protection judiciaire de l'enfance, notamment dans le cadre du Code de la justice pénale des mineurs (CJPM).","Esprit d'équipe et aptitude à travailler au sein d'une équipe pluridisciplinaire ;
Excellentes qualités relationnelles et capacité à instaurer une relation éducative de confiance ;
Capacité à créer du lien avec les mineurs, les familles et les partenaires ;
Ouverture d'esprit, capacité d'écoute et sens de l'adaptation ;
Sensibilité aux enjeux de l'interculturalité et aptitude à intervenir dans un contexte multiculturel ;
Dynamisme, autonomie, sens de l'initiative et force de proposition ;
Rigueur, discrétion professionnelle et sens des responsabilités.","Engagement dans un projet de service et sens des responsabilités ;
Respect des échéances et des procédures ;
Qualités d'écoute et d'empathie ;
Respect de la déontologie, de la confidentialité et du secret professionnel ;
Disponibilité, adaptabilité et esprit d'équipe.",Modification de la date de clôture initialement prévue le 18/09/2026,"Marie-Gabrielle Tolikoli-Motutoa, chef de service",23 20 10,marie-gabrielle.tolikoli-motutoa@gouv.nc,,,,la direction des ressources humaines et de la fonction publique de Nouvelle Calédonie,Bureaux 106 et 107 - Section recrutement - DRHFPNC - Centre administratif Jacques Iékawé - 1er étage - 18 avenue Paul Doumer - Centre-ville de Nouméa,B.P M2 - 98849 Nouméa cedex,drhfpnc.recrutement@gouv.nc,,PUBLIE,0,,https://data.gouv.nc/explore/dataset/avis-de-vacances-de-poste-avp-drhfpnc/files/92840d8841a4f0b2686214216364b5f1/download/
65052,0,Contrôleur financier des établissements publics,Contrôleur financier,M1204-1,26-65052/MPRH,2026-08-28,Nouvelle-Calédonie,attaché,,,,Au moins égale à 10 ans,,immédiatement,Direction du budget et des affaires financières,DBAF,Service des collectivités locales et des établissements publics,NOUMEA,2026-07-17 20:54:13+11:00,2026-10-16,"La direction du budget et des affaires financières a pour mission principale la préparation et l'exécution du budget de la Nouvelle-Calédonie (budget annuel d'environ 275 milliards CFP) ainsi que le suivi et le contrôle des établissements publics et des relations financières avec les autres collectivités locales.

La direction, composée de 65 agents, est amenée à évoluer fortement dans les 2-3 années à venir. 

D'une part, la Nouvelle-Calédonie est engagée dans une réforme de la gestion des finances publiques qui impose de nombreux changements opérationnels et décisionnels. D'autre part, mais en lien avec cette réforme, la direction a vocation à se professionnaliser sur les métiers financiers pour apporter une véritable valeur ajoutée à la collectivité et ses décideurs en matière de prospective, d'analyse, d'évaluation des décisions financières.

Le service des collectivités locales et des établissements publics, composé de 10 agents, est chargé du contrôle financier, du conseil aux établissements publics et des audits éventuels, de la gestion des dotations réparties entre collectivités, du reversement des centimes additionnels, des recettes affectées et subvention diverses ainsi que de la gestion du comité du fonds intercommunal de péréquation.",Contrôleur financier,"Sous l'autorité du chef de service et de son adjoint(e), le contrôleur financier effectue le contrôle administratif et financier des établissements publics de la Nouvelle-Calédonie et contribue à l'identification des risques financiers inhérents à leur fonctionnement.","- Assurer un rôle de conseil auprès des directeurs et des équipes des établissements publics dans la gestion administrative, juridique et financière des dossiers ;
- Contrôler sur pièces des décisions financières et administratives des établissements publics de la Nouvelle-Calédonie ;
- Identifier et analyser les risques financiers ;
- Participer, à titre consultatif, aux conseils d'administration des établissements publics ;
- Alerter et conseiller les membres du gouvernement ;
- Présenter à la validation du gouvernement des décisions budgétaires des établissements publics (rédaction de rapports, arrêtés) ;
- Rédiger diverses études et analyses ;
- Travailler en collaboration avec un gestionnaire des établissements publics.","- Réaliser des audits éventuels sur les établissements publics,
- Participer à la mise en place d'un contrôle de gestion au sein du service et au sein des établissements.",- Déplacements fréquents pour assister aux conseils d'administration des établissements.,"Les compétences suivies de (*) pourront être acquises à la suite de la prise de poste via un accompagnement et des formations dispensées au sein de la collectivité. 
- Master 2 exigé pour le recrutement sur titre s'agissant d'un métier identifié comme pénurique ;
- Formation supérieure en finance / contrôle de gestion souhaitée ;
- Maitrise des techniques d'analyse financière ;
- Comptabilité générale et nomenclatures comptables ;
- Connaissance juridique dans les domaines RH, finances (*).","- Contrôler et analyser,
- Conseiller,
- Maîtrise des outils informatiques et bureautiques,
- Communiquer avec diplomatie et fermeté, 
- Rédiger des documents administratifs.","- Autonomie,
- Esprit d'analyse et de synthèse,
- Qualités relationnelles, sens du dialogue et de l'écoute,
- Rigueur,
- Curiosité intellectuelle,
- Sens du service public,
- Discrétion professionnelle.",,Romain DAMESIN - chef de service,25 60 82,romain.damesin@gouv.nc,Gweanelle DEVEAUX - directrice adjointe,25 60 82,gwenaelle.deveaux@gouv.nc,la direction des ressources humaines et de la fonction publique de Nouvelle Calédonie,Bureaux 106 et 107 - Section recrutement - DRHFPNC - Centre administratif Jacques Iékawé - 1er étage - 18 avenue Paul Doumer - Centre-ville de Nouméa,B.P M2 - 98849 Nouméa cedex,drhfpnc.recrutement@gouv.nc,,PUBLIE,0,,https://data.gouv.nc/explore/dataset/avis-de-vacances-de-poste-avp-drhfpnc/files/cee81fbc72aabd0176c7ff1b878300a8/download/
65675,0,Chef du service des centres de secours,,,26-1298,2026-08-28,,capitaine,commandant,Officiers,Officiers,,,susceptible d'être vacant,,,,,2026-08-26 01:49:17+11:00,2026-10-23,,Inspecteur,,,,,,,,La date de clôture initialement prévue au 02/10/2026 a été reportée,,,,,,,,,,,,PUBLIE,1,,https://data.gouv.nc/explore/dataset/avis-de-vacances-de-poste-avp-drhfpnc/files/0820d30c2861a83ec7eac4ba7323d596/download/
65466,0,Médecin à Poum,,,26-1213,2026-08-14,Province Nord,médecin de santé publique,,,,,,immédiatement,Province Nord,PVN,,,2026-08-13 01:54:03+11:00,2026-10-23,,Inspecteur,,,,,,,,La date de clôture initialement prévue le 04/09/2026 a été reportée,,,,,,,,,,,,PUBLIE,0,,https://data.gouv.nc/explore/dataset/avis-de-vacances-de-poste-avp-drhfpnc/files/e01cea724ebfaeb76c31e5290e04425d/download/
65469,0,Médecin à Belep,,,26-1216,2026-08-14,Province Nord,médecin de santé publique,,,,,,immédiatement,Province Nord,PVN,,,2026-08-13 02:00:59+11:00,2026-10-23,,Inspecteur,,,,,,,,La date de clôture initialement prévue le 04/09/2026 a été reportée,,,,,,,,,,,,PUBLIE,0,,https://data.gouv.nc/explore/dataset/avis-de-vacances-de-poste-avp-drhfpnc/files/613a20ce954e692eaf9af5528efe188c/download/
65478,0,Médecin à Ouegoa,,,26-1222,2026-08-14,Province Nord,médecin de santé publique,,,,,,immédiatement,Province Nord,PVN,,,2026-08-13 02:14:21+11:00,2026-10-23,,Inspecteur,,,,,,,,La date de clôture initialement prévue le 04/09/2026 a été reportée,,,,,,,,,,,,PUBLIE,0,,https://data.gouv.nc/explore/dataset/avis-de-vacances-de-poste-avp-drhfpnc/files/d021f666d815332e9da374fd6481c7fc/download/
65468,0,2 Médecins itinérants et de téléconsultation,,,26-1215,2026-08-14,Province Nord,médecin de santé publique,,,,,,immédiatement,Province Nord,PVN,,,2026-08-13 01:58:55+11:00,2026-10-23,,Inspecteur,,,,,,,,Modification de la date de clôture initialement prévue le04/09/2026,,,,,,,,,,,,PUBLIE,0,,https://data.gouv.nc/explore/dataset/avis-de-vacances-de-poste-avp-drhfpnc/files/53ad137e60125ed9f1eca829af6c62dd/download/
65465,0,Médecin à Touho,,,26-1212,2026-08-14,Province Nord,médecin de santé publique,,,,,,immédiatement,Province Nord,PVN,,,2026-08-13 01:52:40+11:00,2026-10-23,,Inspecteur,,,,,,,,La date de clôture initialement prévue le 04/09/2026 a été reportée,,,,,,,,,,,,PUBLIE,0,,https://data.gouv.nc/explore/dataset/avis-de-vacances-de-poste-avp-drhfpnc/files/7c042ba4d9ba064da05d26e6677a9866/download/
65476,0,Médecin à Kouaoua,,,26-1221,2026-08-14,Province Nord,médecin de santé publique,,,,,,immédiatement,Province Nord,PVN,,,2026-08-13 02:10:49+11:00,2026-10-23,,Inspecteur,,,,,,,,La date de clôture initialement prévue le 04/09/2026 a été reportée,,,,,,,,,,,,PUBLIE,0,,https://data.gouv.nc/explore/dataset/avis-de-vacances-de-poste-avp-drhfpnc/files/99d9c51dcc1f1a94548c37588c96cd17/download/
65472,0,Médecin à Houailou,,,26-1219,2026-08-14,Province Nord,médecin de santé publique,,,,,,immédiatement,Province Nord,PVN,,,2026-08-13 02:05:33+11:00,2026-10-23,,Inspecteur,,,,,,,,La date de clôture initialement prévue le 04/09/2026 a été reportée,,,,,,,,,,,,PUBLIE,0,,https://data.gouv.nc/explore/dataset/avis-de-vacances-de-poste-avp-drhfpnc/files/2e38f81f5d299c0a6ef9d857bd89c68c/download/
65470,0,Médecin à Canala,,,26-1217,2026-08-14,Province Nord,médecin de santé publique,,,,,,immédiatement,Province Nord,PVN,,,2026-08-13 02:02:26+11:00,2026-10-23,,Inspecteur,,,,,,,,La date de clôture initialement prévue le 04/09/2026 a été reportée,,,,,,,,,,,,PUBLIE,0,,https://data.gouv.nc/explore/dataset/avis-de-vacances-de-poste-avp-drhfpnc/files/107e208a4e4518e99708e24f052ffd72/download/
65364,0,Infirmier(e) en soins généraux à Canala,,,26-1185,2026-08-07,Province Nord,infirmier en soins généraux,,Infirmiers,,,,immédiatement,Province Nord,PVN,,,2026-08-06 02:17:39+11:00,2026-10-16,,Inspecteur,,,,,,,,La date de clôture initialement prévue le 25/09/2026 a été reportée.,,,,,,,,,,,,PUBLIE,0,,https://data.gouv.nc/explore/dataset/avis-de-vacances-de-poste-avp-drhfpnc/files/6945c80e9c0e62f1f749db35ef7c642b/download/
65363,0,Chirurgien-dentiste à Touho,,,26-1184,2026-08-07,Province Nord,chirurgien dentiste,,,,,,immédiatement,Province Nord,PVN,,,2026-08-06 02:16:10+11:00,2026-10-16,,Inspecteur,,,,,,,,La date de clôture initialement prévue le 25/09/2026 a été reportée.,,,,,,,,,,,,PUBLIE,0,,https://data.gouv.nc/explore/dataset/avis-de-vacances-de-poste-avp-drhfpnc/files/b86995dab50639c910b4a79b895564ae/download/
65367,0,Chirurgien-dentiste à Hienghène,,,26-1188,2026-08-07,Province Nord,chirurgien dentiste,,,,,,immédiatement,Province Nord,PVN,,,2026-08-06 02:23:24+11:00,2026-10-16,,Inspecteur,,,,,,,,La date de clôture initialement prévue le 25/09/2026 a été reportée.,,,,,,,,,,,,PUBLIE,0,,https://data.gouv.nc/explore/dataset/avis-de-vacances-de-poste-avp-drhfpnc/files/d452f3c0b1d51186bf0e2a27045e9792/download/
65362,0,Chirurgien-dentiste à Ponérihouen,,,26-1183,2026-08-07,Province Nord,chirurgien dentiste,,,,,,immédiatement,Province Nord,PVN,,,2026-08-06 02:14:25+11:00,2026-10-16,,Inspecteur,,,,,,,,La date de clôture initialement prévue le 25/09/2026 a été reportée.,,,,,,,,,,,,PUBLIE,0,,https://data.gouv.nc/explore/dataset/avis-de-vacances-de-poste-avp-drhfpnc/files/99f5763370ff417ab35e179e0661c3b9/download/
65366,0,2 Infimier(e)s en soins généraux à Pouebo,,,26-1187,2026-08-07,Province Nord,infirmier en soins généraux,,Infirmiers,,,,immédiatement,Province Nord,PVN,,,2026-08-06 02:21:57+11:00,2026-10-16,,Inspecteur,,,,,,,,La date de clôture initialement prévue le 25/09/2026 a été reportée.,,,,,,,,,,,,PUBLIE,0,,https://data.gouv.nc/explore/dataset/avis-de-vacances-de-poste-avp-drhfpnc/files/846d7666643d767e756256b37d26bc16/download/
65365,0,2 Infimier(e)s en soins généraux à Houailou,,,26-1186,2026-08-07,Province Nord,infirmier en soins généraux,,Infirmiers,,,,immédiatement,Province Nord,PVN,,,2026-08-06 02:19:41+11:00,2026-10-16,,Inspecteur,,,,,,,,La date de clôture initialement prévue le 25/09/2026 a été reportée.,,,,,,,,,,,,PUBLIE,0,,https://data.gouv.nc/explore/dataset/avis-de-vacances-de-poste-avp-drhfpnc/files/2259dd5ba3905d0f84c5b29da56355b1/download/
65259,0,Responsable de l'UPASS de Thio,,,26-1152,2026-07-31,Province Sud,cadre de santé,infirmier en soins généraux,Cadre de santé,Infirmiers,,2027-01-01 11:00:00+11:00,date,Province Sud,PVS,,,2026-07-30 03:06:15+11:00,2026-10-16,,Inspecteur,,,,,,,,La date de clôture initialement prévue le 02/10/26 a été reportée,,,,,,,,,,,,PUBLIE,4,,https://data.gouv.nc/explore/dataset/avis-de-vacances-de-poste-avp-drhfpnc/files/25d21f1808ba46cefd3667327d7f5482/download/
65248,0,Auxiliaire de puériculture à la Maison maternelle Marcelle JORDA (SPE),,,26-1145,2026-07-30,Province Sud,auxiliaire de puériculture,,Aide-soignant,,,,susceptible d'être vacant,Province Sud,PVS,,NOUMEA,2026-07-30 01:41:28+11:00,2026-10-16,,Inspecteur,,,,,,,,La date de clôture initialement prévue le 21/08/2026 a été reportée,,,,,,,,,,,,PUBLIE,1,,https://data.gouv.nc/explore/dataset/avis-de-vacances-de-poste-avp-drhfpnc/files/657675271de0f5adb8058e40bd98c9c0/download/
65169,0,Maître-nageur sauveteur - Pouembout,,,26-1124,2026-07-24,Province Nord,éducateur des APS,,,,,,immédiatement,Province Nord,PVN,,,2026-07-24 01:56:36+11:00,2026-10-16,,Inspecteur,,,,,,,,Modification de la date de clôture initialement prévue le 25/09/2026,,,,,,,,,,,,PUBLIE,0,,https://data.gouv.nc/explore/dataset/avis-de-vacances-de-poste-avp-drhfpnc/files/f909bd1af37e4034438a9e0016b71d41/download/
64681,0,Orthophoniste au service de prévention et promotion de la santé,,,26-0965,2026-06-26,Province Sud,orthophoniste,,Rééducation,,,2026-09-01 11:00:00+11:00,susceptible d'être vacant le,Province Sud,PVS,,,2026-06-25 00:08:21+11:00,2026-10-23,,Inspecteur,,,,,,,,La date de clôture initialement prévue le 14/08/2026 a été reportée,,,,,,,,,,,,PUBLIE,2,,https://data.gouv.nc/explore/dataset/avis-de-vacances-de-poste-avp-drhfpnc/files/1efde739e24f704f530dc1d969f56266/download/
63594,0,Médecin /Conseiller technique médical performance,"Médecin (Inspecteur de Santé Publique -MISP-, inspecteur de la santé, conseil)",K1402-1,26-63594/MPRH,2026-06-12,Nouvelle-Calédonie,médecin de santé publique,,,,inférieur à 3 ans,2025-04-01 11:00:00+11:00,vacant à partir du,Direction des affaires sanitaires et sociales,DASS,,Nouméa,2026-04-28 21:54:11+11:00,2026-10-16,"La direction des affaires sanitaires et sociales de la Nouvelle-Calédonie est une des directions techniques du gouvernement de la Nouvelle-Calédonie.
Elle est responsable de la mise en œuvre de la politique de la Nouvelle-Calédonie en matière de santé publique et de protection sociale. 
Elle comprend un service administration et support et quatre services métiers.",Médecin conseil,"Le conseiller technique est le référent médical pour le secteur performance de la direction. Dans un contexte de modernisation du système de santé calédonien et de déploiement de l'analyse de l'activité au niveau territorial, il joue un rôle pivot dans l'amélioration de la performance médicale et le déploiement des outils d'information médicale. A ce titre, il a pour missions de:
- Piloter et copiloter des plans d'actions visant à la progression de dossiers prioritaires de la Nouvelle-Calédonie ou certains indicateurs des CPOM pour lesquels la valeur ajoutée médicale est nécessaire ;
- Etre l'interlocuteur privilégié des professionnels de santé de ville du territoire, des acteurs et des partenaires en termes de E santé ;
- Participer aux travaux de mise en place de l'Observatoire de la santé, et du déploiement de la feuille de route E santé en Nouvelle-Calédonie.","Le conseiller technique médical est en charge de missions nécessitant une bonne polyvalence technique car il est amené à intervenir sur des thèmes très divers relevant de différents métiers, en tant que pilote ou contributeur :

- Pilotage de la performance médicale : 
Piloter et copiloter des plans d'actions visant à la progression de dossiers prioritaires de la Nouvelle-Calédonie ou certains indicateurs des CPOM pour lesquels la valeur ajoutée médicale est nécessaire,
Promouvoir et accompagner les politiques de la Nouvelle-Calédonie sur la performance médicale, notamment :
  - Déploiement du numérique en santé
  - Développement de la télémédecine
  - Développement de l'ambulatoire.

- Coordination de l'information médicale territoriale : 
Coordonner le recueil de l'information médicale de l'ensemble des établissements de Nouvelle-Calédonie,
Piloter l'évaluation de la qualité des données médicales des établissements,
Apporter un conseil méthodologique et une expertise auprès des établissements de Nouvelle-Calédonie.

- Mise en place et déploiement de la CCAM: 
Piloter le déploiement de la CCAM sur le territoire en tant que référent médical,
Assurer la formation et l'accompagnement des professionnels de santé à l'utilisation de la CCAM,
Superviser la qualité du codage des actes médicaux dans les établissements de santé,
Élaborer les procédures et guides méthodologiques d'utilisation de la CCAM adaptés au contexte calédonien,
Assurer la veille réglementaire sur les évolutions de la nomenclature CCAM,
Coordonner avec les DIM des établissements pour garantir l'exhaustivité et la fiabilité du codage des actes,
Participer à la priorisation et au suivi des nouveaux actes médicaux en lien avec la CCAM.

- Analyse des données de santé :
Apporter un soutien méthodologique à l'Observatoire de la santé sur l'analyse des données médicales du système d'information,
Réaliser des analyses des parcours de soins et travaux de recherche,
Contribuer à l'analyse d'impact (PMSI/EPRD) en lien avec les DIM des établissements.

- Contribution au déploiement de la feuille de route e santé :
Contribuer au déploiement de la feuille de route e-santé, notamment dans son volet référentiel (G+NGAP, CCAM, CIM-10),
Piloter les dossiers relatifs aux nouveaux actes médicaux (gestion des demandes, priorisation, suivi) en lien avec les acteurs internes et externes,
Être l'interlocuteur privilégié des professionnels de santé de ville du territoire, des acteurs et des partenaires en termes de e-santé.","En lien avec les professionnels médicaux de la direction: 
- Participation aux astreintes médicales selon les modalités prévues en interne de la direction,
- Ponctuellement,  participation à diverses commissions médico-administratives ( commission des hospitalisations sans consentement en psychiatrie, comité médical des praticiens hospitaliers).","Les compétences de la Nouvelle-Calédonie en matière de réglementation de la santé amènent l'agent à exercer des missions relevant, en Hexagone, d'administration centrale, régionale et territoriale.
Polyvalence des missions nécessitant une expertise médicale transversale.
Interface entre le niveau stratégique (direction) et opérationnel (établissements de santé).
Rôle de conseil et d'expertise auprès des professionnels de santé.
Contribution à la modernisation du système d'information de santé.","- Doctorat en médecine
- Formation complémentaire en santé publique, gestion ou information médicale souhaitée (DU/DIU Information médicale, Économie de la santé, Management de la santé)
- Expérience indispensable dans le domaine de l'information médicale
- Santé publique et système de santé
- Déontologie et éthique des professions de santé
- Expérience dans une institution de santé ( assurance maladie, ministère, hôpital) et/ou pratique clinique appréciée
- Expérience de travail en outre-mer appréciée
- Connaissance de l'environnement professionnel de la Nouvelle-Calédonie appréciée.","- Bonne connaissance des nomenclatures de santé en Hexagone .
- Expérience en gestion de projets et en santé publique.
- Compréhension des enjeux techniques et politiques de protection sociale
- Piloter par projet, 
- Discerner les enjeux spécifiques, anticiper et prendre des initiatives
- Animer des groupes de travail, des réunions
- Maîtriser et être autonome pour l'utilisation des outils bureautiques et le cas échéant applications informatiques spécifiques internes,
- Excellentes qualités relationnelles pour travailler en équipe pluridisciplinaire (médecins, statisticiens, informaticiens, administratifs).","- Aptitude à la polyvalence des missions
- Rigueur méthodologique, sens de l'organisation et autonomie
 - Capacité d'analyse, de synthèse et de rédaction
- Intégrité et déontologie
- Qualité d'écoute et de dialogue, diplomatie
- Forte disponibilité et réactivité
- Intérêt marqué pour l'innovation médicale et les nouvelles techniques",Modification de la date de clôture initialement prévue le 03/07/2026,MESTRE Marie-Laure,,direction.dass@gouv.nc,FRAYSSINET Vanessa,24 37 00,rh.dass@gouv.nc,la direction des ressources humaines et de la fonction publique de Nouvelle Calédonie,Bureaux 106 et 107 - Section recrutement - DRHFPNC - Centre administratif Jacques Iékawé - 1er étage - 18 avenue Paul Doumer - Centre-ville de Nouméa,B.P M2 - 98849 Nouméa cedex,drhfpnc.recrutement@gouv.nc,,PUBLIE,3,,https://data.gouv.nc/explore/dataset/avis-de-vacances-de-poste-avp-drhfpnc/files/37c5b771f6ab7b809314bfe2356b667b/download/
63595,0,"Conseiller médical Prévention, Promotion de la santé","Médecin (Inspecteur de Santé Publique -MISP-, inspecteur de la santé, conseil)",K1402-4,26-63595/MPRH,2026-06-12,Nouvelle-Calédonie,médecin de santé publique,,,,inférieure à 3 ans,,vacant à partir du,Direction des affaires sanitaires et sociales,DASS,Service de la santé publique,Nouméa,2026-04-29 00:15:43+11:00,2026-10-30,"La direction des affaires sanitaires et sociales de la Nouvelle-Calédonie est une des directions techniques du gouvernement de la Nouvelle-Calédonie.
Elle est responsable de la mise en œuvre de la politique de la Nouvelle-Calédonie en matière de santé publique et de protection sociale. 
Elle comprend un service administration et support qui intervient en support de manière transversale et quatre services métiers.
Les principaux enjeux de la politique de santé reposent sur le concept Une seule santé et sont liés aux déterminants de santé, à la santé relationnelle, à la prévention et aux parcours.",Médecin inspecteur,"Le médecin de santé publique, en qualité de conseiller technique, intervient en expertise sur l'ensemble des thématiques  du service de santé publique. A ce titre, il a pour missions:
au titre de la prévention et de la promotion de la santé : définition et participation à la rédaction des plans de santé; de cahiers des charges d'AAP, d'avis dans le cadre de l'instruction de projets, d'animation ou de co-animation des conférences de santé
dans le champs propre des conseillers médicaux : participation aux processus de gestion formalisés et validés en matière de réglementation, d'EIG, d'EIAS, d'EIGS, inspections, contrôles,  gestion de crise, astreintes","Le conseiller médical prévention, promotion de la santé  est en charge de missions nécessitant une bonne polyvalence technique car il est amené à intervenir sur des thèmes :
- Analyser et diagnostiquer des enjeux de santé, propositions et stratégies, d'orientations ou d'actions
- Contribuer aux aspects médicaux des schémas et programmes d'actions et à leur évaluation
- Animer des réseaux de professionnels de santé dans la domaine sanitaire ou médico-social
        - Collaborer à des travaux, études médicales,
        - Rédiger des rapports de synthèse, d'inspection ou d'expertise.

Missions spécifiques
- Assurer l'analyse, les investigations, et la gestion des signaux infectieux en collaboration avec les IDE du service de santé publique, et les autres médecins de la direction
- Participer à la mise en place et l'actualisation des outils d'investigation et de gestion des signaux et alertes sanitaires, harmonisés pour toute la région en particulier concernant les pathologies suivantes rougeole, oreillons, rubéole, coqueluche, poliomyélite varicelle, diphtérie, variole, tuberculose, méningites 
-Participer à la préparation des points de suivi des alertes et des messages de communication (CP, site internet,
messages aux professionnels...) avec le chargé de communication de la direction
-Participer au point de situation hebdomadaire sur les dossiers en cours de gestion par l'équipe en charge des alertes
infectieuses
- Participer au « point astreinte »  dans le cadre de l'astreinte médicale
- Contribuer à la gestion médicale des évènements indésirables associés aux soins et au traitement des réclamations
- Contribuer au dispositif d'inspection/contrôle

Politiques et dispositifs de prévention
-Assurer la mission de référent médical prévention et santé envirronnement.
- Contribuer à l'évaluation des dispositifs de prévention","En lien avec les professionnels médicaux de la direction: 
- Émettre des avis dans le champs médico-social, dont les demandes d'admission provisoire au séjour, si nécessaire
- Ponctuellement,  participation à diverses commissions médico-administratives de la direction ( commission des hospitalisations sans consentement en psychiatrie, comité médical des praticiens hospitaliers, commission d'appel des évacuations sanitaires, conseil de santé des fonctionnaires...).
Participer au « point astreinte »  dans le cadre de l'astreinte médicale
Participe à la formation des étudiants en santé
Apporter son concours aux situation de gestion de crise","Les compétences de la Nouvelle-Calédonie en matière de réglementation de la santé amènent l'agent à exercer des missions relevant, en Hexagone, d'administration centrale, régionale et territoriale.","- Diplôme de médecine
- Santé publique et système de santé
- Contexte de l'exercice médical et des bonnes pratiques
- Cadre légal et réglementaire de la santé publique/du système de santé
- Politiques sanitaires et médico-sociales
- Expérience de travail en outre-mer appréciée,
- Connaissance de l'environnement professionnel de la Nouvelle-Calédonie appréciée.","-Discerner les enjeux spécifiques, anticiper et prendre des initiatives dans des domaines sensibles et dans l'urgence 
-Mémoriser, synthétiser et exploiter des dossiers complexes
-Conduire un projet
-Concevoir et proposer des solutions innovantes et durables 
- Maîtriser et être autonome pour l'utilisation des outils bureautiques courants
- Animer des réunions","- Sens de la pédagogie
- Aptitude à la polyvalence des missions
- Capacités d'analyse et de synthèse 
- Qualités rédactionnelles
- Intégrité et déontologie
- Appétence pour le travail en équipe",Modification de la date de clôture initialement prévue le 03/07/2026,MESTRE Marie-Laure,,direction.dass@gouv.nc,FRAYSSINET Vanessa,24 37 00,rh.dass@gouv.nc,la direction des ressources humaines et de la fonction publique de Nouvelle Calédonie,Bureaux 106 et 107 - Section recrutement - DRHFPNC - Centre administratif Jacques Iékawé - 1er étage - 18 avenue Paul Doumer - Centre-ville de Nouméa,B.P M2 - 98849 Nouméa cedex,drhfpnc.recrutement@gouv.nc,,PUBLIE,3,,https://data.gouv.nc/explore/dataset/avis-de-vacances-de-poste-avp-drhfpnc/files/4609e10c7649cdbef06eb8e9490fe256/download/
64254,0,Educateur spécialisé ou moniteur éducateur à la maison de l'enfance de Dumbéa su mer,,,26-0826,2026-05-29,Province Sud,assistant socio-éducatif,,,,,,immédiatement,Province Sud,PVS,,,2026-05-29 03:03:17+11:00,2026-10-30,,Inspecteur,,,,,,,,La date de clôture initialement prévue le 02/10/26 a été reportée,,,,,,,,,,,,PUBLIE,0,,https://data.gouv.nc/explore/dataset/avis-de-vacances-de-poste-avp-drhfpnc/files/ac530c6eaec041b1df85646df328dfa3/download/
64063,0,Orthophoniste au service de prévention et de promotion de la santé,,,26-0791,2026-05-20,Province Sud,orthophoniste,,Rééducation,,,,immédiatement,Province Sud,PVS,,,2026-05-20 22:05:44+11:00,2026-10-23,,Inspecteur,,,,,,,,La date de clôture initialement prévue le 14/08/2026 a été reportée.,,,,,,,,,,,,PUBLIE,0,,https://data.gouv.nc/explore/dataset/avis-de-vacances-de-poste-avp-drhfpnc/files/ae05ed2deedbaaa4c3f536c20e66a914/download/
63944,0,Médecin au centre médico-scolaire,,,26-0738,2026-05-15,Province Sud,médecin de santé publique,,,,,,immédiatement,Province Sud,PVS,,,2026-05-14 00:40:11+11:00,2026-10-23,,Inspecteur,,,,,,,,Modification de la date de clôture initialement prévue le 28/08/2026,,,,,,,,,,,,PUBLIE,0,,https://data.gouv.nc/explore/dataset/avis-de-vacances-de-poste-avp-drhfpnc/files/d54b9c6e2e64b8cdfa0aae6f0db07a3d/download/
63640,0,Travailleur Social au sein de la maison de l'enfance de Bourail,,,26-0648,2026-05-01,Province Sud,assistant socio-éducatif,,,,,,immédiatement,Province Sud,PVS,,,2026-04-30 19:03:54+11:00,2026-10-23,,Inspecteur,,,,,,,,La date de clôture initialement prévue le 09/10/2026 a été reportée.,,,,,,,,,,,,PUBLIE,0,,https://data.gouv.nc/explore/dataset/avis-de-vacances-de-poste-avp-drhfpnc/files/a8eb2b9f3cfdf89cef104561ac91d02c/download/
62876,0,Chargé d'études Hors bilan,,,26-0407,2026-03-20,Province Nord,attaché,,,,,,immédiatement,Province Nord,PVN,,,2026-03-19 01:24:43+11:00,2026-10-30,,Inspecteur,,,,,,,,La date de clôture initialement prévue le 09/10/2026 a été reportée.,,,,,,,,,,,,PUBLIE,0,,https://data.gouv.nc/explore/dataset/avis-de-vacances-de-poste-avp-drhfpnc/files/536e91c7976a2c315e422a105450bfff/download/
62616,0,Médecin à l'UPASS de La Foa,,,26-0290,2026-02-27,Province Sud,médecin de santé publique,,,,,,immédiatement,Province Sud,PVS,,,2026-02-27 02:54:32+11:00,2026-10-30,,Inspecteur,,,,,,,,La date de clôture initialement prévue le 02/10/26 a été reportée,,,,,,,,,,,,PUBLIE,0,,https://data.gouv.nc/explore/dataset/avis-de-vacances-de-poste-avp-drhfpnc/files/18c8ccfba35cdf6f11ab9488cef82c68/download/
60961,0,Médecin à l'UPASS de Bourail,,,25-1768,2025-11-07,Province Sud,médecin de santé publique,,,,,,immédiatement,Province Sud,PVS,,,2025-11-06 00:51:15+11:00,2026-10-30,,Inspecteur,,,,,,,,La date de clôture initialement prévue le 02/10/26 a été reportée,,,,,,,,,,,,PUBLIE,0,,https://data.gouv.nc/explore/dataset/avis-de-vacances-de-poste-avp-drhfpnc/files/eb9f1681b9dc504c0ffdce436ae5e65c/download/
60962,0,Médecin au centre de protection maternelle et infantile,,,25-1769,2025-11-07,Province Sud,médecin de santé publique,,,,,,immédiatement,Province Sud,PVS,,,2025-11-06 01:01:32+11:00,2026-10-30,,Inspecteur,,,,,,,,La date de clôture initialement prévue le 02/10/26 a été reportée,,,,,,,,,,,,PUBLIE,0,,https://data.gouv.nc/explore/dataset/avis-de-vacances-de-poste-avp-drhfpnc/files/5d9782ca7b38f95078137fc884c85b47/download/
