id,communique,libelle_poste,libelle_emploi_rome,code_emploi_rome,numero,date_mis_en_ligne,libelle_collectivite,libelle_corps_grade,libelle_corps_grade_2,libelle_domaine,libelle_domaine_2,duree_residence_exigee,date_a_pourvoir,date_a_pourvoir_libelle,direction_libelle,direction_acronyme,service_libelle,lieu_travail,date_creation,date_cloture,presentation,emploi_resp,mission,activites_principales,activites_secondaires,conditions_particulieres,savoir,savoir_faire,comportements,commentaire_republication,contact,contact_telephone,contact_email,contact_secondaire,contact_secondaire_telephone,contact_secondaire_email,collectivite_nom_rh,collectivite_adresse_depot,collectivite_adresse_postale,collectivite_email,collectivitefax,statut,nb_postes_a_pourvoir,a_pourvoir_autre,url_pdf
65932,0,Chargée d'études juridiques,Directeur ou expert juridique,K1903-2,26-65932/MPRH,2026-09-23,"Conseil économique, social et environnemental",attaché,,,,au moins égale à 10 ans,,immédiatement,"Conseil économique, social et environnemental",CESE,"Conseil économique, social et de l'environnement",Nouvelle-Calédonie,2026-09-11 19:43:34+11:00,2026-10-09,"4ème institution de la Nouvelle-Calédonie, le Conseil économique, social et environnemental (CESE-NC) a pour mission principale de rendre des avis/voeux et de formuler des propositions aux décideurs politiques sur les sujets économiques, sociaux , culturels et environnementaux. En tant qu'institution consultative il fait partie du processus législatif pour ce qui relève de son domaine de compétence. C'est une force de proposition sur des sujets d'intérêt général. Il participe ainsi à l'élaboration des stratégies du développement de la Nouvelle-Calédonie et de l'évaluation des politiques publiques (EPP). Il représente la société civile organisée, véritable lieu d'échange et du vivre ensemble, dans le respect des diversités faisant partie intégrante du paysage calédonien. Dans le cadre des missions du CESE-NC, le bureau des études (BdE) est le cœur de métier de l'institution,  il détient un rôle prépondérant dans la réalisation de ces travaux.",Chargé d'études juridiques,"- Commander ou conduire des études dans différents champs d'intervention pour aider à la définition des politiques publiques et des orientations juridiques et stratégiques du CESE-NC (saisines, autosaisines, contributions, pétitions citoyennes, évaluation de politiques publiques)- Collecter et organiser le traitement d'informations pour développer des fonctions d'observation et d'anticipation.","- Maitriser l'expertise juridique et de conseil en matière d'élaboration des textes législatifs et réglementaires,
- Piloter des projets d'évaluation des politiques publiques
- Rédiger les avis, vœux, contributions et synthèses du CESE NC ( saisines du gouvernement, du congrès, des provinces et du sénat coutumier);
- Organiser, conseiller et animer les réunions en lien avec les dossiers à traiter,
- Se déplacer régulièrement (quasi quotidiennement) pour des réunions extérieures dans le cadre des travaux relatifs aux saisines & autosaisines , rencontres avec des partenaires et  invités experts notamment avec l'UNC, l'IRD, les chambres consulaires et également l'ensemble des collectivités de la Nouvelle-Calédonie,
-  Rechercher, collecter et traiter l'information,
- Commander, réaliser et piloter des études (autosaisines),
- Restituer, diffuser et promouvoir les résultats d'études,",,,"- Master 2 en droit exigé pour le recrutement sur titre s'agissant d'un métier identifié comme étant pénurique,
- Environnement administratif, institutionnel de la NC,
- Droit/réglementation administrative,
- EPP
- qualités rédactionnelles et expression orale élevées,
- outils informatiques et applications,","- gérer une réunion,
- rédiger, synthétiser un ensemble d'informations,
- analyser une situation dans un contexte donné,
- maîtriser les procédures administratives de l'institution,
- Tenir les délais procéduraux.","- Capacité d'adaptation,
- Sens des relations humaines,
- Sens de l'organisation,
- Gestion du temps
- Gestion du stress
- Aisance relationnelle
- Sens de la communication
- Sens de l'écoute
- Curiosité intellectuelle
- Résolution de problèmes
- Esprit d'équipe",,Laetitia FRANCOIS,27 06 86,laetitia.francois@cese.nc,Judith MUSSARD,27 06 85,judith.mussard@cese.nc,la direction des ressources humaines et de la fonction publique de Nouvelle Calédonie,Bureaux 106 et 107 - Section recrutement - DRHFPNC - Centre administratif Jacques Iékawé - 1er étage - 18 avenue Paul Doumer - Centre-ville de Nouméa,B.P M2 - 98849 Nouméa cedex,drhfpnc.recrutement@gouv.nc,,PUBLIE,0,,https://data.gouv.nc/explore/dataset/avis-de-vacances-de-poste-avp-drhfpnc/files/cb42a620320830e456d6439421503394/download/
65812,0,Responsable du bureau de la performance du système de protection sociale,"Responsable administratif, administratif de gestion, administratif et financier",M1205-1,26-65812/MPRH,2026-09-18,Nouvelle-Calédonie,attaché,,,,,2027-01-04 11:00:00+11:00,vacant à partir du,Direction des affaires sanitaires et sociales,DASS,Service de la protection sociale,NOUMEA,2026-09-04 20:57:57+11:00,2026-10-09,"La direction des affaires sanitaires et sociales de la Nouvelle-Calédonie est une direction technique essentielle du gouvernement. Elle est chargée de concevoir, de planifier et de mettre en œuvre la politique publique de la Nouvelle-Calédonie dans les domaines fondamentaux de la santé publique et de la protection sociale. 
Pour accomplir ses missions, la DASS s'appuie sur :
- Un service « administration et support » (ressources humaines, budget, moyens généraux) ;
- Quatre services « métiers » spécialisés, dont le Service de la Protection Sociale (SPS).

Le service de la protection sociale assure un rôle stratégique et opérationnel de premier plan. Il est chargé de :
- Concevoir et mettre en œuvre les politiques de protection sociale du territoire ;
- Veiller à la performance globale et à la viabilité financière du système de protection sociale ;
- Organiser, réguler et contrôler l'offre de soins ainsi que l'offre sociale et médico-sociale ;
- Assurer le secrétariat d'instances clés, notamment le Conseil du Handicap et de la Dépendance (CHD) et la Commission Médicale des Permis de Conduire (CMPC).",Responsable administratif,"Placé(e) sous l'autorité directe du chef du service de la protection sociale, l'agent a pour missions principales d'organiser, de gérer, d'animer et de piloter le bureau.
Le poste s'inscrit dans un contexte de réforme structurelle majeure du modèle calédonien de protection sociale. En tant que responsable, vous piloterez des travaux d'analyse et de modélisation stratégique qui nourriront directement les orientations politiques du gouvernement. Votre objectif principal sera d'éclairer les décisions publiques afin d'encadrer, d'optimiser et de maîtriser l'évolution des dépenses des différents régimes sociaux, dans une constante perspective d'efficience et de pérennité du système.","En tant que responsable de bureau, vous aurez pour missions d'organiser, de gérer, d'animer et de piloter l'activité globale de votre équipe. Vos activités opérationnelles s'articuleront autour de cinq axes majeurs :

1- Pilotage des relations financières inter-institutionnelles
Assurer le suivi et la coordination des relations financières entre la Nouvelle-Calédonie, l'Agence Sanitaire et Sociale (ASS), les organismes de protection sociale (notamment la CAFAT) et les établissements de santé, médico-sociaux,

2- Suivi de la trésorerie et pilotage budgétaire
Assurer le suivi rigoureux de la trésorerie et la trajectoire financière des comptes sociaux du territoire,

3- Tutelle administrative, financière et technique
Exercer la tutelle et le contrôle des organismes de protection sociale et assurer la tutelle financière des établissements hospitaliers du territoire,

4- Régulation et politique tarifaire
Participer à la définition et à l'application de la politique tarifaire des établissements sanitaires et sociaux, ainsi qu'à celle encadrant les professionnels de santé et les fournisseurs de biens, de prestations et de matériels médicaux,

5- Animation et représentation institutionnelle
Préparer et participer activement aux différentes instances de gouvernance et commissions techniques relevant des compétences du bureau.",,,"- Formation supérieure en comptabilité, finances publiques, contrôle de gestion ou gestion de la protection sociale ;
- Expérience professionnelle dans le secteur de la protection sociale et/ou de la gestion hospitalière/sanitaire/médico-sociale ;
- Très bonne connaissance des institutions de la Nouvelle-Calédonie et de son organisation administrative ;
- Excellente compréhension de l'organisation et du fonctionnement des structures de santé et de protection sociale ;
- Maîtrise approfondie de la réglementation budgétaire, comptable et financière publique et sociale ;
- Connaissance des partenaires institutionnels (CAFAT, mutuelles, complémentaires) et fine appréhension des enjeux socio-économiques du territoire.","- Analyse et aide à la décision ;
- Pilotage de la performance ;
- Gestion de projet ;
- Compétences rédactionnelles ;
- Management et animation.","- Rigueur et objectivité ;
- Aisance relationnelle ;
- Esprit d'équipe et transversalité ;
- Disponibilité et réactivité.",,MESTRE Marie-Laure,24 37 00,direction.dass@gouv.nc,FRAYSSINET Vanessa,,rh.dass@gouv.nc,la direction des ressources humaines et de la fonction publique de Nouvelle Calédonie,Bureaux 106 et 107 - Section recrutement - DRHFPNC - Centre administratif Jacques Iékawé - 1er étage - 18 avenue Paul Doumer - Centre-ville de Nouméa,B.P M2 - 98849 Nouméa cedex,drhfpnc.recrutement@gouv.nc,,PUBLIE,3,,https://data.gouv.nc/explore/dataset/avis-de-vacances-de-poste-avp-drhfpnc/files/3aff9dfced45f8d02b7d53a6dbddca7f/download/
66013,0,DSI - Responsable qualité du SI - Service des Moyens,,,26-1386,2026-09-18,Office des postes et télécommunications,cadre d'exploitation,,,,,,autre,Office des postes et télécommunications,OPT,,,2026-09-16 21:50:20+11:00,2026-10-09,,Inspecteur,,,,,,,,,,,,,,,,,,,,PUBLIE,5,vacant,https://data.gouv.nc/explore/dataset/avis-de-vacances-de-poste-avp-drhfpnc/files/215efe1ad15a560c85ac67e20229e60e/download/
66014,0,DPS - Chargé(e) de contact clientèle - Agence de Nouméa Sud,,,26-1387,2026-09-18,Office des postes et télécommunications,agent d'exploitation,,,,,,susceptible d'être vacant,Office des postes et télécommunications,OPT,,,2026-09-16 21:52:14+11:00,2026-10-09,,Inspecteur,,,,,,,,,,,,,,,,,,,,PUBLIE,1,,https://data.gouv.nc/explore/dataset/avis-de-vacances-de-poste-avp-drhfpnc/files/5f78a99dff10e0bab432ff312b956ce0/download/
66015,0,DSI - Administrateur d'applications SI Télécom - Service Développement et Maintenance,,,26-1388,2026-09-18,Office des postes et télécommunications,ingénieur,,Informatique,,.,,autre,Office des postes et télécommunications,OPT,,,2026-09-16 21:53:45+11:00,2026-10-09,,Inspecteur,,,,,,,,,,,,,,,,,,,,PUBLIE,5,dès que possible,https://data.gouv.nc/explore/dataset/avis-de-vacances-de-poste-avp-drhfpnc/files/32a27f502311cacdfb425a54ee1e5834/download/
66020,0,DPS - AGENT POLYVALENT D'EXPLOITATION CELLULE DÉPART - CTP,,,26-1391,2026-09-18,Office des postes et télécommunications,agent d'exploitation,,,,,,susceptible d'être vacant,Office des postes et télécommunications,OPT,,,2026-09-16 22:02:24+11:00,2026-10-09,,Inspecteur,,,,,,,,,,,,,,,,,,,,PUBLIE,1,,https://data.gouv.nc/explore/dataset/avis-de-vacances-de-poste-avp-drhfpnc/files/8d49ecf499007a03c15e4a4c109c8a80/download/
66043,0,DT - Superviseur - CSNO,,,26-1402,2026-09-18,Office des postes et télécommunications,technicien,,,,,,autre,Office des postes et télécommunications,OPT,,,2026-09-16 23:52:12+11:00,2026-10-09,,Inspecteur,,,,,,,,,,,,,,,,,,,,PUBLIE,5,dès que possible,https://data.gouv.nc/explore/dataset/avis-de-vacances-de-poste-avp-drhfpnc/files/f1655356cd27dc63f4c17c0176828308/download/
66002,0,DSB - Contrôleur de la section Conformité et KYC - Centre de Production Bancaire,,,26-1378,2026-09-18,Office des postes et télécommunications,contrôleur,,,,,,susceptible d'être vacant,Office des postes et télécommunications,OPT,,,2026-09-16 21:23:12+11:00,2026-10-09,,Inspecteur,,,,,,,,,,,,,,,,,,,,PUBLIE,1,,https://data.gouv.nc/explore/dataset/avis-de-vacances-de-poste-avp-drhfpnc/files/cef2eef72cbf285af13a93a678612ab4/download/
66034,0,Auditeur - service de l'audit interne,,,26-1419,2026-09-18,Office des postes et télécommunications,cadre d'exploitation,,,,,,immédiatement,Office des postes et télécommunications,OPT,,,2026-09-16 23:40:25+11:00,2026-10-09,,Inspecteur,,,,,,,,,,,,,,,,,,,,PUBLIE,0,,https://data.gouv.nc/explore/dataset/avis-de-vacances-de-poste-avp-drhfpnc/files/c6457a3c12bd713bd41c22276b646c06/download/
66036,0,DPS - Chef de cellule polyvalent - Agence de Lifou et ses annexes,,,26-1397,2026-09-18,Office des postes et télécommunications,contrôleur,,,,,,susceptible d'être vacant,Office des postes et télécommunications,OPT,,,2026-09-16 23:42:31+11:00,2026-10-09,,Inspecteur,,,,,,,,,,,,,,,,,,,,PUBLIE,1,,https://data.gouv.nc/explore/dataset/avis-de-vacances-de-poste-avp-drhfpnc/files/6a500241f53c302405fa1e7c4f3fcff9/download/
66000,0,01 INFIRMIER (ERE),,,26-1376,2026-09-18,Centre hospitalier du Nord,infirmier en soins généraux,,Infirmiers,,.,2027-01-04 11:00:00+11:00,date,Centre hospitalier du Nord,CHN,,,2026-09-16 21:13:13+11:00,2026-10-09,,Inspecteur,,,,,,,,,,,,,,,,,,,,PUBLIE,4,,https://data.gouv.nc/explore/dataset/avis-de-vacances-de-poste-avp-drhfpnc/files/cd9e2fe743fd773f05b553e051a45696/download/
66040,0,3 Aides-soignant(e)s en pneumologie,,,26-1417,2026-09-18,"Centre hospitalier territorial ""Gaston Bourret""",aide-soignant,,Aide-soignant,,,,immédiatement,"Centre hospitalier territorial ""Gaston Bourret""",CHT,,,2026-09-16 23:48:08+11:00,2026-10-09,,Inspecteur,,,,,,,,,,,,,,,Direction des Ressources Humaines / Cellule recrutement,Direction des Ressources Humaines - Cellule recrutement - Médipôle Koutio,BP J5-98849 - Nouméa cedex,kelly.miloud@cht.nc,,PUBLIE,0,,https://data.gouv.nc/explore/dataset/avis-de-vacances-de-poste-avp-drhfpnc/files/4f84a07cbe3a6b0616175dfb883dce94/download/
66044,0,Gestionnaire des ressources humaines - section développement des carrières,,,26-1416,2026-09-18,"Centre hospitalier territorial ""Gaston Bourret""",rédacteur,,,,,2026-11-01 11:00:00+11:00,date,"Centre hospitalier territorial ""Gaston Bourret""",CHT,,,2026-09-16 23:52:47+11:00,2026-10-09,,Inspecteur,,,,,,,,,,,,,,,Direction des Ressources Humaines / Cellule recrutement,Direction des Ressources Humaines - Cellule recrutement - Médipôle Koutio,BP J5-98849 - Nouméa cedex,kelly.miloud@cht.nc,,PUBLIE,4,,https://data.gouv.nc/explore/dataset/avis-de-vacances-de-poste-avp-drhfpnc/files/11358783ee8b558af9fddb8aaa9c2940/download/
66051,0,2 Infirmier(e)s en gériatrie,,,26-1407,2026-09-18,"Centre hospitalier territorial ""Gaston Bourret""",infirmier en soins généraux,,Infirmiers,,.,2026-11-01 11:00:00+11:00,date,"Centre hospitalier territorial ""Gaston Bourret""",CHT,,,2026-09-17 00:02:18+11:00,2026-10-09,,Inspecteur,,,,,,,,,,,,,,,Direction des Ressources Humaines / Cellule recrutement,Direction des Ressources Humaines - Cellule recrutement - Médipôle Koutio,BP J5-98849 - Nouméa cedex,kelly.miloud@cht.nc,,PUBLIE,4,,https://data.gouv.nc/explore/dataset/avis-de-vacances-de-poste-avp-drhfpnc/files/f443df0a67516a184ede287a8163f3e6/download/
66055,0,2 Aide-soignant(e)s en médecine polyvalente,,,26-1410,2026-09-18,"Centre hospitalier territorial ""Gaston Bourret""",aide-soignant,,Aide-soignant,,.,,immédiatement,"Centre hospitalier territorial ""Gaston Bourret""",CHT,,,2026-09-17 00:09:33+11:00,2026-10-09,,Inspecteur,,,,,,,,,,,,,,,Direction des Ressources Humaines / Cellule recrutement,Direction des Ressources Humaines - Cellule recrutement - Médipôle Koutio,BP J5-98849 - Nouméa cedex,kelly.miloud@cht.nc,,PUBLIE,0,,https://data.gouv.nc/explore/dataset/avis-de-vacances-de-poste-avp-drhfpnc/files/2e96d838a18a7a75623b3e0241d77437/download/
66032,0,Educateur spécialisé à Hienghène,,,26-1420,2026-09-18,Province Nord,assistant socio-éducatif,,,,,,immédiatement,Province Nord,PVN,,,2026-09-16 22:28:27+11:00,2026-10-09,,Inspecteur,,,,,,,,,,,,,,,,,,,,PUBLIE,0,,https://data.gouv.nc/explore/dataset/avis-de-vacances-de-poste-avp-drhfpnc/files/19483684dc617867a0642d60c2adc604/download/
65996,0,Educateur spécialisé au dispositif C.L.A.S.S.E,,,26-1371,2026-09-18,Province Sud,assistant socio-éducatif,,,,.,2026-12-20 11:00:00+11:00,date,Province Sud,PVS,,,2026-09-16 21:05:51+11:00,2026-10-09,,Inspecteur,,,,,,,,,,,,,,,,,,,,PUBLIE,4,,https://data.gouv.nc/explore/dataset/avis-de-vacances-de-poste-avp-drhfpnc/files/6c2c13d858fbc904ba9272e26a81af6c/download/
65995,0,Gestionnaire en ressources humaines,,,26-1370,2026-09-18,Province Sud,rédacteur,,,,,,immédiatement,Province Sud,PVS,,,2026-09-16 21:03:11+11:00,2026-10-09,,Inspecteur,,,,,,,,,,,,,,,,,,,,PUBLIE,0,,https://data.gouv.nc/explore/dataset/avis-de-vacances-de-poste-avp-drhfpnc/files/0e85a5ad8446b4b7f0d40ef23993779d/download/
66045,0,Gestionnaire en ressources humaines,,,26-1403,2026-09-18,Province Sud,rédacteur,,,,,,immédiatement,Province Sud,PVS,,,2026-09-16 23:54:19+11:00,2026-10-09,,Inspecteur,,,,,,,,,,,,,,,,,,,,PUBLIE,0,,https://data.gouv.nc/explore/dataset/avis-de-vacances-de-poste-avp-drhfpnc/files/339e4c6a83086c07a022403daa09d5ce/download/
66037,0,Adjoint au chef du service des affaires budgétaires et responsable du bureau de la préparation budgétaire et du patrimoine,,,26-1398,2026-09-18,Province Sud,attaché,,,,,,immédiatement,Province Sud,PVS,,,2026-09-16 23:44:12+11:00,2026-10-09,,Inspecteur,,,,,,,,,,,,,,,,,,,,PUBLIE,0,,https://data.gouv.nc/explore/dataset/avis-de-vacances-de-poste-avp-drhfpnc/files/64dc1a2ce8875409c680d199d3da14e4/download/
66018,0,DPS - Chef de cellule distribution du courrier - CDC GN,,,26-1389,2026-09-18,Office des postes et télécommunications,contrôleur,,,,,2026-11-16 11:00:00+11:00,susceptible d'être vacant le,Office des postes et télécommunications,OPT,,,2026-09-16 21:55:54+11:00,2026-10-09,,Inspecteur,,,,,,,,,,,,,,,,,,,,PUBLIE,2,,https://data.gouv.nc/explore/dataset/avis-de-vacances-de-poste-avp-drhfpnc/files/f1dc05de46b5f70db44b68b14a43cb20/download/
66009,0,DPS - Administrateur des pratiques métiers -Section applications et pratiques métiers,,,26-1382,2026-09-18,Office des postes et télécommunications,cadre spécialiste d'exploitation,,,,,,autre,Office des postes et télécommunications,OPT,,,2026-09-16 21:43:36+11:00,2026-10-09,,Inspecteur,,,,,,,,,,,,,,,,,,,,PUBLIE,5,dès que possible,https://data.gouv.nc/explore/dataset/avis-de-vacances-de-poste-avp-drhfpnc/files/b953f3da99382fe3f13c78469bcd0b4b/download/
66010,0,DPS - Chef d'agence - Agence de Lifou et ses annexes,,,26-1383,2026-09-18,Office des postes et télécommunications,contrôleur,,,,,,susceptible d'être vacant,Office des postes et télécommunications,OPT,,,2026-09-16 21:45:23+11:00,2026-10-09,,Inspecteur,,,,,,,,,,,,,,,,,,,,PUBLIE,1,,https://data.gouv.nc/explore/dataset/avis-de-vacances-de-poste-avp-drhfpnc/files/34f72403af1ee58d145224a506ffbba5/download/
66011,0,DPS - Chargé de contact clientèle - Agence Principale,,,26-1384,2026-09-18,Office des postes et télécommunications,agent d'exploitation,,,,,2026-11-02 11:00:00+11:00,susceptible d'être vacant le,Office des postes et télécommunications,OPT,,,2026-09-16 21:46:37+11:00,2026-10-09,,Inspecteur,,,,,,,,,,,,,,,,,,,,PUBLIE,2,,https://data.gouv.nc/explore/dataset/avis-de-vacances-de-poste-avp-drhfpnc/files/03a9bfdfe96230149c49060d0da44da7/download/
66033,0,DT - Assistant Commercial Entreprises - AE,,,26-1395,2026-09-18,Office des postes et télécommunications,contrôleur,,,,,,susceptible d'être vacant,Office des postes et télécommunications,OPT,,,2026-09-16 23:38:02+11:00,2026-10-09,,Inspecteur,,,,,,,,,,,,,,,,,,,,PUBLIE,1,,https://data.gouv.nc/explore/dataset/avis-de-vacances-de-poste-avp-drhfpnc/files/5ea1b73cfba8db2b2f9f832d7e349f75/download/
66001,0,DSB - Cadre comptabilité - Centre de production bancaire,,,26-1377,2026-09-18,Office des postes et télécommunications,cadre d'exploitation,,,,,,susceptible d'être vacant,Office des postes et télécommunications,OPT,,,2026-09-16 21:21:35+11:00,2026-10-09,,Inspecteur,,,,,,,,,,,,,,,,,,,,PUBLIE,1,,https://data.gouv.nc/explore/dataset/avis-de-vacances-de-poste-avp-drhfpnc/files/9d60521b00815cca93f56f7eca3cca3c/download/
66012,0,DSB - Contrôleur Client - Centre de Production Bancaire,,,26-1385,2026-09-18,Office des postes et télécommunications,contrôleur,,,,,,susceptible d'être vacant,Office des postes et télécommunications,OPT,,,2026-09-16 21:48:35+11:00,2026-10-09,,Inspecteur,,,,,,,,,,,,,,,,,,,,PUBLIE,1,,https://data.gouv.nc/explore/dataset/avis-de-vacances-de-poste-avp-drhfpnc/files/3609801e33e72f4a67ff386b72f5d330/download/
66021,0,DPS - AGENT POLYVALENT D'EXPLOITATION CELLULE INTERNATIONAL - CTP,,,26-1392,2026-09-18,Office des postes et télécommunications,agent d'exploitation,,,,,,immédiatement,Office des postes et télécommunications,OPT,,,2026-09-16 22:04:24+11:00,2026-10-09,,Inspecteur,,,,,,,,,,,,,,,,,,,,PUBLIE,0,,https://data.gouv.nc/explore/dataset/avis-de-vacances-de-poste-avp-drhfpnc/files/911b8c9a012931f85ac29be986df46f0/download/
66035,0,DT - Chargés d'affaires Télécom Grands Comptes - AE,,,26-1396,2026-09-18,Office des postes et télécommunications,cadre d'exploitation,,,,,,susceptible d'être vacant,Office des postes et télécommunications,OPT,,,2026-09-16 23:40:39+11:00,2026-10-09,,Inspecteur,,,,,,,,,,,,,,,,,,,,PUBLIE,1,,https://data.gouv.nc/explore/dataset/avis-de-vacances-de-poste-avp-drhfpnc/files/179dac5ea181b8c97cd78b4cc3ac6b59/download/
65997,0,Secrétaire Général Adjoint,,,26-1372,2026-09-18,,emploi fonctionnel,,,,,2026-10-01 11:00:00+11:00,date,,,,,2026-09-16 21:07:41+11:00,2026-10-09,,Inspecteur,,,,,,,,,,,,,,,,,,,,PUBLIE,4,,https://data.gouv.nc/explore/dataset/avis-de-vacances-de-poste-avp-drhfpnc/files/fb8d7d0edfd95a57b7ea73b3a5333fca/download/
65994,0,Diététicien(ne),,,26-1369,2026-09-18,Agence sanitaire et sociale,diététicien,,Rééducation,,.,,autre,Agence sanitaire et sociale,ASS-NC,,,2026-09-16 21:00:52+11:00,2026-10-09,,Inspecteur,,,,,,,,,,,,,,,,,,,,PUBLIE,5,Janvier 2027,https://data.gouv.nc/explore/dataset/avis-de-vacances-de-poste-avp-drhfpnc/files/23d6e8b291a2f1fa61efcdb6c90c0a3a/download/
66030,0,2 Cuisiniers à Koné,,,26-1422,2026-09-18,Province Nord,ACDP-Grille rémunération 2-Diplôme niveau V,,,,,,immédiatement,Province Nord,PVN,,,2026-09-16 22:23:34+11:00,2026-10-09,,Inspecteur,,,,,,,,,,,,,,,,,,,,PUBLIE,0,,https://data.gouv.nc/explore/dataset/avis-de-vacances-de-poste-avp-drhfpnc/files/9fcb234887fd1014770c3c9040366fb7/download/
65999,0,1 infirmier à l'unité de soins médicaux rapprochés,,,26-1374,2026-09-18,"Centre hospitalier spécialisé ""Albert Bousquet""",infirmier en soins généraux,,Infirmiers,,.,,immédiatement,"Centre hospitalier spécialisé ""Albert Bousquet""",CHS,,,2026-09-16 21:10:45+11:00,2026-10-09,,Inspecteur,,,,,,,,,,,,,,,,,,,,PUBLIE,0,,https://data.gouv.nc/explore/dataset/avis-de-vacances-de-poste-avp-drhfpnc/files/c93393c8685b82b94f164e386bc60b84/download/
66053,0,2 Infirmier(e) en oncologie soins palliatifs,,,26-1408,2026-09-18,"Centre hospitalier territorial ""Gaston Bourret""",infirmier en soins généraux,,Infirmiers,,.,,autre,"Centre hospitalier territorial ""Gaston Bourret""",CHT,,,2026-09-17 00:05:12+11:00,2026-10-09,,Inspecteur,,,,,,,,,,,,,,,Direction des Ressources Humaines / Cellule recrutement,Direction des Ressources Humaines - Cellule recrutement - Médipôle Koutio,BP J5-98849 - Nouméa cedex,kelly.miloud@cht.nc,,PUBLIE,5,decembre 2026,https://data.gouv.nc/explore/dataset/avis-de-vacances-de-poste-avp-drhfpnc/files/26659cec78c88b752eb8411ae74e2b49/download/
66057,0,Aide-soignant(e) en médecine interne et maladies infectieuses,,,26-1411,2026-09-18,"Centre hospitalier territorial ""Gaston Bourret""",aide-soignant,,Aide-soignant,,,,immédiatement,"Centre hospitalier territorial ""Gaston Bourret""",CHT,,,2026-09-17 00:33:48+11:00,2026-10-09,,Inspecteur,,,,,,,,,,,,,,,Direction des Ressources Humaines / Cellule recrutement,Direction des Ressources Humaines - Cellule recrutement - Médipôle Koutio,BP J5-98849 - Nouméa cedex,kelly.miloud@cht.nc,,PUBLIE,0,,https://data.gouv.nc/explore/dataset/avis-de-vacances-de-poste-avp-drhfpnc/files/15b745e5a3cc797792ec24246971daa2/download/
66080,0,Directeur général (H/F),,,26-1375,2026-09-18,Chambre d'agriculture et de la pêche,attaché,,,,,,immédiatement,Chambre d'agriculture et de la pêche,Chambre d'agriculture et de la pêche,,,2026-09-18 01:10:15+11:00,2026-10-09,,Inspecteur,,,,,,,,,,,,,,,,,,,,PUBLIE,0,,https://data.gouv.nc/explore/dataset/avis-de-vacances-de-poste-avp-drhfpnc/files/882850e6217fef7be3b327bf1752f069/download/
66046,0,Chargé de mission RH,,,26-1404,2026-09-18,Congrès de la Nouvelle-Calédonie,attaché,,,,,,susceptible d'être vacant,Congrès de la Nouvelle-Calédonie,CNC,,,2026-09-16 23:56:18+11:00,2026-10-09,,Inspecteur,,,,,,,,,,,,,,,,,,,,PUBLIE,1,,https://data.gouv.nc/explore/dataset/avis-de-vacances-de-poste-avp-drhfpnc/files/0bb7ac8414e3e80cfb5d9299cdfc6680/download/
66052,0,Chef(fe) du service des finances,,,26-1413,2026-09-18,Ville du Mont-Dore,attaché,rédacteur,,,,,susceptible d'être vacant,Ville du Mont-Dore,,,,2026-09-17 00:03:58+11:00,2026-10-09,,Inspecteur,,,,,,,,,,,,,,,,,,,,PUBLIE,1,,https://data.gouv.nc/explore/dataset/avis-de-vacances-de-poste-avp-drhfpnc/files/92d0d5059247d46cea8bb4cc1ee0829a/download/
65752,0,Chef du service de la protection sociale,"Responsable administratif, administratif de gestion, administratif et financier",M1205-1,25-65752/MPRH,2026-09-18,Nouvelle-Calédonie,attaché,,,,,,immédiatement,Direction des affaires sanitaires et sociales,DASS,Service de la protection sociale,Nouméa,2026-09-03 19:58:47+11:00,2026-10-09,"La direction des affaires sanitaires et sociales (DASS) de la Nouvelle-Calédonie est responsable de la mise en œuvre de la politique du territoire en matière de santé et de protection sociale, et assure par ailleurs le service public du handicap et de la dépendance. Elle est placée sous l'autorité d'un directeur, assisté d'un directeur adjoint qui le supplée en cas d'absence. Elle s'organise autour de cinq services : administration et support, offre et qualité des soins, santé publique, protection sociale, handicap et dépendance.

La direction couvre ainsi un champ très large, qui va de la régulation de l'offre de soins et de la santé publique -- dont relève notamment la veille épidémiologique -- au financement et à la performance du système de protection sociale, jusqu'à l'accompagnement social des personnes en situation de handicap ou de dépendance.

Le service de la protection sociale est chargé de la conception et de la mise en œuvre des politiques de protection sociale, de la performance du système de protection sociale, de la régulation et du contrôle de l'offre sociale et médico-sociale.
Il assure également le secrétariat du conseil du handicap et de la dépendance et de la commission médicale des permis de conduire.",Responsable administratif,"Sous l'autorité du directeur et du directeur adjoint, le chef de service de la protection sociale encadre l'ensemble des agents intervenant dans les domaines suivants :
- l'inspection et le contrôle du respect de la réglementation sociale et médico-sociale ;
- la planification et l'organisation de l'offre sociale et médico-sociale ;
- le suivi du fonctionnement et de l'activité des établissements sociaux et médico-sociaux, en lien avec les établissements de santé et les provinces ;
- la gestion des financements alloués aux établissements et services sanitaires, sociaux et médico-sociaux relevant de la compétence de la Nouvelle-Calédonie, ainsi que le suivi des comptes sociaux ;
- la gestion de diverses commissions médico-administratives réglementaires (conseil du handicap et de la dépendance, commission médicale des permis de conduire).","Le chef de service a en charge la mise en œuvre de la politique en matière de protection sociale. A ce titre, il propose des mesures dont il instruit et évalue la faisabilité et la pertinence, contribue à l'élaboration des textes juridiques et veille à leurs conditions de mise en œuvre et leurs effets. 
Le chef de service a en charge plus particulièrement: 
- le pilotage du service ;
-l'organisation des missions d'inspection- contrôle, (proposition de la stratégie inspection-contrôle du service en lien avec les autres services de la DASS, organisation et le pilotage de missions sur la base de référentiels, rédaction de rapports de synthèse);
- l'animation ou la participation à la tutelle des organismes de protection sociale, des établissements et services sanitaires, sociaux et médico-sociaux relevant de la compétence de la Nouvelle-Calédonie notamment ;
- Les travaux relatifs aux dépenses de protection sociale ;
- l'animation de l'élaboration de la réglementation et du suivi des actions entrant dans le champ de compétences du service ;
- l'organisation de l'évaluation des  politiques publiques entrant dans le champs du service","- Participer aux commissions médico-administratives suivies par le service ;
- Participer aux astreintes ;
- Participer aux inspections, contrôles et évaluations ;
- Participer aux missions transversales confiées par le directeur.",,"- Connaissance de l'environnement institutionnel et administratif de la Nouvelle-Calédonie ;
- Connaissances budgétaires et financières et  sanitaires et sociale (maîtrise) ;
- Connaissances juridiques des systèmes d'aides sociales et de sécurité sociale ;
- expérience en méthodologie de projet ;
- grande capacité de travail, esprit d'analyse et de synthèse ;
- aptitude au management ;
- connaissance confirmée de l'organisation du domaine sanitaire et social, idéalement du contexte calédonien ou d'un territoire ultramarin/insulaire.","-  Animation d'équipe et aptitude au management ;
- Capacité de synthèse et d'analyse ;
- Disposer d'un bon relationnel nécessaire au travail en réseau ;
- Concevoir et proposer des solutions innovantes et durables dont l'impact a été mesuré ainsi que les préalables à leur mise en oeuvre.","- Faire preuve de rigueur, d'objectivité et de sens critique ;
- Savoir travailler dans l'urgence et assurer la conduite de plusieurs dossiers simultanément ;
- Avoir le sens de l'écoute et du dialogue ;
- Savoir travailler en équipe et partager l'information ;
- Bon relationnel.",,MESTRE Marie-Laure,,direction.dass@gouv.nc,FRAYSSINET Vanessa,,rh.dass@gouv.nc,la direction des ressources humaines et de la fonction publique de Nouvelle Calédonie,Bureaux 106 et 107 - Section recrutement - DRHFPNC - Centre administratif Jacques Iékawé - 1er étage - 18 avenue Paul Doumer - Centre-ville de Nouméa,B.P M2 - 98849 Nouméa cedex,drhfpnc.recrutement@gouv.nc,,PUBLIE,0,,https://data.gouv.nc/explore/dataset/avis-de-vacances-de-poste-avp-drhfpnc/files/63dc03b33d1a55048c849149f6523237/download/
65479,0,Directeur(trice) adjoint(e),Directeur des services déconcentrés de l'Administration,K1401-1,26-65479/MPRH,2026-09-18,Nouvelle-Calédonie,emploi fonctionnel,,,,,2026-11-03 11:00:00+11:00,vacant à partir du,Direction de la protection judiciaire de l'enfance et de la jeunesse,DPJEJ,,Nouméa,2026-08-13 18:29:29+11:00,2026-10-09,"La DPJEJ est chargée de mettre en œuvre la politique de la Nouvelle-Calédonie en matière de protection judiciaire de l'enfance et de la jeunesse, et notamment la réponse aux besoins de l'instruction et de l'exécution des décisions judiciaires concernant les mineurs.",Directeur,"Le directeur adjoint de la DPJEJ assiste le directeur dans la mise en œuvre de la politique publique de la Nouvelle-Calédonie en matière de protection judiciaire de l'enfance et de la jeunesse. Il garantit une prise en charge adaptée des mineurs confiés, en lien avec les services publics de la Nouvelle-Calédonie, les provinces et les associations conventionnées.","- Contribuer à la gestion des services de la direction ;
- S'assurer des conditions de mise en œuvre des décisions judiciaires et évaluer la politique de prise en charge ;
- Participer à l'élaboration du schéma néo-calédonien de protection de l'enfance, en lien avec les partenaires concernés ;
- Assurer le pilotage, le suivi, le contrôle et l'évaluation de l'action éducative et des activités des établissements, services et unités ;
- Veiller à l'adaptation des missions de la DPJEJ à l'évolution des orientations gouvernementales en matière de protection de l'enfance ou de jeunesse en difficulté ;
- Animer et encadrer les services du pôle pédagogique.",Le directeur adjoint peut représenter le directeur lors de réunions ou participer à des projets transversaux à la collectivité.,"- Permis B exigé ;
- Grande disponibilité requise.","- Formation de directeur des services ENPJJ, certificat d'aptitude aux fonctions de directeur d'établissement sanitaire et social, diplôme d'état en ingénierie social
- Excellente connaissance des dispositifs de protection de l'enfance, du droit des mineurs, du code de justice pénal des mineurs ( CJPM) et des dynamiques interinstitutionnelles ;
- Maîtrise des enjeux sociaux, sanitaires, culturels et juridiques propres à la Nouvelle-Calédonie ;
- Compétences en gestion des ressources humaines et en gestion budgétaire.","- Solide expérience du management stratégique et opérationnel dans des environnements complexes ;
- Expertise en conduite de projets, pilotage d'organisation, gestion de crise ;
- Capacité avérée de négociation, d'analyse juridique, et de coordination interinstitutionnelle ;
- Qualités rédactionnelles, diplomatie, sens de l'initiative et engagement dans le service public.","- Forte réactivité, sens de l'anticipation ;
- Autorité naturelle, sens de l'écoute et de l'arbitrage ;
- Goût du travail en réseau, sens de l'intérêt général et de la confidentialité.",,"Monsieur Paulo WATOENE, Directeur de la DPJEJ",23 25 84,direction.dpjej@gouv.nc,,,,la direction des ressources humaines et de la fonction publique de Nouvelle Calédonie,Bureaux 106 et 107 - Section recrutement - DRHFPNC - Centre administratif Jacques Iékawé - 1er étage - 18 avenue Paul Doumer - Centre-ville de Nouméa,B.P M2 - 98849 Nouméa cedex,drhfpnc.recrutement@gouv.nc,,PUBLIE,3,,https://data.gouv.nc/explore/dataset/avis-de-vacances-de-poste-avp-drhfpnc/files/6d25aea6cad121f52fed6642036622e2/download/
66047,0,1 Contrôleur de gestion,,,26-1405,2026-09-18,"Centre hospitalier territorial ""Gaston Bourret""",attaché,,,,,,autre,"Centre hospitalier territorial ""Gaston Bourret""",CHT,,,2026-09-16 23:58:04+11:00,2026-10-09,,Inspecteur,,,,,,,,,,,,,,,Direction des Ressources Humaines / Cellule recrutement,Direction des Ressources Humaines - Cellule recrutement - Médipôle Koutio,BP J5-98849 - Nouméa cedex,kelly.miloud@cht.nc,,PUBLIE,5,novembre 2026,https://data.gouv.nc/explore/dataset/avis-de-vacances-de-poste-avp-drhfpnc/files/548e21f379ea84cf98d36714537ed505/download/
66048,0,1 Préparateur en pharmacie hospitalière,,,26-1406,2026-09-18,"Centre hospitalier territorial ""Gaston Bourret""",préparateur en pharmacie,,Médico-technique,,.,,autre,"Centre hospitalier territorial ""Gaston Bourret""",CHT,,,2026-09-16 23:59:58+11:00,2026-10-09,,Inspecteur,,,,,,,,,,,,,,,Direction des Ressources Humaines / Cellule recrutement,Direction des Ressources Humaines - Cellule recrutement - Médipôle Koutio,BP J5-98849 - Nouméa cedex,kelly.miloud@cht.nc,,PUBLIE,5,novembre 2026,https://data.gouv.nc/explore/dataset/avis-de-vacances-de-poste-avp-drhfpnc/files/17d45264a4e37dca7eefc8ed493f3221/download/
66054,0,3 Infirmier(e)s en pneumologie,,,26-1409,2026-09-18,"Centre hospitalier territorial ""Gaston Bourret""",infirmier en soins généraux,,Infirmiers,,.,,immédiatement,"Centre hospitalier territorial ""Gaston Bourret""",CHT,,,2026-09-17 00:07:18+11:00,2026-10-09,,Inspecteur,,,,,,,,,,,,,,,Direction des Ressources Humaines / Cellule recrutement,Direction des Ressources Humaines - Cellule recrutement - Médipôle Koutio,BP J5-98849 - Nouméa cedex,kelly.miloud@cht.nc,,PUBLIE,0,,https://data.gouv.nc/explore/dataset/avis-de-vacances-de-poste-avp-drhfpnc/files/94063e54837ba76c96f010bcf499d92b/download/
66038,0,Directeur(trice),,,26-1418,2026-09-18,Conservatoire des arts,emploi fonctionnel,,,,,2026-12-28 11:00:00+11:00,date,Conservatoire des arts,CDA-NC,,,2026-09-16 23:45:41+11:00,2026-10-09,,Inspecteur,,,,,,,,,,,,,,,,,,,,PUBLIE,4,,https://data.gouv.nc/explore/dataset/avis-de-vacances-de-poste-avp-drhfpnc/files/55e0a570e732571f1fd1faf268f8897b/download/
65998,0,Secrétaire général adjoint chargé du développement  et de l'épanouissement de la personne,,,26-1373,2026-09-18,Province Sud,emploi fonctionnel,,,,,,immédiatement,Province Sud,PVS,,,2026-09-16 21:09:32+11:00,2026-10-09,,Inspecteur,,,,,,,,,,,,,,,,,,,,PUBLIE,0,,https://data.gouv.nc/explore/dataset/avis-de-vacances-de-poste-avp-drhfpnc/files/858717d93344770a3f1e1771c13f62a3/download/
66039,0,Product Manager Officer,,,26-1399,2026-09-18,Province Sud,ingénieur,,Informatique,,.,,immédiatement,Province Sud,PVS,,,2026-09-16 23:46:11+11:00,2026-10-09,,Inspecteur,,,,,,,,,,,,,,,,,,,,PUBLIE,0,,https://data.gouv.nc/explore/dataset/avis-de-vacances-de-poste-avp-drhfpnc/files/4c44b9e36b44e10b72f6d594ff916895/download/
66041,0,Administrateur Système Applicatif,,,26-1400,2026-09-18,Province Sud,ingénieur,,Informatique,,.,,immédiatement,Province Sud,PVS,,,2026-09-16 23:48:30+11:00,2026-10-09,,Inspecteur,,,,,,,,,,,,,,,,,,,,PUBLIE,0,,https://data.gouv.nc/explore/dataset/avis-de-vacances-de-poste-avp-drhfpnc/files/4dc948903490af65d08b5b141e5c345a/download/
66019,0,DPS - Préposé à la distribution à domicile - CDC Nouméa,,,26-1390,2026-09-18,Office des postes et télécommunications,préposé à la distribution postale,,,,,2026-11-01 11:00:00+11:00,date,Office des postes et télécommunications,OPT,,,2026-09-16 21:58:13+11:00,2026-10-09,,Inspecteur,,,,,,,,,,,,,,,,,,,,PUBLIE,4,,https://data.gouv.nc/explore/dataset/avis-de-vacances-de-poste-avp-drhfpnc/files/e0518b568b25cffa36b707a72bab9560/download/
66042,0,DT - Assistant administratif et opérationnel - CSNOC,,,26-1401,2026-09-18,Office des postes et télécommunications,contrôleur,,,,,2026-12-08 11:00:00+11:00,date,Office des postes et télécommunications,OPT,,,2026-09-16 23:50:14+11:00,2026-10-09,,Inspecteur,,,,,,,,,,,,,,,,,,,,PUBLIE,4,,https://data.gouv.nc/explore/dataset/avis-de-vacances-de-poste-avp-drhfpnc/files/57561bd29938e17f8d9a9866559c2e42/download/
66003,0,DMI - Magasinier polyvalent - CENTRAL,,,26-1379,2026-09-18,Office des postes et télécommunications,agent technique,,,,,,susceptible d'être vacant,Office des postes et télécommunications,OPT,,,2026-09-16 21:26:10+11:00,2026-10-09,,Inspecteur,,,,,,,,,,,,,,,,,,,,PUBLIE,1,,https://data.gouv.nc/explore/dataset/avis-de-vacances-de-poste-avp-drhfpnc/files/e157ee2dc15e108df8764d3bbf5ad605/download/
66007,0,DPS - Chargé(e) de contact clientèle - Agence Belle-Vie,,,26-1381,2026-09-18,Office des postes et télécommunications,agent d'exploitation,,,,,,susceptible d'être vacant,Office des postes et télécommunications,OPT,,,2026-09-16 21:42:03+11:00,2026-10-09,,Inspecteur,,,,,,,,,,,,,,,,,,,,PUBLIE,1,,https://data.gouv.nc/explore/dataset/avis-de-vacances-de-poste-avp-drhfpnc/files/a53fb25ae766b9d18e5be338e5258547/download/
66005,0,DPS - Chef de cellule guichet - Agence Mont Dore et ses annexes,,,26-1380,2026-09-18,Office des postes et télécommunications,agent d'exploitation,contrôleur,,,,,susceptible d'être vacant,Office des postes et télécommunications,OPT,,,2026-09-16 21:39:39+11:00,2026-10-09,,Inspecteur,,,,,,,,,,,,,,,,,,,,PUBLIE,1,,https://data.gouv.nc/explore/dataset/avis-de-vacances-de-poste-avp-drhfpnc/files/695b8043ac997750595dd435694e47bd/download/
66049,0,Référent planification et coordination,,,26-1415,2026-09-18,,ingénieur,,Equipement,,,,immédiatement,,,,,2026-09-17 00:00:14+11:00,2026-10-09,,Inspecteur,,,,,,,,,,,,,,,,,,,,PUBLIE,0,,https://data.gouv.nc/explore/dataset/avis-de-vacances-de-poste-avp-drhfpnc/files/9b77cbeb0a70b0fad96021b365bcaab4/download/
66050,0,Juriste,,,26-1414,2026-09-18,,attaché,,,,,2027-01-01 11:00:00+11:00,date,,,,,2026-09-17 00:01:24+11:00,2026-10-09,,Inspecteur,,,,,,,,,,,,,,,,,,,,PUBLIE,4,,https://data.gouv.nc/explore/dataset/avis-de-vacances-de-poste-avp-drhfpnc/files/76d87032267091819824c28292a8af04/download/
66027,0,Adjoint d'éducation à Poindimié,,,26-1424,2026-09-18,Province Nord,adjoint d'éducation,,,,,2027-02-09 11:00:00+11:00,date,Province Nord,PVN,,,2026-09-16 22:19:43+11:00,2026-10-09,,Inspecteur,,,,,,,,,,,,,,,,,,,,PUBLIE,4,,https://data.gouv.nc/explore/dataset/avis-de-vacances-de-poste-avp-drhfpnc/files/3b01981af6bcf54961f1cc5df572409b/download/
66026,0,Chef de projets,,,26-1425,2026-09-18,Province Nord,ingénieur,,Informatique,,,,immédiatement,Province Nord,PVN,,,2026-09-16 22:18:19+11:00,2026-10-09,,Inspecteur,,,,,,,,,,,,,,,,,,,,PUBLIE,0,,https://data.gouv.nc/explore/dataset/avis-de-vacances-de-poste-avp-drhfpnc/files/8ac3833b3e6f74d1994b7cea14a994b7/download/
66029,0,Psychologue scolaire - secteur de Canala,,,26-1423,2026-09-18,Province Nord,psychologue,,médico-sociale et travail,,,,immédiatement,Province Nord,PVN,,,2026-09-16 22:21:20+11:00,2026-10-09,,Inspecteur,,,,,,,,,,,,,,,,,,,,PUBLIE,0,,https://data.gouv.nc/explore/dataset/avis-de-vacances-de-poste-avp-drhfpnc/files/4f3d0b765f92ae458ae361c1f0eb4ad6/download/
66031,0,Adjoint(e) d'éducation à Koumac,,,26-1421,2026-09-18,Province Nord,adjoint d'éducation,,,,,2027-02-05 11:00:00+11:00,date,Province Nord,PVN,,,2026-09-16 22:27:04+11:00,2026-10-09,,Inspecteur,,,,,,,,,,,,,,,,,,,,PUBLIE,4,,https://data.gouv.nc/explore/dataset/avis-de-vacances-de-poste-avp-drhfpnc/files/dd5521f216f591c8d6284dfd4c8ee9a3/download/
66025,0,Coordinateur des actions éducatives des internats,,,26-1426,2026-09-18,Province Nord,attaché,rédacteur,,,,,immédiatement,Province Nord,PVN,,,2026-09-16 22:17:05+11:00,2026-10-09,,Inspecteur,,,,,,,,,,,,,,,,,,,,PUBLIE,0,,https://data.gouv.nc/explore/dataset/avis-de-vacances-de-poste-avp-drhfpnc/files/90f4c968acd57b0e1a3e124af160124f/download/
65878,0,1 Chirurgien-dentiste,,,26-1344,2026-09-11,Province des îles Loyauté,cadre de santé,,Cadre de santé,,au moins égale a 10 ans,,immédiatement,Province des îles Loyauté,PIL,,,2026-09-10 02:14:28+11:00,2026-10-02,,Inspecteur,,,,,,,,,,,,,,,"la direction de l'administration générale de la province des îles Loyauté, service des RH",Hôtel de la province des îles Loyauté à Wé - Lifou,BP 50 - 98820 WE LIFOU,dag-recrutement@loyalty.nc,45.51.30,PUBLIE,0,,https://data.gouv.nc/explore/dataset/avis-de-vacances-de-poste-avp-drhfpnc/files/d7f9720cc67b98256c1692ce46dde20c/download/
65885,0,Un professeur agrégé ou certifié en Economie-Gestion Option B,,,26-1350,2026-09-11,Université de Nouvelle-Calédonie,professeur des écoles,,,,,2027-02-01 11:00:00+11:00,date,Université de Nouvelle-Calédonie,UNC,,,2026-09-10 03:56:04+11:00,2026-10-02,,Inspecteur,,,,,,,,,,,,,,,,,,,,PUBLIE,4,,https://data.gouv.nc/explore/dataset/avis-de-vacances-de-poste-avp-drhfpnc/files/0e0a5b1554e49408d5a01f9dd67df146/download/
65884,0,Un professeur agrégé ou certifié en Anglais,,,26-1349,2026-09-11,Université de Nouvelle-Calédonie,professeur des écoles,,,,,2027-02-01 11:00:00+11:00,date,Université de Nouvelle-Calédonie,UNC,,,2026-09-10 03:52:06+11:00,2026-10-02,,Inspecteur,,,,,,,,,,,,,,,,,,,,PUBLIE,4,,https://data.gouv.nc/explore/dataset/avis-de-vacances-de-poste-avp-drhfpnc/files/147112f8fcba852b79b0f2f122857e7d/download/
64956,0,Ingénieur en systèmes d'information décisionnels et analyse de données,"Statisticien, Ingénieur statisticien",M1403-3,26-64956/MPRH,2026-09-11,Nouvelle-Calédonie,ingénieur,,Informatique,,Ingénieur 2ème grade domaine informatique : au moins égale à 5 ans.,,immédiatement,Direction du budget et des affaires financières,DBAF,"Service du support métier, de la statistique et de la prospective",Nouméa,2026-07-10 03:17:16+11:00,2026-10-02,"La direction du budget et des affaires financières a pour mission principale la préparation et l'exécution du budget de la Nouvelle-Calédonie ainsi que le suivi et le contrôle des établissements publics et des collectivités locales. La direction, composée de 63 agents, est amenée à évoluer fortement dans les années à venir.

D'une part, la Nouvelle-Calédonie est engagée dans une réforme de la gestion des finances publiques qui imposera de nombreux changements opérationnels et décisionnels. D'autre part, en lien avec cette réforme, la direction a vocation à se professionnaliser sur les métiers financiers pour apporter une véritable valeur ajoutée à la collectivité et ses décideurs en matière de prospective, d'analyse, d'évaluation des décisions financières.",Statisticien,"Le service support métier, de la statistique et de la prospective est composé de 7 agents  spécialisés et répartis en deux sections : 
1. La section de l'assistance et du support métier est en charge notamment du soutien aux utilisateurs des plateformes de gestion financière et des marchés publics. 

2. La section statistique et prospective est en charge notamment de la mise en place d'un système d'information décisionnel associé au développement d'un modèle de projection budgétaire et macroéconomique. 

Au sein de la section statistique et prospective, l'ingénieur en systèmes d'information décisionnels et analyse de données contribue à la conception, au développement et à l'exploitation du système d'information décisionnel de la direction. Il organise et sécurise les chaînes de collecte, d'intégration, de traitement et de restitution des données budgétaires, financières et économiques nécessaires à la production d'indicateurs, de tableaux de bord et d'analyses prospectives.

Il participe, en lien avec les compétences statistiques et métiers du service, au développement et à l'amélioration des outils de modélisation, de prévision et d'aide à la décision de la direction.","- Concevoir et faire évoluer l'architecture fonctionnelle et technique du système d'information décisionnel servant aux travaux statistiques et prospectifs de la direction ;
- Structurer et administrer les bases de données associées ;
- Concevoir et automatiser les chaînes de traitement de données, en veillant à leur fiabilité, leur traçabilité et leur reproductibilité ;
- Contribuer à l'intégration et à l'amélioration technique du modèle de projection budgétaire et macroéconomique développé par la direction ;
- Développer des tableaux de bord, des outils de visualisation et des solutions d'aide à la décision à destination des services, des directions et des élus ;
- Réaliser des traitements et analyses de données et contribuer à la production d'indicateurs de suivi et de performance ;
- Participer, en lien avec les experts métiers, aux travaux de prospective, à la préparation du débat d'orientation budgétaire et à la production des rapports et notes associés ; - Documenter les outils, les traitements, les modèles de données et les procédures mis en œuvre ;
- Participer de manière transversale aux projets de la direction en lien avec les données, les systèmes d'information et l'aide à la décision.",,,"- Diplôme de niveau 7 dans le domaine de l'informatique, des systèmes d'information, de l'ingénierie des données, de l'informatique décisionnelle ou de la science des données.
- Conception et architecture des systèmes d'information ;
- Modélisation, structuration et gestion des bases de données ;
- Développement informatique et automatisation des traitements ;
- Outils d'analyse, de visualisation et d'informatique décisionnelle ;
- Principes de documentation des systèmes et des données ;
- Méthodes statistiques appliquées à l'analyse de données ;
- Une connaissance de l'environnement budgétaire, financier ou économique public serait appréciée.","- Concevoir et développer des chaînes automatisées de collecte et de traitement de données ;
- Développer et maintenir des outils d'analyse, de prévision et de visualisation ;
- Contrôler la qualité, la cohérence et la traçabilité des données ;
- Exploiter des méthodes statistiques dans un environnement informatique ;
- Travailler avec des experts métiers afin de traduire leurs besoins en outils opérationnels d'aide à la décision.","- Bonnes qualités relationnelles et sens de la communication ;
- Organisation, rigueur et autonomie ;
- Capacité d'analyse, de synthèse et d'initiative ;
- Qualités rédactionnelles.",,TALAHA Audrey - Cheffe de service,25 60 09,audrey.talaha@gouv.nc,DEVEAUX Gwenaelle - Directrice adjointe,25 60 82,,la direction des ressources humaines et de la fonction publique de Nouvelle Calédonie,Bureaux 106 et 107 - Section recrutement - DRHFPNC - Centre administratif Jacques Iékawé - 1er étage - 18 avenue Paul Doumer - Centre-ville de Nouméa,B.P M2 - 98849 Nouméa cedex,drhfpnc.recrutement@gouv.nc,,PUBLIE,0,,https://data.gouv.nc/explore/dataset/avis-de-vacances-de-poste-avp-drhfpnc/files/dc389fdbc891918d3b76e0edf5e73bb6/download/
65876,0,Soigneur au bureau zoologique du parc provincial zoologique et forestier Michel Corbasson,,,26-1342,2026-09-11,Province Sud,technicien adjoint,,Economie rurale,,au moins égale a 10 ans,2027-04-01 11:00:00+11:00,date,Province Sud,PVS,,noumea,2026-09-10 02:05:07+11:00,2026-10-02,,Inspecteur,,,,,,,,,,,,,,,,,,,,PUBLIE,4,,https://data.gouv.nc/explore/dataset/avis-de-vacances-de-poste-avp-drhfpnc/files/43f0b3352749e4c936011d7a9539d914/download/
65894,0,Chargé de projets vie scolaire et actions éducatives -  Mission d'un an renouvelable,,,26-1358,2026-09-11,Province Sud,attaché,professeur des écoles,,,,2027-01-15 11:00:00+11:00,date,Province Sud,PVS,,,2026-09-10 04:24:54+11:00,2026-10-02,,Inspecteur,,,,,,,,,,,,,,,,,,,,PUBLIE,4,,https://data.gouv.nc/explore/dataset/avis-de-vacances-de-poste-avp-drhfpnc/files/719710c9887bbe62c32c9730fbc02db4/download/
64873,1,Conseiller(e) pédagogique- Inspection 4ème circonscription,"Coordinateur (de formateurs, de stages de formation professionnelle, pédagogique, de dispositif de formation)",K2102-1,26-64873/MPRH,2026-09-11,Nouvelle-Calédonie,professeur des écoles,instituteur,,,,2027-02-01 11:00:00+11:00,date,Direction de l'enseignement de la Nouvelle-Calédonie,DENC,4ème circonscription,Poindimié,2026-07-07 19:10:28+11:00,2026-10-02,,Conseiller pédagogique,"Présentation de la direction 
 La direction de l'enseignement de la Nouvelle-Calédonie est chargée :
- des programmes scolaires de l'école primaire publique, sous réserve de la compétence des provinces pour leur adaptation en fonction des réalités culturelles et linguistiques ;
- de la formation initiale et continue des maîtres de l'enseignement primaire public ;
- du contrôle pédagogique de l'enseignement primaire public, c'est à dire notamment de l'animation, de l'aide et de l'inspection pédagogiques dans les écoles publiques ;
La direction comprend, une antenne à Koné, un service pédagogique, un service administratif et financier, un service de la prévention du décrochage scolaire et 7 circonscriptions.

 La 4ème circonscription est située en Province Nord. Celle-ci exerce sur les communes de Hienghène,  Poindimié, Ponérihouen, Houaïlou, Kouaoua, Canala. Nakety, Pouebo. 

Missions : Placé  sous  l'autorité  de  l'inspecteur  de  l'enseignement  primaire  au  sein  de  la  4ème   circonscription, le  conseiller pédagogique est titulaire d'un CAFIPEMF (Certificat d'aptitude aux fonctions d'instituteur ou de professeur des écoles maître formateur), et détenteur de compétences avérées dans l'usage des technologies de l'information et de la communication pour l'enseignement (TICE). Il est souhaité qu'il porte un intérêt pour la formation ouverte à distance (FOAD).
Il inscrit son action dans le cadre du projet de service de la DENC et du programme de travail de la circonscription, validé par le directeur de l'enseignement de la Nouvelle-Calédonie.","Former les enseignants dans leurs pratiques professionnelles quotidiennes, en accompagnant en priorité les nouveaux nommés ;
- Concevoir et organiser des animations pédagogiques ;
- Assister les équipes enseignantes dans l'organisation et le fonctionnement des cycles pédagogiques, contribuer à la réalisation et au suivi des projets d'école ;
- Favoriser le développement des usages du numérique dans la mise en œuvre des programmes et du socle commun des connaissances et des compétences et promouvoir l'utilisation des nouvelles technologies en favorisant l'émergence de projets pédagogiques intégrant leur utilisation. 

Expertise pédagogique:
- Participer à l'élaboration des documents et outils d'accompagnement des nouveaux programmes ;
- Participer à la mise en œuvre des projets pédagogiques d'envergure ;
Caractéristique particulières de l'emploi : Les missions dévolues à l'agent recruté à Poindimié nécessitent des déplacements fréquents sur de longues distances
- Aider à l'intégration harmonieuse des TICE dans les stratégies d'apprentissage et d'enseignement ;
- Participer de manière secondaire à l'élaboration de sujets de concours et à certains jurys.

Activités secondaires : Activités secondaires : missions  et/ou  affectation ponctuelle sur une autre circonscription  en fonction des besoins de  la direction de l'enseignement.
 
Caractéristiques particulières de l'emploi : Les missions dévolues à l'agent recruté à Poindimié nécessitent des déplacements fréquents sur de longues distances.",,,"Titulaire d'un  CAFIPEMF (Certificat d'aptitude aux fonctions d'instituteur ou de professeur des écoles maître formateur)  ou vivement souhaité;
- Parfaite connaissance des programmes scolaires et culture pédagogique actualisée pour les 3 cycles de l'école primaire ;
- Bonne connaissance du système éducatif et de la répartition des compétences de l'enseignement en Nouvelle-Calédonie ;
- Bonne culture générale ;
- Disposer de bonnes connaissances des approches pédagogiques et didactiques ;
- Maîtriser les technologies de l'information et de la communication ;
- Bonne connaissance des TICE et de la FOAD.","Assister les équipes d'enseignants ;
- Organiser et mener des sessions de formation initiale et continue ;
- Concevoir des outils pédagogiques.","- Rigueur ;
- Sens de l'organisation ;
- Curiosité intellectuelle ;
- Qualités relationnelles ;
- Esprit d'équipe ;
- Sens de l'écoute ;
- Professionnalisme ;
- Capacité à rendre compte.",,Stéphane FONS,77 56 92,stephane.fons@gouv.nc,Christelle VARNEY,77 62 76,christelle.vraney@gouv.nc,la direction des ressources humaines et de la fonction publique de Nouvelle Calédonie,Bureaux 106 et 107 - Section recrutement - DRHFPNC - Centre administratif Jacques Iékawé - 1er étage - 18 avenue Paul Doumer - Centre-ville de Nouméa,B.P M2 - 98849 Nouméa cedex,drhfpnc.recrutement@gouv.nc,,PUBLIE,4,,https://data.gouv.nc/explore/dataset/avis-de-vacances-de-poste-avp-drhfpnc/files/45d682dd56401ab883bea9b8814d8bf7/download/
65216,0,Conseiller(e) pédagogique-4ème circonscription-Poindimié,"Coordinateur (de formateurs, de stages de formation professionnelle, pédagogique, de dispositif de formation)",K2102-1,26-65216/MPRH,2026-09-11,Nouvelle-Calédonie,professeur des écoles,instituteur,,,,2027-01-01 11:00:00+11:00,vacant à partir du,Direction de l'enseignement de la Nouvelle-Calédonie,DENC,4ème circonscription,POINDIMIE,2026-07-29 03:21:01+11:00,2026-10-02,"La direction de l'enseignement de la Nouvelle-Calédonie est chargée :
- des programmes scolaires de l'école primaire publique, sous réserve de la compétence des provinces pour leur adaptation en fonction des réalités culturelles et linguistiques ;
- de la formation initiale et continue des maîtres de l'enseignement primaire public ;
- du contrôle pédagogique de l'enseignement primaire public, c'est à dire notamment de l'animation, de l'aide et de l'inspection pédagogiques dans les écoles publiques ;
La direction comprend, une antenne à Koné, un service pédagogique, un service administratif et financier, un service de la prévention du décrochage scolaire et 7 circonscriptions.

 La 4ème circonscription est située en Province Nord. Celle-ci exerce sur les communes de Hienghène,  Poindimié, Ponérihouen, Houaïlou, Kouaoua, Canala. Nakety, Pouebo.",Conseiller pédagogique,"Placé  sous  l'autorité  de  l'inspecteur  de  l'enseignement  primaire  au  sein  de  la  4ème   circonscription, le ou la  conseiller(e) pédagogique est titulaire d'un CAFIPEMF (Certificat d'aptitude aux fonctions d'instituteur ou de professeur des écoles maître formateur), et détenteur de compétences avérées dans l'usage des technologies de l'information et de la communication pour l'enseignement (TICE). Il est souhaité qu'il porte un intérêt pour la formation ouverte à distance (FOAD).
Il inscrit son action dans le cadre du projet de service de la DENC et du programme de travail de la circonscription, validé par la directrice de l'enseignement de la Nouvelle-Calédonie.","Former les enseignants dans leurs pratiques professionnelles quotidiennes, en accompagnant en priorité les nouveaux nommés ;
- Concevoir et organiser des animations pédagogiques ;
- Assister les équipes enseignantes dans l'organisation et le fonctionnement des cycles pédagogiques, contribuer à la réalisation et au suivi des projets d'école ;
- Favoriser le développement des usages du numérique dans la mise en œuvre des programmes et du socle commun des connaissances et des compétences et promouvoir l'utilisation des nouvelles technologies en favorisant l'émergence de projets pédagogiques intégrant leur utilisation. 

Expertise pédagogique:
- Participer à l'élaboration des documents et outils d'accompagnement des nouveaux programmes ;
- Participer à la mise en œuvre des projets pédagogiques d'envergure ;
Caractéristique particulières de l'emploi : Les missions dévolues à l'agent recruté  en résidence administrative à Poindimié nécessitent des déplacements fréquents sur de longues distances
- Aider à l'intégration harmonieuse des TICE dans les stratégies d'apprentissage et d'enseignement ;
- Assurer un reporting régulier à sa hiérarchie sur les activités conduites et les déplacements professionnels effectués via les outils de gestion de la direction;","- Participation à des jurys d'examen et/ou de concours, ou bien à leur préparation ;
- Missions et/ou affectation ponctuelle sur une circonscription en fonction des besoins de  la direction de l'enseignement;",Les missions dévolues à l'agent recruté à Poindimié nécessitent des déplacements fréquents sur de longues distances.,"Titulaire d'un  CAFIPEMF (Certificat d'aptitude aux fonctions d'instituteur ou de professeur des écoles maître formateur)  ;
- Parfaite connaissance des programmes scolaires et culture pédagogique actualisée pour les 3 cycles de l'école primaire ;
- Bonne connaissance du système éducatif et de la répartition des compétences de l'enseignement en Nouvelle-Calédonie ;
- Bonne culture générale ;
- Disposer de bonnes connaissances des approches pédagogiques et didactiques ;
- Maîtriser les technologies de l'information et de la communication ;
- Bonne connaissance des TICE et de la FOAD.","- Assister les équipes d'enseignants ;
- Organiser et mener des sessions de formation initiale et continue ;
- Concevoir des outils pédagogiques.","- Rigueur ;
- Sens de l'organisation ;
- Curiosité intellectuelle ;
- Qualités relationnelles ;
- Esprit d'équipe ;
- Sens de l'écoute ;
- Professionnalisme ;
- Capacité à rendre compte.",,Stéphane FONS,77 56 92,stephane.fons@gouv.nc,Sabine RIPOLL,23 95 90,denc.safco.rh@gouv.nc,la direction des ressources humaines et de la fonction publique de Nouvelle Calédonie,Bureaux 106 et 107 - Section recrutement - DRHFPNC - Centre administratif Jacques Iékawé - 1er étage - 18 avenue Paul Doumer - Centre-ville de Nouméa,B.P M2 - 98849 Nouméa cedex,drhfpnc.recrutement@gouv.nc,,PUBLIE,3,,https://data.gouv.nc/explore/dataset/avis-de-vacances-de-poste-avp-drhfpnc/files/dd772301b96adbf03b1e728821411683/download/
65892,0,Agent d'entretien et d'exploitation,,,26-1356,2026-09-11,,ACDP-Grille rémunération 1-Sans diplôme,,,,,2026-11-06 11:00:00+11:00,date,,,,,2026-09-10 04:12:40+11:00,2026-10-02,,Inspecteur,,,,,,,,,,,,,,,,,,,,PUBLIE,4,,https://data.gouv.nc/explore/dataset/avis-de-vacances-de-poste-avp-drhfpnc/files/b0cddfec27ba8203a656aedd656131d4/download/
65900,0,Agent d'entretien polyvalent (Koumac-Ouegoa),,,26-1364,2026-09-11,Province Nord,ACDP-Grille rémunération 2-Diplôme niveau V,,,,,2027-02-03 11:00:00+11:00,date,Province Nord,PVN,,,2026-09-10 04:44:15+11:00,2026-10-02,,Inspecteur,,,,,,,,,,,,,,,,,,,,PUBLIE,4,,https://data.gouv.nc/explore/dataset/avis-de-vacances-de-poste-avp-drhfpnc/files/65548af24e361627e84af283ef258fbb/download/
65899,0,Adjoint(e) d'éducation -Koumac Dortoir garçons,,,26-1363,2026-09-11,Province Nord,adjoint d'éducation,,,,,2027-02-05 11:00:00+11:00,date,Province Nord,PVN,,,2026-09-10 04:41:04+11:00,2026-10-02,,Inspecteur,,,,,,,,,,,,,,,,,,,,PUBLIE,4,,https://data.gouv.nc/explore/dataset/avis-de-vacances-de-poste-avp-drhfpnc/files/2bed6075ed603d09482cf4c7870bdca6/download/
65896,0,INFIRMIER EN PRATIQUE AVANCÉE - POUM,,,26-1360,2026-09-11,Province Nord,infirmier en soins généraux,,Infirmiers,,.,,autre,Province Nord,PVN,,,2026-09-10 04:32:35+11:00,2026-10-02,,Inspecteur,,,,,,,,,,,,,,,,,,,,PUBLIE,5,dès que possible,https://data.gouv.nc/explore/dataset/avis-de-vacances-de-poste-avp-drhfpnc/files/d3ac7372060ec7308ad616cd3a9ca084/download/
65877,0,1 Technicien(ne) de maintenance en informatique,,,26-1343,2026-09-11,Province des îles Loyauté,technicien,,Informatique,,au moins égale a 10 ans,,immédiatement,Province des îles Loyauté,PIL,,,2026-09-10 02:10:38+11:00,2026-10-02,,Inspecteur,,,,,,,,,,,,,,,"la direction de l'administration générale de la province des îles Loyauté, service des RH",Hôtel de la province des îles Loyauté à Wé - Lifou,BP 50 - 98820 WE LIFOU,dag-recrutement@loyalty.nc,45.51.30,PUBLIE,0,,https://data.gouv.nc/explore/dataset/avis-de-vacances-de-poste-avp-drhfpnc/files/542fc5290d15bcd0fdbdd4446491bbd0/download/
65501,0,Statisticien(ne),"Statisticien, Ingénieur statisticien",M1403-3,26-65501/MPRH,2026-09-11,Nouvelle-Calédonie,ingénieur,attaché,Statistiques,,Ingénieur 2e grade du domaine statistiques : au moins égale à 5 ans,,immédiatement,Direction du budget et des affaires financières,DBAF,"Service du support métier, de la statistique et de la prospective",Nouméa,2026-08-14 01:26:53+11:00,2026-10-02,"La direction du budget et des affaires financières a pour mission principale la préparation et l'exécution du budget de la Nouvelle-Calédonie ainsi que le suivi et le contrôle des établissements publics et des collectivités locales. La direction, composée de 63 agents, est amenée à évoluer fortement dans les années à venir.

D'une part, la Nouvelle-Calédonie est engagée dans une réforme de la gestion des finances publiques qui imposera de nombreux changements opérationnels et décisionnels. D'autre part, en lien avec cette réforme, la direction a vocation à se professionnaliser sur les métiers financiers pour apporter une véritable valeur ajoutée à la collectivité et ses décideurs en matière de prospective, d'analyse, d'évaluation des décisions financières.",Statisticien,"Le service support métier, de la statistique et de la prospective est composé de sept agents spécialisés et répartis en deux sections : 

1. La section de l'assistance et du support métier est en charge notamment du soutien aux utilisateurs des plateformes de gestion financière et des marchés publics. 

2. La section statistique et prospective est en charge notamment de la mise en place d'un système d'information décisionnel associé au développement d'un modèle de projection budgétaire et macroéconomique. 

Au sein de la section statistique et prospective, le statisticien(ne) contribue à l'exploitation et à l'analyse des données budgétaires, financières et économiques de la collectivité. Il participe à la production d'indicateurs, de tableaux de bord et d'analyses. Il contribue également au développement et à l'amélioration des outils de modélisation, de prévision et d'aide à la décision, en lien avec les besoins de la direction. Il participe ainsi à la structuration et au développement de la prospective économique, fiscale et budgétaire de la collectivité.","- Participer aux travaux de modélisation macroéconomique et budgétaire : utilisation et amélioration du modèle de prévision développé en interne, organisation de l'enquête de conjoncture, rédaction des notes de conjoncture locale et internationale, préparation du débat d'orientation budgétaire et rédaction du rapport.
- Développer la communication financière à destination des services de la DBAF, des directions et des élus via la production de tableaux de bords ou de rapports ;
- Produire des indicateurs de suivi et de performance ;
- Participer à l'amélioration du cadre d'évaluation de la gestion des finances publiques ;
- Participer de manière transverse à la réalisation des objectifs de la direction ;
- Répondre aux demandes particulières en lien avec ses activités.",,,"- Bac +5 en statistiques, méthodes quantitatives ou économie mention économétrie ;
- Maitrise des méthodes statistiques et de modélisation (R/Rstudio souhaité) ;
- Connaissance des méthodes d'évaluation des politiques publiques et des outils de gestion publique (finances et budget) ;
- Capacité à concevoir de tableaux de bord et outils de suivi.","Compétences techniques :
- Traitement et analyse avancée de données ;
- Maitrise des outils informatiques et logiciels statistiques ;
- Expérience significative (3 à 5 ans minimum) dans la conduite d'analyses statistiques avancées, le développement de modèles et la production d'indicateurs pour l'aide à la décision serait un plus.","- Bonnes qualités relationnelles et sens de la communication ;
- Organisation, rigueur et autonomie ;
- Capacité d'analyse, de synthèse et d'initiative ;
- Qualités rédactionnelles.",,TALAHA Audrey - Cheffe de service,25 60 09,audrey.talaha@gouv.nc,DEVEAUX Gwenaelle - Directrice adjointe,25 60 82,,la direction des ressources humaines et de la fonction publique de Nouvelle Calédonie,Bureaux 106 et 107 - Section recrutement - DRHFPNC - Centre administratif Jacques Iékawé - 1er étage - 18 avenue Paul Doumer - Centre-ville de Nouméa,B.P M2 - 98849 Nouméa cedex,drhfpnc.recrutement@gouv.nc,,PUBLIE,0,,https://data.gouv.nc/explore/dataset/avis-de-vacances-de-poste-avp-drhfpnc/files/2f3fae48ddb2d5ed69f860520ac3d0cf/download/
65879,0,Chef du service des moyens généraux,,,26-1345,2026-09-11,Groupement insertion évolution professionnelles de Nouvelle-Calédonie,attaché,,,,,2027-01-01 11:00:00+11:00,date,Groupement insertion évolution professionnelles de Nouvelle-Calédonie,GIEP NC,,,2026-09-10 02:26:34+11:00,2026-10-02,,Inspecteur,,,,,,,,,,,,,,,,,,,,PUBLIE,4,,https://data.gouv.nc/explore/dataset/avis-de-vacances-de-poste-avp-drhfpnc/files/30624af2482e745979beef731a4d03ff/download/
65883,0,Assistant(e) de direction/chargé(e) d'accueil à mi-temps,,,26-1348,2026-09-11,,adjoint administratif,,,,.,,immédiatement,,,,,2026-09-10 03:48:22+11:00,2026-10-02,,Inspecteur,,,,,,,,,,,,,,,,,,,,PUBLIE,0,,https://data.gouv.nc/explore/dataset/avis-de-vacances-de-poste-avp-drhfpnc/files/a12e3450c26df60f606f40330942a8f5/download/
65891,0,1 instructeur patrimoine,,,26-1355,2026-09-11,,rédacteur d'administration générale,,,,,,immédiatement,,,,,2026-09-10 04:10:19+11:00,2026-10-02,,Inspecteur,,,,,,,,,,,,,,,,,,,,PUBLIE,0,,https://data.gouv.nc/explore/dataset/avis-de-vacances-de-poste-avp-drhfpnc/files/b15935199d92fc1e751d9b2585803ff1/download/
65902,0,1 directeur de police municipale,,,26-1366,2026-09-11,,attaché d'administration générale,,,,,,autre,,,,,2026-09-10 04:49:39+11:00,2026-10-02,,Inspecteur,,,,,,,,,,,,,,,,,,,,PUBLIE,5,dès que possible,https://data.gouv.nc/explore/dataset/avis-de-vacances-de-poste-avp-drhfpnc/files/60986e43c56049830e91ed87e4a2341f/download/
65898,0,Adjoint d'éducation (dortoir garçon) - Internat de Canala,,,26-1362,2026-09-11,Province Nord,adjoint d'éducation,,,,,2027-02-09 11:00:00+11:00,date,Province Nord,PVN,,,2026-09-10 04:37:57+11:00,2026-10-02,,Inspecteur,,,,,,,,,,,,,,,,,,,,PUBLIE,4,,https://data.gouv.nc/explore/dataset/avis-de-vacances-de-poste-avp-drhfpnc/files/dfb3b6a6c981ae5bafe57d5575317a93/download/
65934,0,2 Masseurs kinésithérapeutes,,,26-1368,2026-09-11,"Centre hospitalier territorial ""Gaston Bourret""",masseur kinésithérapeute,,Rééducation,,AU MOINS EGALE A 5 ANS,,autre,"Centre hospitalier territorial ""Gaston Bourret""",CHT,,,2026-09-11 22:17:58+11:00,2026-10-02,,Inspecteur,,,,,,,,,,,,,,,Direction des Ressources Humaines / Cellule recrutement,Direction des Ressources Humaines - Cellule recrutement - Médipôle Koutio,BP J5-98849 - Nouméa cedex,kelly.miloud@cht.nc,,PUBLIE,5,DECEMBRE 2026,https://data.gouv.nc/explore/dataset/avis-de-vacances-de-poste-avp-drhfpnc/files/c2bc0e89909b980ba33db217474b6370/download/
65887,0,Un professeur agrégé ou certifié en Génie-Electrique ou Sciences Industrielles de l'ingénieur et ingénierie électrique (courants forts),,,26-1352,2026-09-11,Université de Nouvelle-Calédonie,professeur des écoles,,,,,2027-01-25 11:00:00+11:00,date,Université de Nouvelle-Calédonie,UNC,,,2026-09-10 04:01:38+11:00,2026-10-02,,Inspecteur,,,,,,,,,,,,,,,,,,,,PUBLIE,4,,https://data.gouv.nc/explore/dataset/avis-de-vacances-de-poste-avp-drhfpnc/files/00a9155da42f2ed5ba156ea5991e50f8/download/
65886,0,Un professeur agrégé ou certifié en Génie-Electrique ou Sciences Industrielles de l'ingénieur et ingénierie électrique (automatisme et informatique industrielle),,,26-1351,2026-09-11,Université de Nouvelle-Calédonie,professeur des écoles,,,,,2027-01-25 11:00:00+11:00,date,Université de Nouvelle-Calédonie,UNC,,,2026-09-10 03:58:46+11:00,2026-10-02,,Inspecteur,,,,,,,,,,,,,,,,,,,,PUBLIE,4,,https://data.gouv.nc/explore/dataset/avis-de-vacances-de-poste-avp-drhfpnc/files/bae604a4cd0457272bf144121b691de3/download/
65933,0,1 Infirmier(ère) en pratique avancée - service oncologie/hématologie,,,26-1367,2026-09-11,"Centre hospitalier territorial ""Gaston Bourret""",aide-soignant,,Aide-soignant,,AU MOINS EGALE A 10 ANS,,immédiatement,"Centre hospitalier territorial ""Gaston Bourret""",CHT,,,2026-09-11 22:15:44+11:00,2026-10-02,,Inspecteur,,,,,,,,,,,,,,,Direction des Ressources Humaines / Cellule recrutement,Direction des Ressources Humaines - Cellule recrutement - Médipôle Koutio,BP J5-98849 - Nouméa cedex,kelly.miloud@cht.nc,,PUBLIE,0,,https://data.gouv.nc/explore/dataset/avis-de-vacances-de-poste-avp-drhfpnc/files/41ab0f312c17b5593adfa9da8c54c751/download/
65882,0,Agent technique au parc provincial Zoologique et Forestier Michel Corbasson,,,26-1347,2026-09-11,Province Sud,technicien adjoint,,Economie rurale,,au moins égale a 10ans,2027-01-01 11:00:00+11:00,date,Province Sud,PVS,,,2026-09-10 03:45:30+11:00,2026-10-02,,Inspecteur,,,,,,,,,,,,,,,,,,,,PUBLIE,4,,https://data.gouv.nc/explore/dataset/avis-de-vacances-de-poste-avp-drhfpnc/files/a4b165edbfbbb820b46107fc0dfea33c/download/
65881,0,2 Secrétaires comptables,,,26-1346,2026-09-11,,adjoint administratif,,,,,,immédiatement,,,,,2026-09-10 03:42:49+11:00,2026-10-02,,Inspecteur,,,,,,,,,,,,,,,,,,,,PUBLIE,0,,https://data.gouv.nc/explore/dataset/avis-de-vacances-de-poste-avp-drhfpnc/files/e8a325bc9a793a57a87ad52669a2d920/download/
65888,0,1 Garde champêtre,,,23-1353,2026-09-11,,ACDP-Grille rémunération 2-Diplôme niveau V,,,,,2026-11-01 11:00:00+11:00,date,,,,,2026-09-10 04:04:11+11:00,2026-10-02,,Inspecteur,,,,,,,,,,,,,,,,,,,,PUBLIE,4,,https://data.gouv.nc/explore/dataset/avis-de-vacances-de-poste-avp-drhfpnc/files/357f1cf7044191163e0215273dee17cf/download/
65893,0,Agent de gestion comptable et budgétaire,,,26-1357,2026-09-11,,attaché,,,,,,autre,,,,,2026-09-10 04:14:53+11:00,2026-10-02,,Inspecteur,,,,,,,,,,,,,,,,,,,,PUBLIE,5,DU 12/10/26 AU 11/03/27,https://data.gouv.nc/explore/dataset/avis-de-vacances-de-poste-avp-drhfpnc/files/5fae9230a75fb0b79ae7ad2ea7314b15/download/
65890,0,1 chef de section administrative et comptable,,,26-1354,2026-09-11,,rédacteur d'administration générale,,,,,,immédiatement,,,,,2026-09-10 04:07:59+11:00,2026-10-02,,Inspecteur,,,,,,,,,,,,,,,,,,,,PUBLIE,0,,https://data.gouv.nc/explore/dataset/avis-de-vacances-de-poste-avp-drhfpnc/files/8d14c520d36716c29c523d70794a96e5/download/
65897,0,Agent de service en dortoir- Internat de Koumac,,,26-1361,2026-09-11,Province Nord,ACDP-Grille rémunération 1-Sans diplôme,,,,,2027-02-03 11:00:00+11:00,date,Province Nord,PVN,,,2026-09-10 04:35:49+11:00,2026-10-02,,Inspecteur,,,,,,,,,,,,,,,,,,,,PUBLIE,4,,https://data.gouv.nc/explore/dataset/avis-de-vacances-de-poste-avp-drhfpnc/files/b596ff8b776c486ae24967028ea818d6/download/
65901,0,Chef cuisinier-  Internat de Canala,,,26-1365,2026-09-11,Province Nord,ACDP-Grille rémunération 2-Diplôme niveau V,,,,,2027-04-15 11:00:00+11:00,date,Province Nord,PVN,,,2026-09-10 04:46:55+11:00,2026-10-02,,Inspecteur,,,,,,,,,,,,,,,,,,,,PUBLIE,4,,https://data.gouv.nc/explore/dataset/avis-de-vacances-de-poste-avp-drhfpnc/files/dfde51caeab061c6bbd082f07ac27bac/download/
65895,0,INFIRMIER EN PRATIQUE AVANCÉE - CANALA,,,26-1359,2026-09-11,Province Nord,infirmier en soins généraux,,Infirmiers,,au moins égale a 5 ans,,autre,Province Nord,PVN,,,2026-09-10 04:29:04+11:00,2026-10-02,,Inspecteur,,,,,,,,,,,,,,,,,,,,PUBLIE,5,dès que possible,https://data.gouv.nc/explore/dataset/avis-de-vacances-de-poste-avp-drhfpnc/files/875cb3bf3bb62df1151bde9eabdfdd4b/download/
63027,0,Contrôleur à la section contrôle TGC et programmation,"Agent d'assiette des impôts, Agent de constatation ou d'assiette des impôts",K1501-2,26-63027/MPRH,2026-09-07,Nouvelle-Calédonie,rédacteur,,,,,2026-05-01 11:00:00+11:00,vacant à partir du,Direction des services fiscaux,DSF,Service de la fiscalité professionnelle,"Hôtel des impôts 13 rue de la Somme, Nouméa",2026-03-26 00:45:08+11:00,2026-10-02,"La direction des services fiscaux, composée de treize services, est chargée d'asseoir, de contrôler et de recouvrer la plupart des impôts en vigueur en Nouvelle-Calédonie. Elle gère ainsi près de 76 % des recettes fiscales de la Nouvelle-Calédonie. Elle assure également une mission foncière, au travers de la gestion du domaine public et privé de la Nouvelle-Calédonie et de la publicité foncière, cette dernière ayant en charge notamment la taxe hypothécaire. Outre ces missions d'exécution, elle est chargée, dans le cadre de la politique poursuivie par le gouvernement de la Nouvelle-Calédonie, de l'élaboration de la législation fiscale ainsi que des mesures d'application.

Le service de la fiscalité professionnelle à l'impôt sur les sociétés (SFPro IS) est chargé des sociétés soumises à l'IS et activités métallurgiques et minières. Il assure l'assiette et le contrôle des différents impôts auxquels sont soumises ces personnes morales et l'instruction des demandes de remboursement de crédit TGC.","Chargé de l'assiette des impôts, droits et taxes",Au sein du service de la fiscalité des professionnels à l'impôt sur les sociétés le contrôleur assure l'instruction des demandes de remboursement des crédits de TGC et procède au contrôle approfondi de la TGC des sociétés et autres personnes morales gérées au sein du service. Il établit également les fiches de programmation destinées au service d'expertise et de contrôle et il traite les demandes de report de déficit dans le cadre des opérations de fusion.,"- Traiter les demandes de remboursement de crédit de TGC : vérification et demande d'information par rapport à la demande, rédaction des décisions y afférentes ;
- Assurer le contrôle approfondi de la TGC : établir les procédures de rectification et de bulletins de prise en charge, traiter des listes de contrôle établies par le service en liaison avec les gestionnaires de la section IS ;
- Traiter le contentieux des dossiers faisant suite aux demandes de remboursement de TGC ou aux procédures générées dans le cadre du contrôle ;
- Rédiger les fiches de programmation pour les besoins du controle sur place portant sur tout impôt et taxes gérés par le SFPRO IS en liaison avec les gestionnaires de la section IS.","- Traiter les demandes de report de déficit dans le cadre des opérations de fusion ;
- Assurer le renfort du secrétariat et de la section CTEP, à la demande ;
- Porter assistance à la CIS à la demande (accueil et renseignements des contribuables, gestion des documents.",,"- Formation initiale dans le domaine juridique et/ou comptable souhaitée,
- Techniques de rédaction administrative.","- Maîtriser les délais et anticiper les échéances,
- S'adapter aux évolutions (réglementation applicable, outils informatiques utilisés et organisation du service),
- Acquérir rapidement des connaissances techniques nouvelles (des actions de formation existent en interne),
- Accueillir et renseigner les contribuables,
- Maîtriser les outils bureautiques.","- Esprit d'analyse et de synthèse, aisance avec les chiffres,
- Méthode et sens de l'organisation,
- Respect des procédures (délais, formalismes etc...),
- Respect légal du secret professionnel,
- Curiosité intellectuelle,
- Diplomatie et sens du contact avec un public de professionnels,
- Sens du service public,
- Autonomie et rigueur,
- Sens du travail en équipe et de la solidarité.",,"M. Edmond ROSAIRE, chef du service de la fiscalité des professionnels à l'impôt sur les sociétés",25 76 51,edmond.rosaire@gouv.nc,,,,la direction des ressources humaines et de la fonction publique de Nouvelle Calédonie,Bureaux 106 et 107 - Section recrutement - DRHFPNC - Centre administratif Jacques Iékawé - 1er étage - 18 avenue Paul Doumer - Centre-ville de Nouméa,B.P M2 - 98849 Nouméa cedex,drhfpnc.recrutement@gouv.nc,,PUBLIE,3,,https://data.gouv.nc/explore/dataset/avis-de-vacances-de-poste-avp-drhfpnc/files/65842d36adaeca30342b653d2d8250d0/download/
65473,0,Secrétaire général adjoint du gouvernement,"Responsable administratif, administratif de gestion, administratif et financier",M1205-1,26-65473/MPRH,2026-09-07,Nouvelle-Calédonie,emploi fonctionnel,,,,,,immédiatement,Secrétariat général du gouvernement de la Nouvelle-Calédonie,SGGNC,,Nouméa,2026-08-13 02:06:13+11:00,2026-09-25,"Le secrétariat général du gouvernement est composé :

1° des directions de la collectivité Nouvelle-Calédonie ;
2° du service de l'aménagement et de la planification (SAP) ;
3° du service de la coordination administrative et des institutions (SCAI) ;
4° du service de coopération régionale et des relations extérieures (SCRRE) ; 5° du service du parc naturel de la mer de Corail et de la pêche (SPNMCP) ; 6° du service du protocole et de la logistique du gouvernement (SPLG) ;
7° de la cellule administrative et financière ; 8° de la cellule communication ;
9° de la cellule habitat et urbanisme ;
10° de l'antenne des services de la Nouvelle-Calédonie.",Responsable administratif,"Placé sous l'autorité du secrétaire général du gouvernement, le secrétaire général adjoint le seconde dans l'exercice de ses missions et le supplée en cas d'absence ou d'empêchement, dans les conditions fixées par celui-ci.

À ce titre, le secrétaire général adjoint peut être chargé de tout ou partie des missions dévolues au secrétaire général du gouvernement ainsi que de toute mission ou de tout projet confié par celui-ci.

Il est particulièrement chargé de piloter la modernisation de l'action publique, d'accompagner la transformation et la réorganisation de l'administration, d'améliorer la performance des politiques publiques et de développer les capacités d'aide à la décision du gouvernement.

Il veille à la conception, à la mise en œuvre et au déploiement de politiques publiques au service des usagers, en garantissant leur cohérence, leur efficacité et leur accessibilité.

À ce titre, il anime les travaux de réorganisation de l'administration, accompagne les directions et services dans l'évolution de leurs organisations et contribue à l'optimisation des moyens humains, financiers, numériques et organisationnels.

Il assure également la recherche, l'identification et la mobilisation de financements extérieurs nécessaires à la réalisation des projets prioritaires de la Nouvelle-Calédonie, en lien avec les directions concernées et les partenaires institutionnels, publics et financiers.

Il assure enfin la conception, la préfiguration et le déploiement d'un dispositif intégré d'audit, d'évaluation des politiques publiques et d'inspection générale des services, destiné à renforcer la maîtrise des risques, la qualité de l'action administrative, la performance publique et l'efficience de la dépense.

Dans ce cadre, il contribue à l'instauration d'une culture de la performance, de l'évaluation, de la responsabilité et de l'amélioration continue au sein de l'administration, en mettant à la disposition du gouvernement des outils d'analyse, de pilotage et d'aide à la décision permettant d'éclairer les choix publics et d'en mesurer les résultats.

Il participe, aux côtés du secrétaire général, à la coordination des directions et services, au suivi des projets transversaux et à la mise en œuvre des réformes nécessaires à l'adaptation de l'administration aux enjeux institutionnels, économiques, sociaux et financiers de la Nouvelle-Calédonie.

Il exerce ses fonctions dans le respect des attributions du président et des membres du gouvernement et rend compte de ses actions au Secrétaire général du gouvernement.",,,,"- Parfaite connaissance de l'organisation, du fonctionnement et de l'environnement institutionnel de la Nouvelle-Calédonie ;
- Connaissances approfondies en droit public, finances publiques et gestion des collectivités publiques ;
- Bonne maîtrise des enjeux liés à la conception, à la mise en œuvre et à l'évaluation des politiques publiques ;
- Connaissance des démarches de modernisation de l'administration, de conduite du changement et d'amélioration de la performance publique ;
- Bonne compréhension des enjeux stratégiques, organisationnels et humains auxquels sont confrontées les administrations publiques.","- Expérience confirmée dans l'exercice de fonctions de direction et de management stratégique ;
- Capacité à superviser, animer et coordonner l'action de plusieurs directions et services ;
- Capacité à traduire les orientations du gouvernement en objectifs opérationnels, à en organiser la mise en œuvre et à en assurer le suivi ;
- Capacité à piloter des politiques publiques, des projets complexes et des dossiers transverses ;
- Capacité à accompagner les transformations organisationnelles et à mobiliser les services autour d'objectifs communs ;
- Capacité d'analyse, de synthèse, d'arbitrage et d'aide à la décision ;
- Aptitude à anticiper les difficultés, à identifier les risques et à proposer des solutions adaptées ;
- Capacité à représenter l'administration, à conduire des négociations et à intervenir dans un environnement institutionnel complexe ;
- Excellentes qualités rédactionnelles et orales.","- Sens du service public, loyauté et discrétion professionnelle ;
- Autorité, leadership et capacité à décider ;
- Diplomatie, sens de l'écoute et aptitude à la négociation ;
- Rigueur, sens de l'organisation et capacité d'anticipation ;
- Réactivité, adaptabilité et capacité à gérer des situations sensibles ou urgentes ;
- Aptitude au travail collectif et à la coopération ;
- Grande disponibilité.",,"M. Léon WAMYTAN, Secrétaire général du gouvernement de la Nouvelle-Calédonie",,leon.wamytan@gouv.nc,,,,la direction des ressources humaines et de la fonction publique de Nouvelle Calédonie,Bureaux 106 et 107 - Section recrutement - DRHFPNC - Centre administratif Jacques Iékawé - 1er étage - 18 avenue Paul Doumer - Centre-ville de Nouméa,B.P M2 - 98849 Nouméa cedex,drhfpnc.recrutement@gouv.nc,,PUBLIE,0,,https://data.gouv.nc/explore/dataset/avis-de-vacances-de-poste-avp-drhfpnc/files/55f8272c871128a01d25db7a70fd5a3c/download/
65832,0,Chef du service du pilotage budgétaire et de la stratégie financière,Responsable financier,M1205-2,26-65832/MPRH,2026-09-07,Nouvelle-Calédonie,attaché,,,,,,immédiatement,Direction du budget et des affaires financières,DBAF,Service du pilotage budgétaire et de la stratégie financière,17 avenue Paul Doumer - Nouméa,2026-09-07 19:28:24+11:00,2026-10-09,"La Direction du budget et des affaires financières (DBAF), composée de 63 agents, est chargée de la préparation, le pilotage, l'exécution et le suivi du budget de la Nouvelle-Calédonie. Elle exerce également des missions d'analyse financière, de stratégie budgétaire, de contrôle financier et d'accompagnement des établissements publics et des collectivités locales. 

Dans un contexte marqué par de fortes contraintes sur les finances publiques et par la mise en œuvre du plan d'évolution de l'administration (PEA), la direction poursuit sa transformation afin de renforcer ses capacités de pilotage, d'analyse et d'aide à la décision.

La direction conduit actuellement plusieurs chantiers structurants visant à moderniser l'organisation financière de la collectivité, développer la culture de la performance, renforcer la soutenabilité budgétaire et améliorer la qualité de l'information financière.

Au cœur de ces enjeux, le service du pilotage budgétaire et de la stratégie financière joue un rôle essentiel dans la définition et la mise en œuvre de la stratégie financière de la Nouvelle-Calédonie ainsi que dans la préparation des décisions budgétaires soumises aux institutions.",Responsable financier,"Le service du pilotage budgétaire et de la stratégie financière est chargé :

- de la préparation du débat d'orientation budgétaire et des documents budgétaires ; 
- de l'élaboration et du pilotage des budgets ; 
- de la définition de la stratégie financière et de l'analyse des risques ; 
- du suivi de la dette, de la trésorerie et des garanties d'emprunt ; 

Il comprend deux sections :

1. La section Stratégie financière et analyse des risques, chargée de :
- l'élaboration du rapport sur le débat budgétaire 
- des études financières prospectives et rétrospectives ;
- de la gestion de la dette, de la trésorerie et des garanties d'emprunt.

2. La section du Pilotage budgétaire, chargée de :
- l'élaboration des rapports associés aux étapes budgétaire ;
- du pilotage des crédits budgétaires en lien avec les directions ;
- la gestion du cadre comptable, de l'élaboration et l'analyse des écarts des situations d'exécution.","Sous l'autorité du directeur de la DBAF et de son adjointe, le chef du service encadre une équipe composée de 8 agents et est principalement chargé de : 

Coordonner la préparation budgétaire : 
- Organiser et planifier les étapes de préparation sur l'année, 
- Conseiller et assister les directions dans le pilotage de leurs ressources budgétaires, analyser les propositions budgétaires des directions et préparer les éléments d'arbitrage du budget, 
- Rédiger le rapport de présentation et être force de proposition pour le rendre toujours plus pertinent en fonction du contexte, 
- Superviser les dialogues de gestion. 

Coordonner la pluralité des crédits (en Autorisation de Programme (AP), en Autorisation d'Engagement (AE), en PPI) : 
- Participer à la mise en place des tableaux de bord et de leur suivi, ainsi que de statistiques, 
- Mettre en oeuvre et superviser le plan de programmation pluriannuelle des investissements (PPI), 
- Suivre la préparation et l'exécution budgétaire (recettes et dépenses) (AP et hors AP) analyse de l'exécution et mesure des écarts, 
- Animer le réseau AP / AE : gestionnaire d'AP / AE regroupées en réseau (organisation de réunion, formation). 

Piloter l'analyse financière rétrospective et prospective : 
- Élaborer et suivre le plan de trésorerie de la Nouvelle-Calédonie ainsi que les avances en trésorerie consenties, 
- Communiquer sur la situation financière de la collectivité, 
- Participer à la définition et à la mise en oeuvre de la politique d'endettement, 
- Piloter le suivi et la préparation des garanties d'emprunt accordées par la Nouvelle-Calédonie. 
- Évaluer régulièrement les organismes bénéficiaires et proposer, le cas échéant, la couverture des risques idoines, 
- Piloter l'analyse des risques financiers de la Nouvelle Calédonie et en tirer les prospectives (notamment au niveau des restes à recouvrer), 
- Piloter l'analyse financière de la collectivité et proposer des stratégies dans le cadre du débat d'orientation et de la préparation budgétaire, 
- Participer au séminaire Amédée et à la rédaction du Débat d'Orientation Budgétaire (DOB), 
- Gérer la trésorerie et la dette de la collectivité. A ce titre, le chef de service doit pouvoir négocier les meilleures conditions avec les partenaires bancaires et financiers. 

Manager une équipe : 
- Organiser le travail entre les agents et savoir les mobiliser dans les périodes de surcharges, 
- Accompagner autant que de besoin les agents dans les réunions de dialogue de gestion, 
- Gérer les priorités en tenant compte du calendrier budgétaire et financier, 
- Faire monter l'équipe en compétence par une formation continue in situ.",,Pics d'activité lors des étapes budgétaires.,"- Formation supérieure en finances et/ou comptabilité (BAC + 5 minimum souhaitée), 
- Comptabilité générale et/ou nomenclatures publiques, 
- Maîtrise des outils de gestion financière, 
- Maîtrise des procédures, méthodes et techniques budgétaires, 
- Technique d'analyse financière, 
- Une expérience souhaitée dans un poste similaire en collectivité ou d'analyste économique et/ou financier est souhaitée.","- Leadership et capacité à fédérer les équipes.
- Esprit d'analyse, de synthèse et sens de l'anticipation.
- Sens stratégique et aptitude à éclairer la décision publique.
- Aptitude à travailler en transversalité.
- Capacité d'adaptation et d'innovation dans un contexte de transformation.
- Réactivité et capacité à gérer les priorités.","- Rigueur, fiabilité et sens des responsabilités ;
- Qualités relationnelles, diplomatie ;
- Grande disponibilité en période budgétaire ;
- Gestion du stress.",Modification de la date de clôture initialement prévue le 25/09/2026,Ronan LABBÉ - Directeur,25 60 82,ronan.labbe@gouv.nc,Gwenaelle DEVEAUX - Directrice adjointe,25 60 82,gwenaelle.deveaux@gouv.nc,la direction des ressources humaines et de la fonction publique de Nouvelle Calédonie,Bureaux 106 et 107 - Section recrutement - DRHFPNC - Centre administratif Jacques Iékawé - 1er étage - 18 avenue Paul Doumer - Centre-ville de Nouméa,B.P M2 - 98849 Nouméa cedex,drhfpnc.recrutement@gouv.nc,,PUBLIE,0,,https://data.gouv.nc/explore/dataset/avis-de-vacances-de-poste-avp-drhfpnc/files/ed34bd8df860deb4e3ac2eeaecacc08e/download/
65833,0,1 Gestionnaire recrutement et communication interne,,,26-1341,2026-09-07,Centre hospitalier du Nord,rédacteur,,,,,,immédiatement,Centre hospitalier du Nord,CHN,,KONE,2026-09-07 20:43:57+11:00,2026-09-25,,Inspecteur,,,,,,,,,,,,,,,,,,,,PUBLIE,0,,https://data.gouv.nc/explore/dataset/avis-de-vacances-de-poste-avp-drhfpnc/files/fac7abe8856fbf8842ac53e08caba3f6/download/
65313,0,Adjoint(e) au chef de service du pilotage budgétaire et de la stratégie financière,"Responsable administratif, administratif de gestion, administratif et financier",M1205-1,26-65313/MPRH,2026-09-07,Nouvelle-Calédonie,attaché,,,,,2026-11-02 11:00:00+11:00,vacant à partir du,Direction du budget et des affaires financières,DBAF,Service du pilotage budgétaire et de la stratégie financière,17 avenue Paul Doumer,2026-08-04 02:45:58+11:00,2026-10-09,"La Direction du budget et des affaires financières (DBAF), composée de 63 agents, est chargée de la préparation, le pilotage, l'exécution et le suivi du budget de la Nouvelle-Calédonie. Elle exerce également des missions d'analyse financière, de stratégie budgétaire, de contrôle financier et d'accompagnement des établissements publics et des collectivités locales. 

Dans un contexte marqué par de fortes contraintes sur les finances publiques et par la mise en œuvre du plan d'évolution de l'administration (PEA), la direction poursuit sa transformation afin de renforcer ses capacités de pilotage, d'analyse et d'aide à la décision.

La direction conduit actuellement plusieurs chantiers structurants visant à moderniser l'organisation financière de la collectivité, développer la culture de la performance, renforcer la soutenabilité budgétaire et améliorer la qualité de l'information financière.

Au cœur de ces enjeux, le service du pilotage budgétaire et de la stratégie financière joue un rôle essentiel dans la définition et la mise en œuvre de la stratégie financière de la Nouvelle-Calédonie ainsi que dans la préparation des décisions budgétaires soumises aux institutions.",Responsable administratif,"Le service du pilotage budgétaire et de la stratégie financière est chargé :

- de la préparation du débat d'orientation budgétaire et des documents budgétaires ; 
- de l'élaboration et du pilotage des budgets ; 
- de la définition de la stratégie financière et de l'analyse des risques ; 
- du suivi de la dette, de la trésorerie et des garanties d'emprunt ; 

Il comprend deux sections :

1. La section Stratégie financière et analyse des risques, chargée de :
- l'élaboration du rapport sur le débat d'orientation budgétaire ;
- de l'analyse et des études financières prospectives et rétrospectives ;
- de la gestion de la dette, de la trésorerie et des garanties d'emprunt ; 
- de la gestion et du suivi des opérations d'investissement (PPI).

2. La section du Pilotage budgétaire, chargée de :
- la participation à la production des états, des rapports associés aux étapes budgétaire ;
- l'accompagnement des directions dans le pilotage des crédits budgétaires ;
- la gestion de la nomenclature, du cadre comptable et de l'analyse de l'allocation budgétaire.","Sous l'autorité du chef du service, l'adjoint(e) encadre une équipe composée de 7 agents et est principalement chargé(e) d'assister et suppléer le chef de service dans les activités suivantes : 

Coordination de la préparation et le pilotage budgétaire : 
- Organiser et planifier les étapes de préparation sur l'année, 
- Conseiller et assister les directions dans le pilotage de leurs ressources budgétaires, analyser les propositions budgétaires des directions et préparer les éléments d'arbitrage du budget, 
- Rédiger le rapport de présentation et être force de proposition pour le rendre toujours plus pertinent en fonction du contexte, 
- Superviser les dialogues de gestion. 

Supervision de la pluralité des crédits (en Autorisation de Programme (AP), en Autorisation d'Engagement (AE), en PPI) : 
- Participer à la mise en place des tableaux de bord et de leur suivi, ainsi que de statistiques, 
- Mettre en oeuvre et superviser le plan de programmation pluriannuelle des investissements (PPI), 
- Suivre la préparation et l'exécution budgétaire (recettes et dépenses) (AP et hors AP) analyse de l'exécution et mesure des écarts, 
- Animer le réseau AP / AE : gestionnaire d'AP / AE regroupées en réseau (organisation de réunion, formation). 

Pilotage de l'analyse financière rétrospective et prospective : 
- Suivre le plan de trésorerie de la Nouvelle-Calédonie ainsi que les avances en trésorerie consenties, 
- Communiquer sur la situation financière de la collectivité, 
- Participer à la définition et à la mise en œuvre de la politique d'endettement, 
- Piloter le suivi des garanties d'emprunt accordées par la Nouvelle-Calédonie. 
- Suivre régulièrement les organismes bénéficiaires et proposer, le cas échéant, la couverture des risques idoines, 
- Piloter l'analyse des risques financiers de la Nouvelle Calédonie et en tirer les prospectives (notamment au niveau des restes à recouvrer), 
- Piloter l'analyse financière de la collectivité et proposer des stratégies dans le cadre du débat d'orientation et de la préparation budgétaire, 
- Participer au séminaire Amédée et à la rédaction du Débat d'Orientation Budgétaire (DOB), 
- Gérer la trésorerie et la dette de la collectivité. A ce titre, le chef de service doit pouvoir négocier les meilleures conditions avec les partenaires bancaires et financiers. 

Management d' une équipe : 
- Organiser le travail entre les agents et savoir les mobiliser dans les périodes de surcharges, 
- Accompagner autant que de besoin les agents dans les réunions de dialogue de gestion, 
- Gérer les priorités en tenant compte du calendrier budgétaire et financier, 
- Faire monter l'équipe en compétence par une formation continue in situ.",,Grande disponibilité lors des travaux préparatoires des étapes budgétaires.,"- Formation supérieure en finances et/ou comptabilité (BAC + 5 minimum souhaitée), 
- Comptabilité générale et/ou nomenclatures publiques, 
- Maîtrise des outils de gestion financière, 
- Maîtrise des procédures, méthodes et techniques budgétaires, 
- Technique d'analyse financière, 
- Une expérience souhaitée dans un poste similaire en collectivité ou d'analyste économique et/ou financier est souhaitée.","- Leadership et capacité à fédérer les équipes.
- Esprit d'analyse, de synthèse et sens de l'anticipation.
- Sens stratégique et aptitude à éclairer la décision publique.
- Aptitude à travailler en transversalité.
- Capacité d'adaptation et d'innovation dans un contexte de transformation.
- Réactivité et capacité à gérer les priorités.","- Rigueur, fiabilité et sens des responsabilités ;
- Qualités relationnelles, diplomatie ;
- Grande disponibilité en période budgétaire ;
- Gestion du stress.",Modification de la date de clôture initialement prévue le 25/09/2026,Ronan LABBÉ - directeur,25 60 82,ronan.labbe@gouv.nc,Gwenaelle DEVEAUX - directrice adjointe,25 60 82,gwenaelle.deveaux@gouv.nc,la direction des ressources humaines et de la fonction publique de Nouvelle Calédonie,Bureaux 106 et 107 - Section recrutement - DRHFPNC - Centre administratif Jacques Iékawé - 1er étage - 18 avenue Paul Doumer - Centre-ville de Nouméa,B.P M2 - 98849 Nouméa cedex,drhfpnc.recrutement@gouv.nc,,PUBLIE,3,,https://data.gouv.nc/explore/dataset/avis-de-vacances-de-poste-avp-drhfpnc/files/f22dc57d9f99c7d70f8ad825342dc590/download/
65773,0,Infirmier(e) à l'UPASS de Bourail,,,26-1321,2026-09-04,Province Sud,infirmier en soins généraux,,Infirmiers,,,,susceptible d'être vacant,Province Sud,PVS,,,2026-09-03 22:08:17+11:00,2026-10-23,,Inspecteur,,,,,,,,,,,,,,,,,,,,PUBLIE,1,,https://data.gouv.nc/explore/dataset/avis-de-vacances-de-poste-avp-drhfpnc/files/9287c94082957e2ee1cffeee308f2bfa/download/
65776,0,Chargé(e) du développement du secteur touristique,,,26-1322,2026-09-04,Province Sud,attaché,,,,,,immédiatement,Province Sud,PVS,,,2026-09-03 22:13:44+11:00,2026-09-25,,Inspecteur,,,,,,,,,,,,,,,,,,,,PUBLIE,0,,https://data.gouv.nc/explore/dataset/avis-de-vacances-de-poste-avp-drhfpnc/files/dc8fffa6e648ffe20692370a6d5e5059/download/
65767,0,Responsable des données - Direction Générale,,,26-1315,2026-09-04,Office des postes et télécommunications,cadre d'exploitation,cadre technique,,,,,susceptible d'être vacant,Office des postes et télécommunications,OPT,,,2026-09-03 21:56:19+11:00,2026-09-25,,Inspecteur,,,,,,,,,,,,,,,,,,,,PUBLIE,1,,https://data.gouv.nc/explore/dataset/avis-de-vacances-de-poste-avp-drhfpnc/files/ea6cc937c815da128461f7ea7fcbd7e0/download/
65769,0,Infirmier(e),,,26-1317,2026-09-04,Centre hospitalier du Nord,infirmier en soins généraux,,Infirmiers,,,2026-10-12 11:00:00+11:00,date,Centre hospitalier du Nord,CHN,,,2026-09-03 22:00:09+11:00,2026-09-25,,Inspecteur,,,,,,,,,,,,,,,,,,,,PUBLIE,4,,https://data.gouv.nc/explore/dataset/avis-de-vacances-de-poste-avp-drhfpnc/files/11e965752218dbe3e58545e6ec494cd0/download/
65794,0,Responsable de département d'information médicale (DIM),,,26-1333,2026-09-04,"Centre hospitalier territorial ""Gaston Bourret""",attaché,,,,,,immédiatement,"Centre hospitalier territorial ""Gaston Bourret""",CHT,,,2026-09-04 00:47:17+11:00,2026-09-25,,Inspecteur,,,,,,,,,,,,,,,Direction des Ressources Humaines / Cellule recrutement,Direction des Ressources Humaines - Cellule recrutement - Médipôle Koutio,BP J5-98849 - Nouméa cedex,kelly.miloud@cht.nc,,PUBLIE,0,,https://data.gouv.nc/explore/dataset/avis-de-vacances-de-poste-avp-drhfpnc/files/e9046be3e7bbabe1cae9e289852ccf96/download/
65790,0,2 Infirmier(e)s puéricultrice en néonatalogie,,,26-1330,2026-09-04,"Centre hospitalier territorial ""Gaston Bourret""",puéricultrice,,Infirmiers,,,2027-01-01 11:00:00+11:00,date,"Centre hospitalier territorial ""Gaston Bourret""",CHT,,,2026-09-04 00:39:52+11:00,2026-09-25,,Inspecteur,,,,,,,,,,,,,,,Direction des Ressources Humaines / Cellule recrutement,Direction des Ressources Humaines - Cellule recrutement - Médipôle Koutio,BP J5-98849 - Nouméa cedex,kelly.miloud@cht.nc,,PUBLIE,4,,https://data.gouv.nc/explore/dataset/avis-de-vacances-de-poste-avp-drhfpnc/files/d58381d03e8e17cb9f4e9472a560ee7f/download/
65795,0,Ingénieur(e) en données de santé et recherche,,,26-1334,2026-09-04,"Centre hospitalier territorial ""Gaston Bourret""",ingénieur,ingénieur,Informatique,Statistiques,,,immédiatement,"Centre hospitalier territorial ""Gaston Bourret""",CHT,,,2026-09-04 00:49:22+11:00,2026-09-25,,Inspecteur,,,,,,,,,,,,,,,Direction des Ressources Humaines / Cellule recrutement,Direction des Ressources Humaines - Cellule recrutement - Médipôle Koutio,BP J5-98849 - Nouméa cedex,kelly.miloud@cht.nc,,PUBLIE,0,,https://data.gouv.nc/explore/dataset/avis-de-vacances-de-poste-avp-drhfpnc/files/a5e2ea28673d6c1dacbf1669b9de417d/download/
65801,0,Directeur (trice) adjoint(e),,,26-1339,2026-09-04,Congrès de la Nouvelle-Calédonie,emploi fonctionnel,attaché,,,,,immédiatement,Congrès de la Nouvelle-Calédonie,CNC,,,2026-09-04 01:00:04+11:00,2026-09-25,,Inspecteur,,,,,,,,,,,,,,,,,,,,PUBLIE,0,,https://data.gouv.nc/explore/dataset/avis-de-vacances-de-poste-avp-drhfpnc/files/ad51a6884c3e8ece366781b570b54189/download/
65758,0,2 Chefs de garde,,,26-1308,2026-09-04,,sergent,,Non-officiers,,,,susceptible d'être vacant,,,,,2026-09-03 21:02:42+11:00,2026-09-25,,Inspecteur,,,,,,,,,,,,,,,,,,,,PUBLIE,1,,https://data.gouv.nc/explore/dataset/avis-de-vacances-de-poste-avp-drhfpnc/files/f765fda21bf7b364f42aff4504acf717/download/
65759,0,2 Chefs d'agrès,,,26-1309,2026-09-04,,caporal,,Non-officiers,,,,susceptible d'être vacant,,,,,2026-09-03 21:07:36+11:00,2026-09-25,,Inspecteur,,,,,,,,,,,,,,,,,,,,PUBLIE,1,,https://data.gouv.nc/explore/dataset/avis-de-vacances-de-poste-avp-drhfpnc/files/906ec67ce5f670fa6216f7dbdb6bff6f/download/
65799,0,Chef de section adjoint,,,26-1338,2026-09-04,,technicien,,Equipement,,,,susceptible d'être vacant,,,,,2026-09-04 00:58:56+11:00,2026-09-25,,Inspecteur,,,,,,,,,,,,,,,,,,,,PUBLIE,1,,https://data.gouv.nc/explore/dataset/avis-de-vacances-de-poste-avp-drhfpnc/files/c5a16e01a3c11456b66cd585853c7620/download/
65778,0,Assistant(e) social(e) de secteur - Koumac-Poum,,,26-1324,2026-09-04,Province Nord,assistant socio-éducatif,,,,,,immédiatement,Province Nord,PVN,,,2026-09-03 22:16:58+11:00,2026-09-25,,Inspecteur,,,,,,,,,,,,,,,,,,,,PUBLIE,0,,https://data.gouv.nc/explore/dataset/avis-de-vacances-de-poste-avp-drhfpnc/files/7761bb8854d1bed439351a4ba8a395a1/download/
65779,0,Assistant(e) social(e) de secteur - Ponérihouen,,,26-1325,2026-09-04,Province Nord,assistant socio-éducatif,,,,,,immédiatement,Province Nord,PVN,,,2026-09-03 22:18:30+11:00,2026-10-16,,Inspecteur,,,,,,,,La date de clôture initialement prévue le 25/09/2026 a été reportée.,,,,,,,,,,,,PUBLIE,0,,https://data.gouv.nc/explore/dataset/avis-de-vacances-de-poste-avp-drhfpnc/files/eefa5a298dc4e171a20c451da491c6ff/download/
65757,0,Agent de gardiennage et de surveillance,,,26-1307,2026-09-04,Province Sud,ACDP-Grille rémunération 1-Sans diplôme,,,,,2026-09-01 11:00:00+11:00,date,Province Sud,PVS,,,2026-09-03 20:58:20+11:00,2026-09-25,,Inspecteur,,,,,,,,,,,,,,,,,,,,PUBLIE,4,,https://data.gouv.nc/explore/dataset/avis-de-vacances-de-poste-avp-drhfpnc/files/fdb9adc42b86da891cadae1036a283e1/download/
65771,0,Agent de développement territorial,,,26-1319,2026-09-04,Province Sud,rédacteur,,,,,2027-01-08 11:00:00+11:00,date,Province Sud,PVS,,,2026-09-03 22:03:19+11:00,2026-09-25,,Inspecteur,,,,,,,,,,,,,,,,,,,,PUBLIE,4,,https://data.gouv.nc/explore/dataset/avis-de-vacances-de-poste-avp-drhfpnc/files/7e131f37f8aa7f90994c2b0db8e619e3/download/
65756,0,Agent de gardiennage et de surveillance,,,26-1306,2026-09-04,Province Sud,ACDP-Grille rémunération 1-Sans diplôme,,,,,2027-03-01 11:00:00+11:00,date,Province Sud,PVS,,,2026-09-03 20:56:11+11:00,2026-10-09,,Inspecteur,,,,,,,,La date de clôture initialement prévue le 25/09/2026 a été reportée.,,,,,,,,,,,,PUBLIE,4,,https://data.gouv.nc/explore/dataset/avis-de-vacances-de-poste-avp-drhfpnc/files/0985281c9b5959d33ce115f3876077a9/download/
65755,0,Agent de gardiennage et de surveillance,,,26-1305,2026-09-04,Province Sud,ACDP-Grille rémunération 1-Sans diplôme,,,,,2027-02-23 11:00:00+11:00,date,Province Sud,PVS,,,2026-09-03 20:54:39+11:00,2026-10-09,,Inspecteur,,,,,,,,La date de clôture initialement prévue le 25/09/2026 a été reportée.,,,,,,,,,,,,PUBLIE,4,,https://data.gouv.nc/explore/dataset/avis-de-vacances-de-poste-avp-drhfpnc/files/da31b6e611476b49dce50511dd0260fa/download/
65766,0,Chargé d'accueil,,,26-1314,2026-09-04,,adjoint administratif,,,,,,immédiatement,,,,,2026-09-03 21:53:19+11:00,2026-09-25,,Inspecteur,,,,,,,,,,,,,,,,,,,,PUBLIE,0,,https://data.gouv.nc/explore/dataset/avis-de-vacances-de-poste-avp-drhfpnc/files/1e6baa7dc4204d583130a68020b98196/download/
65772,0,Surveillant animateur périscolaire,,,26-1320,2026-09-04,,ACDP-Grille rémunération 1-Sans diplôme,,,,,2026-10-01 11:00:00+11:00,date,,,,,2026-09-03 22:05:56+11:00,2026-09-25,,Inspecteur,,,,,,,,,,,,,,,,,,,,PUBLIE,4,,https://data.gouv.nc/explore/dataset/avis-de-vacances-de-poste-avp-drhfpnc/files/689770dd8ff075f97e3cc58f417e3dc2/download/
65762,0,Chef de corps du SIVM SUD,,,26-1311,2026-09-04,,major,capitaine,Officiers,Officiers,,2027-04-01 11:00:00+11:00,date,,,,,2026-09-03 21:13:34+11:00,2026-09-25,,Inspecteur,,,,,,,,,,,,,,,,,,,,PUBLIE,4,,https://data.gouv.nc/explore/dataset/avis-de-vacances-de-poste-avp-drhfpnc/files/4e64b889b36ad93b5f93d3a79232ca13/download/
65802,0,Chef de service,,,26-1340,2026-09-04,Agence de développement de la culture kanake,attaché,rédacteur,,,,,immédiatement,Agence de développement de la culture kanake,ADCK,,,2026-09-04 01:02:15+11:00,2026-09-25,,Inspecteur,,,,,,,,,,,,,,,,,,,,PUBLIE,0,,https://data.gouv.nc/explore/dataset/avis-de-vacances-de-poste-avp-drhfpnc/files/dfc1064cb1c40b85e15dbf534408af0c/download/
65780,0,Assistant(e) social(e) de secteur Pouembout-Poya,,,26-1326,2026-09-04,Province Nord,assistant socio-éducatif,,,,,,immédiatement,Province Nord,PVN,,,2026-09-03 22:20:49+11:00,2026-10-16,,Inspecteur,,,,,,,,La date de clôture initialement prévue le 25/09/2026 a été reportée.,,,,,,,,,,,,PUBLIE,0,,https://data.gouv.nc/explore/dataset/avis-de-vacances-de-poste-avp-drhfpnc/files/6e45064dd5af7ba5980ce4e506d91670/download/
65796,0,3 Infirmier(e)s en néonatalogie,,,26-1335,2026-09-04,"Centre hospitalier territorial ""Gaston Bourret""",infirmier en soins généraux,,Infirmiers,,,2026-12-01 11:00:00+11:00,date,"Centre hospitalier territorial ""Gaston Bourret""",CHT,,,2026-09-04 00:51:52+11:00,2026-09-25,,Inspecteur,,,,,,,,,,,,,,,Direction des Ressources Humaines / Cellule recrutement,Direction des Ressources Humaines - Cellule recrutement - Médipôle Koutio,BP J5-98849 - Nouméa cedex,kelly.miloud@cht.nc,,PUBLIE,4,,https://data.gouv.nc/explore/dataset/avis-de-vacances-de-poste-avp-drhfpnc/files/06e02b2a9240372a0f4c26c6aa6b8123/download/
65789,0,2 Aides-soignant(e)s en unité de soins intensifs cardiologiques et neuro-vasculaires,,,26-1329,2026-09-04,"Centre hospitalier territorial ""Gaston Bourret""",aide-soignant,,Aide-soignant,,,2026-11-01 11:00:00+11:00,date,"Centre hospitalier territorial ""Gaston Bourret""",CHT,,,2026-09-04 00:37:08+11:00,2026-09-25,,Inspecteur,,,,,,,,,,,,,,,Direction des Ressources Humaines / Cellule recrutement,Direction des Ressources Humaines - Cellule recrutement - Médipôle Koutio,BP J5-98849 - Nouméa cedex,kelly.miloud@cht.nc,,PUBLIE,4,,https://data.gouv.nc/explore/dataset/avis-de-vacances-de-poste-avp-drhfpnc/files/81ea8d8ede2a2033dd1ea35ee8564d67/download/
65791,0,Aide-soignant(e) aux urgences,,,26-1331,2026-09-04,"Centre hospitalier territorial ""Gaston Bourret""",aide-soignant,,Aide-soignant,,,,susceptible d'être vacant,"Centre hospitalier territorial ""Gaston Bourret""",CHT,,,2026-09-04 00:42:03+11:00,2026-09-25,,Inspecteur,,,,,,,,,,,,,,,Direction des Ressources Humaines / Cellule recrutement,Direction des Ressources Humaines - Cellule recrutement - Médipôle Koutio,BP J5-98849 - Nouméa cedex,kelly.miloud@cht.nc,,PUBLIE,1,,https://data.gouv.nc/explore/dataset/avis-de-vacances-de-poste-avp-drhfpnc/files/50fa4540054e52f2c8ad33c1a2466ba9/download/
65407,0,Chef de service éducatif - UPAD,Educateur chef de service socioéducatif,K1207-2,26-65407/MPRH,2026-09-04,Nouvelle-Calédonie,cadre socio-éducatif,,,,,,immédiatement,Direction de la protection judiciaire de l'enfance et de la jeunesse,DPJEJ,Etablissement de placement éducatif - foyer d'action éducative de Nouville,Nouméa,2026-08-08 01:27:30+11:00,2026-09-25,"La Direction de la Protection Judiciaire de l'Enfance et de la Jeunesse (DPJEJ) a notamment pour mission de prévenir et de lutter contre la délinquance des mineurs. À ce titre, elle met en œuvre les orientations de la Nouvelle-Calédonie en matière de protection judiciaire de l'enfance et de la jeunesse et veille à répondre aux besoins liés à l'instruction et à l'exécution des décisions judiciaires concernant les mineurs qui lui sont confiés.",Responsable socio éducatif,"Sous l'autorité du chef de service, le chef de service éducatif assure l'encadrement, l'animation et la coordination de l'équipe pluridisciplinaire de l'UPAD. Il veille à la mise en œuvre des missions de protection judiciaire de l'enfance et de la jeunesse, dans le respect des décisions judiciaires et des orientations institutionnelles.","À ce titre, il est chargé de :
- Organiser et coordonner l'activité du service, en garantissant la continuité et la qualité de la prise en charge des mineurs confiés ;
- Encadrer, accompagner et soutenir les professionnels dans l'exercice de leurs missions ;
- Veiller à l'élaboration, au suivi et à l'évaluation des projets éducatifs et des modalités d'accompagnement ;
- Assurer le lien avec les magistrats, les services de la direction et les partenaires institutionnels et associatifs ;
- Participer à la réflexion institutionnelle, à l'évolution des pratiques professionnelles et à la mise en œuvre des projets de service ;
- Contribuer à la gestion administrative, organisationnelle et au suivi des moyens alloués au service ;
- Veiller au respect du cadre réglementaire, des procédures, de la déontologie et des obligations liées à la protection judiciaire de l'enfance et de la jeunesse.","Par délégation, le chef de service éducatif représente la direction auprès des différentes instances partenariales ;
En l'absence du chef de service, il assure, par délégation, la continuité du fonctionnement du service ainsi que la continuité de l'accompagnement éducatif et pédagogique des mineurs suivis ;
Il contribue à l'accueil et à l'intégration des nouveaux professionnels en organisant leur accompagnement, notamment par la mise en place de périodes de tuilage, un soutien dans la prise en charge des premières mesures et des temps réguliers d'échange et de suivi.",- Titulaire du permis de conduire B.,"- Être titulaire du CAFERUIS, du CAFDES ou de la validation de la formation de responsable d'unité éducative de la PJJ ;
- Avoir une bonne connaissance de la société néo-calédonienne ;
- Disposer d'une connaissance du réseau partenarial social de la Nouvelle-Calédonie.","Savoir réagir avec pertinence face aux situations d'urgence ;
Animer et encadrer une équipe pédagogique ;
Faire preuve d'autorité et de leadership dans l'exercice des fonctions ;
Maîtriser l'animation de réunions ainsi que la dynamisation et la mobilisation des équipes ;
Disposer de capacités de synthèse et d'une écoute active.","- Faire preuve de sens du travail en équipe éducative et pluridisciplinaire ;
- Respecter les principes de déontologie et de discrétion professionnelle ;
- Contribuer à la dynamisation et à la mobilisation des équipes ;
- Faire preuve de disponibilité dans l'exercice des fonctions.",,"Jeenah Case, directrice adjointe par intérim",23 25 84,jeenah.case@gouv.nc,,,,la direction des ressources humaines et de la fonction publique de Nouvelle Calédonie,Bureaux 106 et 107 - Section recrutement - DRHFPNC - Centre administratif Jacques Iékawé - 1er étage - 18 avenue Paul Doumer - Centre-ville de Nouméa,B.P M2 - 98849 Nouméa cedex,drhfpnc.recrutement@gouv.nc,,PUBLIE,0,,https://data.gouv.nc/explore/dataset/avis-de-vacances-de-poste-avp-drhfpnc/files/28251f3105b9c4ca7217f0c84a328734/download/
65770,0,Directeur adjoint en charge des affaires financières,,,26-1318,2026-09-04,Centre hospitalier du Nord,emploi fonctionnel,,,,,,immédiatement,Centre hospitalier du Nord,CHN,,,2026-09-03 22:01:37+11:00,2026-09-25,,Inspecteur,,,,,,,,,,,,,,,,,,,,PUBLIE,0,,https://data.gouv.nc/explore/dataset/avis-de-vacances-de-poste-avp-drhfpnc/files/dea850fb03c93d384fd7d389a87bfa22/download/
65788,0,Sage-femmes en gynécologie-obstétrique,,,26-1328,2026-09-04,"Centre hospitalier territorial ""Gaston Bourret""",sage femme,,,,,2027-02-01 11:00:00+11:00,date,"Centre hospitalier territorial ""Gaston Bourret""",CHT,,,2026-09-04 00:32:11+11:00,2026-09-25,,Inspecteur,,,,,,,,,,,,,,,Direction des Ressources Humaines / Cellule recrutement,Direction des Ressources Humaines - Cellule recrutement - Médipôle Koutio,BP J5-98849 - Nouméa cedex,kelly.miloud@cht.nc,,PUBLIE,4,,https://data.gouv.nc/explore/dataset/avis-de-vacances-de-poste-avp-drhfpnc/files/ca56f1b6b759a5a06b7f664d32905a53/download/
65792,0,Infirmier(e) en chirurgie viscérale,,,26-1332,2026-09-04,"Centre hospitalier territorial ""Gaston Bourret""",infirmier en soins généraux,,Infirmiers,,,2026-10-01 11:00:00+11:00,date,"Centre hospitalier territorial ""Gaston Bourret""",CHT,,,2026-09-04 00:44:50+11:00,2026-09-25,,Inspecteur,,,,,,,,,,,,,,,Direction des Ressources Humaines / Cellule recrutement,Direction des Ressources Humaines - Cellule recrutement - Médipôle Koutio,BP J5-98849 - Nouméa cedex,kelly.miloud@cht.nc,,PUBLIE,4,,https://data.gouv.nc/explore/dataset/avis-de-vacances-de-poste-avp-drhfpnc/files/873d042955eb1363b21a65cac6d51ece/download/
65760,0,Chef d'équipe,,,26-1310,2026-09-04,,sapeur pompier,,Non-officiers,,,,susceptible d'être vacant,,,,,2026-09-03 21:10:05+11:00,2026-09-25,,Inspecteur,,,,,,,,,,,,,,,,,,,,PUBLIE,1,,https://data.gouv.nc/explore/dataset/avis-de-vacances-de-poste-avp-drhfpnc/files/b233ab5f5020f783963df13619814e42/download/
65797,0,Assistant administratif,,,26-1336,2026-09-04,,adjoint administratif,,,,,,immédiatement,,,,,2026-09-04 00:54:42+11:00,2026-09-25,,Inspecteur,,,,,,,,,,,,,,,,,,,,PUBLIE,0,,https://data.gouv.nc/explore/dataset/avis-de-vacances-de-poste-avp-drhfpnc/files/55e6b6eff06a1b9b2741d31041398ee1/download/
65798,0,"Chef de service administratif, communication, réclamations",,,26-1337,2026-09-04,,attaché,rédacteur,,,,,immédiatement,,,,,2026-09-04 00:56:34+11:00,2026-10-09,,Inspecteur,,,,,,,,La date de clôture initialement prévue le 25/09/2026 a été reportée,,,,,,,,,,,,PUBLIE,0,,https://data.gouv.nc/explore/dataset/avis-de-vacances-de-poste-avp-drhfpnc/files/7f4ffdcc9e200147849e95768a8237b5/download/
65781,0,Chef(fe) de bureau,,,26-1327,2026-09-04,Autorité de la concurrence de Nouvelle-Calédonie,attaché,,,,,2026-11-01 11:00:00+11:00,date,Autorité de la concurrence de Nouvelle-Calédonie,,,,2026-09-03 22:22:36+11:00,2026-09-25,,Inspecteur,,,,,,,,,,,,,,,,,,,,PUBLIE,4,,https://data.gouv.nc/explore/dataset/avis-de-vacances-de-poste-avp-drhfpnc/files/9ec840ed5bd9b3ee01128f7008b93ff2/download/
65777,0,Infirmier(e) en pratique avancée - Houaïlou,,,26-1323,2026-09-04,Province Nord,infirmier en soins généraux,,Infirmiers,,,,immédiatement,Province Nord,PVN,,,2026-09-03 22:15:23+11:00,2026-10-02,,Inspecteur,,,,,,,,La date de clôture initialement prévue le 25/09/2026 a été reportée.,,,,,,,,,,,,PUBLIE,0,,https://data.gouv.nc/explore/dataset/avis-de-vacances-de-poste-avp-drhfpnc/files/5338885bf2b1d538dd26ee2fc47f26f7/download/
65193,1,Médecin,"Médecin (Inspecteur de Santé Publique -MISP-, inspecteur de la santé, conseil)",K1402-1,26-65193/MPRH,2026-08-31,Nouvelle-Calédonie,médecin de santé publique,,,,,2026-03-30 11:00:00+11:00,vacant à partir du,Direction des affaires sanitaires et sociales,DASS,Service de la santé publique,Nouméa,2026-07-27 20:35:37+11:00,2026-10-09,,Médecin conseil,"La direction des affaires sanitaires et sociales de la Nouvelle-Calédonie est une des directions techniques du gouvernement de la Nouvelle-Calédonie.
Elle est responsable de la mise en œuvre de la politique de la Nouvelle-Calédonie en matière de santé publique et de protection sociale. 

Elle comprend un service administration et support et quatre services métiers.

Le service de santé publique est chargé de la connaissance et des études relative à la situation sanitaire, de la veille et de la surveillance, et de l'amélioration de la santé des calédoniens (prévention). Les principaux enjeux de la politique de santé reposent sur le concept Une seule santé et sont liés aux déterminants de santé, à la santé relationnelle, à la prévention et aux parcours.","Le médecin de santé publique est en charge des missions nécessitant une bonne polyvalence technique car il est amené à intervenir sur des thèmes de :
- Surveillance sanitaire, animation du réseau sentinelle ;
- Elaboration des programmes de santé publique et de prévention, dont la santé environnementale ;
- Investigation des événements sanitaires et organisation de la réponse sanitaire adaptée ;
- Gestion des alertes sanitaires dont celles liées à l'environnement ;
- Gestion de toute crise sanitaire, rédaction de protocoles sanitaires ;
- Élaboration et pilotage de plans d'urgence ;
- Mise en place du RGPD ;
- Assurer des astreintes de santé publique dans le cadre de la veille sanitaire.

Le médecin de santé publique est aussi amené à :
- Participer aux consultations du centre santé voyage ;
- Assurer des astreintes de santé publique dans le cadre de la veille sanitaire.",,,"Savoir :
- Doctorat en médecine ;
- Connaissance en santé publique ;
- Contexte de l'exercice médical et des bonnes pratiques ;
- Connaissance en épidémiologie appréciée ;
- Connaissance du système de santé et du système de protection sociale calédonien.","Savoir-Faire :
- Maitrise des logiciels bureautique ;
- Expérience professionnelle sur un poste en Nouvelle-Calédonie, au contact des populations du territoire appréciée ;
- Discerner les enjeux spécifiques, anticiper et prendre des initiatives dans des domaines sensibles et dans l'urgence ;
- Conduire un projet ;
- Animer des réunions ;
- Travailler en réseau et en équipe .","Comportements professionnels :
- Disponibilité et mobilité sur le territoire ;
- Esprit d'analyse et de synthèse ;
- Qualités relationnelles ;
- Rigueur ;
- Éthique et déontologie ;
- Esprit d'initiative ;
- Ouverture d'esprit ;
- Appétence pour le travail en équipe.",Modification de la date de clôture initialement prévue le 18/09/2026,MESTRE Marie-Laure,24 37 00,direction.dass@gouv.nc,BAROUSSE Chantal,24 37 15,chantal.barousse@gouv.nc,la direction des ressources humaines et de la fonction publique de Nouvelle Calédonie,Bureaux 106 et 107 - Section recrutement - DRHFPNC - Centre administratif Jacques Iékawé - 1er étage - 18 avenue Paul Doumer - Centre-ville de Nouméa,B.P M2 - 98849 Nouméa cedex,drhfpnc.recrutement@gouv.nc,,PUBLIE,3,,https://data.gouv.nc/explore/dataset/avis-de-vacances-de-poste-avp-drhfpnc/files/bd1f0421c2988ea43df81c6df81ff87f/download/
65658,0,Secrétaire-comptable,,,26-1280,2026-08-28,Ville du Mont-Dore,rédacteur,,,,,,immédiatement,Ville du Mont-Dore,,,,2026-08-26 01:11:45+11:00,2026-10-02,,Inspecteur,,,,,,,,La date de clôture initialement prévue le 18/09/2026 a été reportée.,,,,,,,,,,,,PUBLIE,0,,https://data.gouv.nc/explore/dataset/avis-de-vacances-de-poste-avp-drhfpnc/files/d848e4c8d8fdb24a45aa7a396ba45e6a/download/
65332,0,Contrôleur enquêtes et poursuites,"Agent de recouvrement du Trésor, Chargé de recouvrement des recettes de l'Etat",K1501-3,26-65332/MPRH,2026-08-28,Nouvelle-Calédonie,rédacteur,,,,,,immédiatement,Direction des services fiscaux,DSF,Service de la recette,Nouméa,2026-08-04 19:29:15+11:00,2026-10-09,"La direction des services fiscaux, composée de treize services, est chargée d'asseoir, de contrôler et de recouvrer la plupart des impôts en vigueur en Nouvelle-Calédonie. Elle gère ainsi près de 76 % des recettes fiscales de la Nouvelle-Calédonie. Elle assure également une mission foncière, au travers de la gestion du domaine public et privé de la Nouvelle-Calédonie et de la publicité foncière, cette dernière ayant en charge notamment la taxe hypothécaire. Outre ces missions d'exécution, elle est chargée, dans le cadre de la politique poursuivie par le gouvernement de la Nouvelle-Calédonie, de l'élaboration de la législation fiscale ainsi que des mesures d'application.

Le service de la recette a pour mission principale l'encaissement et le recouvrement des différents impôts, droits, redevances et taxes relevant de la responsabilité du receveur des services fiscaux. Il comprend une cellule enregistrement et 5 sections, une section guichet-comptabilité, trois sections dédiées au recouvrement et une section enquêtes et poursuites où est affecté le poste à pourvoir.","Chargé du recouvrement des impôts, droits et taxes","Le contrôleur Enquêtes et Poursuites met en œuvre les procédures de recouvrement des créances correspondant aux impôts, droits ou taxes relevant de la responsabilité du receveur des services fiscaux.
Il assure le contrôle et le suivi des dossiers difficiles et sensibles susceptibles de constituer des affaires portées devant les juridictions de NC (TPI - TMC et Cour d'Appel).
Il élabore les dossiers inscrits en procédures collectives et contribue à la défense des intérêts de la collectivité dans le cadre de ces mêmes affaires contentieuses.","Gestion des dossiers en recouvrement difficile :
- Suivi des procédures
- Suivi des dossiers à difficulté
- Enquêtes et poursuites sur le terrain

Gestion des procédures collectives :
- Contrôle des dossiers
- Rédaction des requêtes introductives
- Suivi de la procédure auprès des tribunaux

Gestion des dossiers placés en admission en non valeur :
- Contrôle de la prescription
- Relance des actions en recouvrement",- Appui aux différentes sections du service lors des échéances ou de pics d'activités.,,"- Connaissance de l'organisation des services administratifs ;
- Notions générales en matière de fiscalité et de recouvrement ;
- Notions en comptabilité publique ;
- Connaissance des procédures contentieuses ;
- Maîtrise des outils bureautiques.","- Capacités rédactionnelles et de synthèse ;
- Sens de la communication et de la négociation ;
- Appliquer les procédures et anticiper les risques ;
- Maîtriser les délais et anticiper les échéances ;
- S'adapter aux évolutions (réglementation applicable, outils informatiques utilisés et organisation du service) ;
- Acquérir rapidement des connaissances techniques nouvelles.","- Rigueur et vigilance ;
- Méthode et sens de l'organisation ;
- Esprit d'analyse ;
- Qualités relationnelles et communication ;
- Sens de l'écoute ;
- Disponibilité ;
- Sens du travail en équipe et de la solidarité ;
- Discrétion.",,"M. Gil PAIN, chef de service de la recette",25 75 28,gil.pain@gouv.nc,,,,la direction des ressources humaines et de la fonction publique de Nouvelle Calédonie,Bureaux 106 et 107 - Section recrutement - DRHFPNC - Centre administratif Jacques Iékawé - 1er étage - 18 avenue Paul Doumer - Centre-ville de Nouméa,B.P M2 - 98849 Nouméa cedex,drhfpnc.recrutement@gouv.nc,,PUBLIE,0,,https://data.gouv.nc/explore/dataset/avis-de-vacances-de-poste-avp-drhfpnc/files/8b42111a1119ffc52ea9e2301a273b54/download/
65395,0,Educateur spécialisé - UEMO Sud/Iles,"Educateur (de la protection judiciaire de la jeunesse, en milieu ouvert, socioéducatif)",K1207-1,26-65395/MPRH,2026-08-28,Nouvelle-Calédonie,assistant socio-éducatif,,,,au moins égale à 5 ans.,,immédiatement,Direction de la protection judiciaire de l'enfance et de la jeunesse,DPJEJ,Service éducatif de milieu ouvert et d'insertion,NOUMEA,2026-08-07 21:23:13+11:00,2026-09-25,"La Direction de la Protection Judiciaire de l'Enfance et de la Jeunesse (DPJEJ) met en œuvre les orientations de la Nouvelle-Calédonie en matière de protection judiciaire de l'enfance et de la jeunesse. À ce titre, elle veille à répondre aux besoins liés à l'instruction et à l'exécution des décisions judiciaires concernant les mineurs.

Ses équipes pluridisciplinaires sont composées d'éducateurs spécialisés, de moniteurs-éducateurs, de psychologues, d'infirmiers, de veilleurs, d'ouvriers polyvalents, d'assistants de service social ainsi que de chefs de service et de chefs de service éducatif. Elles peuvent également s'appuyer sur les ressources transversales de la direction, notamment le pool de chargés de mission et les agents des fonctions supports.

Dans le cadre du renforcement de ses équipes, la DPJEJ recrute un éducateur spécialisé (H/F) au sein du Service Territorial Éducatif de Milieu Ouvert et d'Insertion (STEMOI), affecté à l'Unité Éducative de Milieu Ouvert (UEMO) Sud/Îles.",Educateur spécialisé,"Par son implication dans une relation socio-éducative de proximité, inscrite dans la durée, l'éducateur spécialisé accompagne les mineurs et les jeunes majeurs en difficulté dans la mise en œuvre des mesures éducatives ordonnées par les magistrats. Ces interventions s'inscrivent dans le cadre de la justice pénale des mineurs (Code de la justice pénale des mineurs - CJPM) ou de la protection de l'enfance (articles 375 et suivants du Code civil), lorsque ces mesures sont confiées au Service Territorial Éducatif de Milieu Ouvert et d'Insertion (STEMOI).","Mettre en œuvre les mesures éducatives ordonnées par les magistrats dans le cadre de la justice pénale des mineurs (Code de la justice pénale des mineurs - CJPM) ou de la protection de l'enfance (articles 375 et suivants du Code civil), confiées au service.

Dans le cadre d'une relation éducative fondée sur la confiance, l'éducateur spécialisé :
-accompagne le mineur dans la mise en œuvre de son projet éducatif et favorise son développement personnel, son autonomie et son insertion sociale ;
-met en place des actions et des mises en situation éducatives adaptées, dans un cadre sécurisant et contenant ;
-aide le mineur à devenir acteur de son parcours et à mobiliser ses ressources ainsi que celles de son environnement.

Au sein de l'institution, l'éducateur spécialisé :
-participe à l'évaluation des situations des mineurs et de leur famille ainsi qu'à l'élaboration du diagnostic éducatif ;
-assure le suivi des mesures éducatives en qualité de référent de parcours et coordonne les interventions des différents partenaires ;
-entretient un travail partenarial avec les acteurs des champs judiciaire, éducatif, sanitaire, social et scolaire ;
-participe aux réunions institutionnelles, aux synthèses et aux audiences lorsque sa présence est requise ;
-rédige les écrits professionnels nécessaires au suivi des situations et aux procédures judiciaires ;
-inscrit sa pratique dans une démarche de réflexion et d'amélioration continue, notamment par la formation, l'analyse des pratiques et la veille professionnelle.",,"Être titulaire du permis de conduire B ;
Faire preuve de souplesse dans l'organisation du temps de travail afin de répondre aux besoins des mineurs accompagnés ;
Participer aux permanences éducatives auprès du tribunal (PEAT).","Formation et qualifications :
-Être titulaire du diplôme d'État d'éducateur spécialisé (DEES) et/ou de l'attestation de validation de la formation des éducateurs de la Protection judiciaire de la jeunesse, délivrée par l'École nationale de la protection judiciaire de la jeunesse (ENPJJ) du ministère de la Justice.

Connaissances attendues :
-Connaissance de la société néo-calédonienne, et plus particulièrement des réalités culturelles, sociales et coutumières kanak ;
-Connaissance du réseau partenarial social, médico-social, éducatif et judiciaire de la Nouvelle-Calédonie ;
-Connaissance du cadre juridique de la protection de l'enfance et de la justice pénale des mineurs.

Expérience professionnelle souhaitée
Une expérience en Nouvelle-Calédonie est souhaitée, notamment dans les domaines suivants :
-l'accompagnement de mineurs confiés en famille d'accueil ou accueillis en structure d'hébergement collectif ;
-la mise en œuvre des mesures éducatives relevant de la protection judiciaire de l'enfance, notamment dans le cadre du Code de la justice pénale des mineurs (CJPM).","Esprit d'équipe et aptitude à travailler au sein d'une équipe pluridisciplinaire ;
Excellentes qualités relationnelles et capacité à instaurer une relation éducative de confiance ;
Capacité à créer du lien avec les mineurs, les familles et les partenaires ;
Ouverture d'esprit, capacité d'écoute et sens de l'adaptation ;
Sensibilité aux enjeux de l'interculturalité et aptitude à intervenir dans un contexte multiculturel ;
Dynamisme, autonomie, sens de l'initiative et force de proposition ;
Rigueur, discrétion professionnelle et sens des responsabilités.","Engagement dans un projet de service et sens des responsabilités ;
Respect des échéances et des procédures ;
Qualités d'écoute et d'empathie ;
Respect de la déontologie, de la confidentialité et du secret professionnel ;
Disponibilité, adaptabilité et esprit d'équipe.",Modification de la date de clôture initialement prévue le 18/09/2026,"Marie-Gabrielle Tolikoli-Motutoa, chef de service",23 20 10,marie-gabrielle.tolikoli-motutoa@gouv.nc,,,,la direction des ressources humaines et de la fonction publique de Nouvelle Calédonie,Bureaux 106 et 107 - Section recrutement - DRHFPNC - Centre administratif Jacques Iékawé - 1er étage - 18 avenue Paul Doumer - Centre-ville de Nouméa,B.P M2 - 98849 Nouméa cedex,drhfpnc.recrutement@gouv.nc,,PUBLIE,0,,https://data.gouv.nc/explore/dataset/avis-de-vacances-de-poste-avp-drhfpnc/files/92840d8841a4f0b2686214216364b5f1/download/
65052,0,Contrôleur financier des établissements publics,Contrôleur financier,M1204-1,26-65052/MPRH,2026-08-28,Nouvelle-Calédonie,attaché,,,,Au moins égale à 10 ans,,immédiatement,Direction du budget et des affaires financières,DBAF,Service des collectivités locales et des établissements publics,NOUMEA,2026-07-17 20:54:13+11:00,2026-10-02,"La direction du budget et des affaires financières a pour mission principale la préparation et l'exécution du budget de la Nouvelle-Calédonie (budget annuel d'environ 275 milliards CFP) ainsi que le suivi et le contrôle des établissements publics et des relations financières avec les autres collectivités locales.

La direction, composée de 65 agents, est amenée à évoluer fortement dans les 2-3 années à venir. 

D'une part, la Nouvelle-Calédonie est engagée dans une réforme de la gestion des finances publiques qui impose de nombreux changements opérationnels et décisionnels. D'autre part, mais en lien avec cette réforme, la direction a vocation à se professionnaliser sur les métiers financiers pour apporter une véritable valeur ajoutée à la collectivité et ses décideurs en matière de prospective, d'analyse, d'évaluation des décisions financières.

Le service des collectivités locales et des établissements publics, composé de 10 agents, est chargé du contrôle financier, du conseil aux établissements publics et des audits éventuels, de la gestion des dotations réparties entre collectivités, du reversement des centimes additionnels, des recettes affectées et subvention diverses ainsi que de la gestion du comité du fonds intercommunal de péréquation.",Contrôleur financier,"Sous l'autorité du chef de service et de son adjoint(e), le contrôleur financier effectue le contrôle administratif et financier des établissements publics de la Nouvelle-Calédonie et contribue à l'identification des risques financiers inhérents à leur fonctionnement.","- Assurer un rôle de conseil auprès des directeurs et des équipes des établissements publics dans la gestion administrative, juridique et financière des dossiers ;
- Contrôler sur pièces des décisions financières et administratives des établissements publics de la Nouvelle-Calédonie ;
- Identifier et analyser les risques financiers ;
- Participer, à titre consultatif, aux conseils d'administration des établissements publics ;
- Alerter et conseiller les membres du gouvernement ;
- Présenter à la validation du gouvernement des décisions budgétaires des établissements publics (rédaction de rapports, arrêtés) ;
- Rédiger diverses études et analyses ;
- Travailler en collaboration avec un gestionnaire des établissements publics.","- Réaliser des audits éventuels sur les établissements publics,
- Participer à la mise en place d'un contrôle de gestion au sein du service et au sein des établissements.",- Déplacements fréquents pour assister aux conseils d'administration des établissements.,"Les compétences suivies de (*) pourront être acquises à la suite de la prise de poste via un accompagnement et des formations dispensées au sein de la collectivité. 
- Master 2 exigé pour le recrutement sur titre s'agissant d'un métier identifié comme pénurique ;
- Formation supérieure en finance / contrôle de gestion souhaitée ;
- Maitrise des techniques d'analyse financière ;
- Comptabilité générale et nomenclatures comptables ;
- Connaissance juridique dans les domaines RH, finances (*).","- Contrôler et analyser,
- Conseiller,
- Maîtrise des outils informatiques et bureautiques,
- Communiquer avec diplomatie et fermeté, 
- Rédiger des documents administratifs.","- Autonomie,
- Esprit d'analyse et de synthèse,
- Qualités relationnelles, sens du dialogue et de l'écoute,
- Rigueur,
- Curiosité intellectuelle,
- Sens du service public,
- Discrétion professionnelle.",,Romain DAMESIN - chef de service,25 60 82,romain.damesin@gouv.nc,Gweanelle DEVEAUX - directrice adjointe,25 60 82,gwenaelle.deveaux@gouv.nc,la direction des ressources humaines et de la fonction publique de Nouvelle Calédonie,Bureaux 106 et 107 - Section recrutement - DRHFPNC - Centre administratif Jacques Iékawé - 1er étage - 18 avenue Paul Doumer - Centre-ville de Nouméa,B.P M2 - 98849 Nouméa cedex,drhfpnc.recrutement@gouv.nc,,PUBLIE,0,,https://data.gouv.nc/explore/dataset/avis-de-vacances-de-poste-avp-drhfpnc/files/cee81fbc72aabd0176c7ff1b878300a8/download/
65675,0,Chef du service des centres de secours,,,26-1298,2026-08-28,,capitaine,commandant,Officiers,Officiers,,,susceptible d'être vacant,,,,,2026-08-26 01:49:17+11:00,2026-10-02,,Inspecteur,,,,,,,,La date de clôture initialement prévue au 18/09/2026 a été reportée,,,,,,,,,,,,PUBLIE,1,,https://data.gouv.nc/explore/dataset/avis-de-vacances-de-poste-avp-drhfpnc/files/0820d30c2861a83ec7eac4ba7323d596/download/
65664,0,10 Référents écoles périscolaires,,,26-1287,2026-08-28,Caisse des écoles de Nouméa,ACDP-Grille rémunération 2-Diplôme niveau V,,,,,2026-12-01 11:00:00+11:00,date,Caisse des écoles de Nouméa,CDE Nouméa,,,2026-08-26 01:23:51+11:00,2026-10-09,,Inspecteur,,,,,,,,,,,,,,,,,,,,PUBLIE,4,,https://data.gouv.nc/explore/dataset/avis-de-vacances-de-poste-avp-drhfpnc/files/6b53778b8af79228d1fead5b2de9c121/download/
65194,0,Techncien en bâtiment,"Technicien des méthodes BTP, d'études BTP, en acoustique BTP, études de prix BTP",F1106-8,26-65194/MPRH,2026-08-28,Nouvelle-Calédonie,technicien,,Equipement,,- Technicien 1er et 2ème grade domaine équipement : au moins égale à 10 ans.,2026-09-01 11:00:00+11:00,vacant à partir du,"Direction des achats, du patrimoine et des moyens",DAPM,"Service exploitation, maintenance et moyens",Nouméa,2026-07-28 00:54:51+11:00,2026-09-25,"La direction des achats, du patrimoine et des moyens (DAPM) est une direction support au gouvernement de la Nouvelle-Calédonie, de ses directions et de ses établissements publics.
Elle définit la politique d'achats et la stratégie immobilière de la collectivité. Elle assure la réalisation des constructions publiques, la gestion et l'entretien du patrimoine bâti et des moyens généraux (parc de véhicules,
gestion centralisée du courrier, gestion du mobilier, prestations d'imprimerie).
Elle est également compétente en matière de réglementation et d'assistance des marchés publics.
Elle est également compétente en matière des normes et assurances de la construction, des travaux publics et du génie civil de Nouvelle-Calédonie.

Le service exploitation, maintenance et moyens est un service support des directions et services du gouvernement de la Nouvelle-Calédonie. Il est composé d'une trentaine de personnes, répartis en 4 bureaux : le bureau exploitation, maintenance et énergie, le bureau des travaux en régie, le bureau de la gestion du parc véhicules et le bureau des vaguemestres.

Le bureau exploitation, maintenance et énergie (BEME) a pour mission de valoriser et d'optimiser le patrimoine bâti et non bâti de la collectivité en lien avec les objectifs du schéma directeur immobilier. Il met en œuvre la stratégie de maîtrise de l'énergie et de développement d'énergies renouvelables en assurant la cohérence entre conception énergétique des équipements, exploitations des installations climatiques et gestion des dépenses d'énergie. Il veille à la conformité réglementaire du patrimoine et assure les audits requis.",Technicien d'études de bâtiment,"Placé sous l'autorité du chef du service, le bureau exploitation, maintenance et énergie (BEME) est composé des bâtiments administratifs, des logements administratifs, des équipements sportifs territoriaux. Le budget annuel géré s'élève à environ 500 millions sur les deux sections investissement et fonctionnement.","Sous la responsabilité du chef de bureau, le technicien en bâtiment a pour activités principales d'assurer l'entretien du patrimoine bâti et non bâti, en location ou en propriété.
Son rôle peut varier, en fonction des situations fixées ou du plan de charge, en qualité de Maître d'ouvrage ou de Maître d'œuvre, est de répondre au programme planifié, dans les délais impartis et pour un montant maîtrisé.
Il est amené à assurer l'adaptation du bâti aux besoins des services et à en préserver la valeur économique et technique.
La gestion des logements et des infrastructures sportives est également une partie importante de la mission.

Il assure notamment les missions suivantes :
- caractériser le patrimoine : inventaires physiques, ERP, ERT, coût d'exploitation ;
- mettre en œuvre la politique d'exploitation et de maintenance : gestion prévisionnelle de la maintenance, actions préventives et curatives, passation des contrats et marchés (services et travaux de maintenance) ;
- prendre en compte les besoins : relations avec les services occupants et notamment ;
  - planifier et coordonner les différents travaux d'aménagement, de sécurité et de maintenance ;
  - suivre leur exécution ;
  - communiquer avec les demandeurs à toutes les phases de l'intervention.

Dans le cadre de ses fonctions, le technicien :
- participe à la préparation du budget en apportant les éléments prévisionnels des dépenses et des besoins, des opérations dont il a la charge ;
- informe la clientèle de ses interventions et assure une relation privilégiée ;
- lors de travaux en régie, il s'assure d'effectuer les commandes auprès des fournisseurs et d'en assurer le suivi.",Le technicien contribue aux actions mises en œuvre pour structurer le bureau et améliorer la qualité du service.,,"- Être titulaire d'un bac+2 bâtiment ou génie civil ;
- Avoir de bonnes connaissances des pathologies du bâtiment et notamment dans le domaine de l'entretien, de la maintenance (préventif & curatif) ;
- Connaître les principes de la réglementation en matière de commandes publiques (bon de commande, contrats,  marchés publics) ;
- Connaître les techniques de chiffrage (métré, quantitatif, détail estimatif, ratio) ;
- Être titulaire du permis B ;
- Word/Excel/Power point etc ;
- Google Suite.","- Qualités rédactionnelles (courriers administratifs, notes, analyses,...) ;
- Analyser et recueillir les besoins des services ;
- Montage de dossiers de consultation (DCE, Contrats,...) ;
- Maîtriser l'expression écrite et orale ;
- Assurer la maintenance et la contrôler ;
- Gérer les priorités et hiérarchiser les urgences ;
- Élaborer des tableaux de bord de suivi ;
- Écouter et coordonner les relations avec les clients et la hiérarchie ;
- Rendre compte des actions mises en œuvre ;
- Connaître les procédures administratives de la collectivité ;
- Aisance informatique.","- Sens du service public ;
- strict respect de la hiérarchie ;
- Engagement et respect des consignes ;
- Réactivité et sens de l'initiative ;
- Méthodes et sens de l'organisation ;
- Sens de l'écoute ;
- Bon relationnel et diplomatie ;
- Goût du travail en équipe ;
- Discrétion ;
- Autonomie ;
- Rigueur, ponctualité.",Modification de la date de clôture initialement prévue le 18/09/2026,Lauren CAMPOT,79 06 09,laurent.campot@gouv.nc,Françoise BERNARD,29 61 55,francoise.bernard@gouv.nc,la direction des ressources humaines et de la fonction publique de Nouvelle Calédonie,Bureaux 106 et 107 - Section recrutement - DRHFPNC - Centre administratif Jacques Iékawé - 1er étage - 18 avenue Paul Doumer - Centre-ville de Nouméa,B.P M2 - 98849 Nouméa cedex,drhfpnc.recrutement@gouv.nc,,PUBLIE,3,,https://data.gouv.nc/explore/dataset/avis-de-vacances-de-poste-avp-drhfpnc/files/97e9d30b79011494d9aaa02c78d0b949/download/
65674,0,Responsable du Pôle Préparatoire - S.P.O.T,,,26-1297,2026-08-28,Groupement insertion évolution professionnelles de Nouvelle-Calédonie,attaché,,,,,2027-01-01 11:00:00+11:00,date,Groupement insertion évolution professionnelles de Nouvelle-Calédonie,GIEP NC,,,2026-08-26 01:46:39+11:00,2026-10-09,,Inspecteur,,,,,,,,La date de clôture initialement prévue le 18/09/2026 a été reportée,,,,,,,,,,,,PUBLIE,4,,https://data.gouv.nc/explore/dataset/avis-de-vacances-de-poste-avp-drhfpnc/files/8a84c477441a8b34a56d8df6d6bcb1d4/download/
65566,0,Chef du service administratif et financier,,,26-1247,2026-08-21,Province Sud,attaché,,,,,2026-10-01 11:00:00+11:00,date,Province Sud,PVS,,,2026-08-21 01:00:16+11:00,2026-09-25,,Inspecteur,,,,,,,,,,,,,,,,,,,,PUBLIE,4,,https://data.gouv.nc/explore/dataset/avis-de-vacances-de-poste-avp-drhfpnc/files/c3fb38e8420c692b51e86f62ca3d9d72/download/
65568,0,Educateur sanitaire au SSPS,,,26-1249,2026-08-21,Province Sud,assistant socio-éducatif,,,,,,susceptible d'être vacant,Province Sud,PVS,,,2026-08-21 01:03:41+11:00,2026-09-25,,Inspecteur,,,,,,,,,,,,,,,,,,,,PUBLIE,1,,https://data.gouv.nc/explore/dataset/avis-de-vacances-de-poste-avp-drhfpnc/files/53b9c182a4df2c1e09a4b9ef340b6b07/download/
65574,0,Gestionnaire RH chargé des carrières et de la rémunération,,,26-1255,2026-08-21,"Centre hospitalier spécialisé ""Albert Bousquet""",rédacteur,,,,,2026-11-01 11:00:00+11:00,date,"Centre hospitalier spécialisé ""Albert Bousquet""",CHS,,,2026-08-21 01:16:39+11:00,2026-09-25,,Inspecteur,,,,,,,,,,,,,,,,,,,,PUBLIE,4,,https://data.gouv.nc/explore/dataset/avis-de-vacances-de-poste-avp-drhfpnc/files/c072039795e17e19fc8b0b91891c786c/download/
65466,0,Médecin à Poum,,,26-1213,2026-08-14,Province Nord,médecin de santé publique,,,,,,immédiatement,Province Nord,PVN,,,2026-08-13 01:54:03+11:00,2026-10-02,,Inspecteur,,,,,,,,La date de clôture initialement prévue le 04/09/2026 a été reportée,,,,,,,,,,,,PUBLIE,0,,https://data.gouv.nc/explore/dataset/avis-de-vacances-de-poste-avp-drhfpnc/files/e01cea724ebfaeb76c31e5290e04425d/download/
65469,0,Médecin à Belep,,,26-1216,2026-08-14,Province Nord,médecin de santé publique,,,,,,immédiatement,Province Nord,PVN,,,2026-08-13 02:00:59+11:00,2026-10-02,,Inspecteur,,,,,,,,La date de clôture initialement prévue le 04/09/2026 a été reportée,,,,,,,,,,,,PUBLIE,0,,https://data.gouv.nc/explore/dataset/avis-de-vacances-de-poste-avp-drhfpnc/files/613a20ce954e692eaf9af5528efe188c/download/
65463,0,Médecin à Ponérihouen,,,26-1210,2026-08-14,Province Nord,médecin de santé publique,,,,,,immédiatement,Province Nord,PVN,,,2026-08-13 01:49:42+11:00,2026-10-02,,Inspecteur,,,,,,,,La date de clôture initialement prévue le 04/09/2026 a été reportée,,,,,,,,,,,,PUBLIE,0,,https://data.gouv.nc/explore/dataset/avis-de-vacances-de-poste-avp-drhfpnc/files/4abc5dc919dd36c9a47eaea4e5881d5f/download/
65474,0,Médecin à Kaala-Gomen,,,26-1220,2026-08-14,Province Nord,médecin de santé publique,,,,,,immédiatement,Province Nord,PVN,,,2026-08-13 02:07:14+11:00,2026-10-02,,Inspecteur,,,,,,,,La date de clôture initialement prévue le 04/09/2026 a été reportée,,,,,,,,,,,,PUBLIE,0,,https://data.gouv.nc/explore/dataset/avis-de-vacances-de-poste-avp-drhfpnc/files/06a605f665be5a1e93336acf0717298c/download/
65478,0,Médecin à Ouegoa,,,26-1222,2026-08-14,Province Nord,médecin de santé publique,,,,,,immédiatement,Province Nord,PVN,,,2026-08-13 02:14:21+11:00,2026-10-02,,Inspecteur,,,,,,,,La date de clôture initialement prévue le 04/09/2026 a été reportée,,,,,,,,,,,,PUBLIE,0,,https://data.gouv.nc/explore/dataset/avis-de-vacances-de-poste-avp-drhfpnc/files/d021f666d815332e9da374fd6481c7fc/download/
65468,0,2 Médecins itinérants et de téléconsultation,,,26-1215,2026-08-14,Province Nord,médecin de santé publique,,,,,,immédiatement,Province Nord,PVN,,,2026-08-13 01:58:55+11:00,2026-10-02,,Inspecteur,,,,,,,,La date de clôture initialement prévue le 04/09/2026 a été reportée,,,,,,,,,,,,PUBLIE,0,,https://data.gouv.nc/explore/dataset/avis-de-vacances-de-poste-avp-drhfpnc/files/53ad137e60125ed9f1eca829af6c62dd/download/
65465,0,Médecin à Touho,,,26-1212,2026-08-14,Province Nord,médecin de santé publique,,,,,,immédiatement,Province Nord,PVN,,,2026-08-13 01:52:40+11:00,2026-10-02,,Inspecteur,,,,,,,,La date de clôture initialement prévue le 04/09/2026 a été reportée,,,,,,,,,,,,PUBLIE,0,,https://data.gouv.nc/explore/dataset/avis-de-vacances-de-poste-avp-drhfpnc/files/7c042ba4d9ba064da05d26e6677a9866/download/
65476,0,Médecin à Kouaoua,,,26-1221,2026-08-14,Province Nord,médecin de santé publique,,,,,,immédiatement,Province Nord,PVN,,,2026-08-13 02:10:49+11:00,2026-10-02,,Inspecteur,,,,,,,,La date de clôture initialement prévue le 04/09/2026 a été reportée,,,,,,,,,,,,PUBLIE,0,,https://data.gouv.nc/explore/dataset/avis-de-vacances-de-poste-avp-drhfpnc/files/99d9c51dcc1f1a94548c37588c96cd17/download/
65354,0,Educateur des activités physiques et sportives,"Educateur sportif, d'activités physiques-sportives, handisport",G1204-2,26-65354/MPRH,2026-08-14,Nouvelle-Calédonie,éducateur des APS,,,,,2026-12-02 11:00:00+11:00,vacant à partir du,Direction de la protection judiciaire de l'enfance et de la jeunesse,DPJEJ,,NOUMEA,2026-08-05 21:22:19+11:00,2026-09-25,"La DPJEJ est chargée de mettre en œuvre les orientations de la Nouvelle-Calédonie en matière de protection judiciaire de l'enfance et de la jeunesse. À ce titre, elle veille à répondre aux besoins liés à l'instruction et à l'exécution des décisions judiciaires concernant les mineurs.",Educateur jeunesse et sport,"Placé sous la responsabilité du directeur, l'agent contribue à la mise en œuvre de la politique sportive définie par la collectivité. Il conçoit, anime et encadre des activités physiques et sportives, dans une ou plusieurs disciplines, auprès d'un public de mineurs en grande difficulté.","En lien avec les services concernés, l'agent met en œuvre le programme des pratiques sportives au sein des foyers et services de la DPJEJ :
-Planifier, organiser, mettre en œuvre et animer les activités sportives ;
-Gérer et organiser l'aspect logistique : installation, agencement, transport ;
-Assurer la communication des actions mises en place par la direction ;
-Réaliser les bilans des actions menées.

En tant qu'éducateur sportif, il participe également à :
-Des actions d'animation sportive auprès de différents publics ;
-La préparation, le suivi et le bilan des actions de formation sportive et professionnelle ;
-Le suivi des activités sportives.","Encadrement, enseignement et animation d'activités physiques et sportives :
-Intervenir au sein des projets éducatifs et sportifs en cohérence avec la politique de la collectivité ;
-Participer à l'élaboration des projets éducatifs ;
-Sensibiliser aux différentes disciplines sportives ;
-Encadrer différentes activités physiques et sportives ;
-Adapter son intervention selon les publics, les niveaux et les capacités d'apprentissage.
-Mobiliser et coordonner les différents acteurs et moyens autour d'un projet sportif ;

Surveillance et sécurité des activités
-Détecter les anomalies du matériel et effectuer les opérations de maintenance usuelle ;
-Appliquer et faire appliquer la réglementation ;
-Prendre les initiatives nécessaires en cas d'urgence ;

Compétences transversales
-Expérience dans la gestion et la préparation d'activités ;
-Maîtrise de l'outil informatique ;
-Capacité à développer et entretenir un réseau de partenaires ;
-Savoir rendre compte auprès de la hiérarchie.","Titulaire du permis de conduire B ;
Déplacements réguliers dans le cadre des activités sportives organisées ;
Transport et manutention de matériel.","Titulaire du BPJEPS activités physiques pour tous (sports collectifs ou activités nautiques), ou DEUST activités physiques et sportives souhaité ;
Connaissance des institutions et du suivi judiciaire ;
Connaissance du réseau partenarial social de la Nouvelle-Calédonie ;
Connaissance des caractéristiques et spécificités des différents publics ;
Maîtrise des techniques et de la pédagogie des activités physiques, sportives et socio-éducatives ;
Maîtrise des techniques de communication.","Travailler en équipe pluridisciplinaire ;
Savoir concilier éducation et contrainte, dans le respect du cadre judiciaire ;
S'adapter à des publics en grande difficulté, avec un objectif d'insertion et de prévention de la récidive ;
Faire preuve d'écoute, d'empathie et savoir instaurer une relation de confiance tout en gardant un cadre ;
Rendre compte à la hiérarchie et contribuer aux projets éducatifs individuels des jeunes suivis.","Discrétion, rigueur et sens du service public ;
Autonomie, esprit d'initiative et force de proposition ;
Sens de l'organisation et de la discipline ;
Disponibilité, y compris le samedi ;
Aisance relationnelle et esprit d'équipe ;
Respect de l'autorité et de la hiérarchie ;
Grande polyvalence et capacité à gérer l'urgence.",Modification de la date de clôture initialement prévue le 04/09/2026,"Monsieur Paulo WATOENE, Directeur de la PJEJ",23 25 84,paulo.watoene@gouv.nc,,,,la direction des ressources humaines et de la fonction publique de Nouvelle Calédonie,Bureaux 106 et 107 - Section recrutement - DRHFPNC - Centre administratif Jacques Iékawé - 1er étage - 18 avenue Paul Doumer - Centre-ville de Nouméa,B.P M2 - 98849 Nouméa cedex,drhfpnc.recrutement@gouv.nc,,PUBLIE,3,,https://data.gouv.nc/explore/dataset/avis-de-vacances-de-poste-avp-drhfpnc/files/351b47741569291ebfd2e8404a85042f/download/
65472,0,Médecin à Houailou,,,26-1219,2026-08-14,Province Nord,médecin de santé publique,,,,,,immédiatement,Province Nord,PVN,,,2026-08-13 02:05:33+11:00,2026-10-02,,Inspecteur,,,,,,,,La date de clôture initialement prévue le 04/09/2026 a été reportée,,,,,,,,,,,,PUBLIE,0,,https://data.gouv.nc/explore/dataset/avis-de-vacances-de-poste-avp-drhfpnc/files/2e38f81f5d299c0a6ef9d857bd89c68c/download/
65470,0,Médecin à Canala,,,26-1217,2026-08-14,Province Nord,médecin de santé publique,,,,,,immédiatement,Province Nord,PVN,,,2026-08-13 02:02:26+11:00,2026-10-02,,Inspecteur,,,,,,,,La date de clôture initialement prévue le 04/09/2026 a été reportée,,,,,,,,,,,,PUBLIE,0,,https://data.gouv.nc/explore/dataset/avis-de-vacances-de-poste-avp-drhfpnc/files/107e208a4e4518e99708e24f052ffd72/download/
65075,0,Chargé de projets télécommunications,Ingénieur validation réseaux de télécoms,M1804-11,26-65075/MPRH,2026-08-07,Nouvelle-Calédonie,ingénieur,ingénieur,Informatique,Numérique et SIC,Ingénieur 1er et 2e grade domaine informatique ou numérique  : au moins égale à 5 ans.,,immédiatement,"DIRECTION DES ENTREPRISES, DE LA CONSOMMATION, DE L'ATTRACTIVITE ET DES TELECOMMUNICATIONS",,"SERVICE DE L'ÉCONOMIE NUMÉRIQUE, DES FILIÈRES D'AVENIR ET DES",Nouméa,2026-07-20 21:53:11+11:00,2026-10-09,"La direction des entreprises, de la consommation, de l'attractivité et des télécommunications est responsable de la mise en œuvre de la politique économique du gouvernement de la Nouvelle-Calédonie en matière de commerce intérieur, d'économie numérique et d'attractivité, sous réserve des attributions exercées par d'autres directions et services.

Elle concourt notamment à la protection de l'ordre public économique et à la dynamisation du marché intérieur par des actions de soutien, de veille et de régulation au bénéfice de l'ensemble des acteurs économiques et notamment du numérique, afin de constituer un environnement favorable au développement économique et à l'attractivité du territoire.

Elle a pour missions principales: la protection physique et économique des consommateurs, la régulation et le développement du marché intérieur, l'enregistrement des entreprises commerciales et des sociétés, le développement de l'économie numérique et des filières d'avenir, et l'amélioration de l'attractivité du territoire.",,"Au sein du service de l'économie numérique, des filières d'avenir et des télécommunications, le chargé(e) de projets télécommunications est responsable de la mise en œuvre et du suivi des projets qui lui sont confiés par le chef de service, et ce, en fonction des orientations de la Nouvelle-Calédonie en matière de développement du secteur des télécommunications et d'aménagement numérique du territoire.
Il instruit l'ensemble des dossiers liés à l'Office des Postes et Télécommunications de la Nouvelle-Calédonie (convention, stratégie, organisation, tarifications, etc.) et peut conseiller la hiérarchie en la matière.
Enfin, le chargé(e) de projets télécommunications peut être amené(e) à travailler sur d'autres actions portées par le service de l'économie numérique, des filières d'avenir et de l'attractivité et l'organisme. En outre, il contribue au bon fonctionnement de l'organisation matricielle définie par la direction, au profit des projets et produits de l'organisme.","Sous l'autorité du chef du service de l'économie numérique, des filières d'avenir et des télécommunications, le chargé(e) de projets télécommunications a pour activités principales :
- piloter et coordonner la mise en œuvre des projets ou dispositifs, sous sa responsabilité, en collaboration avec les institutions et acteurs économiques, notamment ceux de la feuille de route PSEN 2027 concernant l'axe aménagement numérique du territoire (assises des télécoms, stratégie sectorielle du secteur, mise en place de la régulation du secteur, amélioration des services aux entreprises,...);
- comprendre, recueillir, analyser les besoins et les difficultés de l'écosystème du numérique calédonien et du secteur des télécommunications, et ainsi veiller à la pertinence des actions conduites par rapport aux attentes des acteurs;
- Instruire l'ensemble des dossiers liés à l'Office des Postes et Télécommunications de Nouvelle-Calédonie, particulièrement en matière de gestion du spectre, et assurer le suivi de conventions d'objectifs et de moyens;
- Mettre en place des indicateurs de suivi de ses missions, réaliser un reporting de ces activités auprès de sa hiérarchie, et la conseiller.","- Apporter son expertise et être associé(e) à différents projets portés par le service, la direction et l'organisme ;
- Effectuer un travail de veille et proposer des évolutions.",,"- Diplôme Ingénieur télécommunications souhaitable; 
- Compréhension des enjeux liés à l'économie numérique et au secteur des télécommunications ;
- Connaissance de l'environnement socioculturel calédonien, de ses enjeux sociétaux et économiques ;
- Connaissance de l'organisation et du fonctionnement des institutions de la Nouvelle-Calédonie ;
- Connaissance en analyse et modélisation financière et en économie des télécoms ;
- Maîtrise des méthodes d'ingénierie de projets ;
- Maîtrise des outils bureautiques, collaboratifs et décisionnels ;
- Maîtrise de l'anglais technique ;
- Qualités rédactionnelles et sens du reporting ;
- Organisation et planification ;
- Expérience avérée dans la conduite et le pilotage de projets territoriaux.","- Piloter et/ou participer à des projets ;
- Définir et analyser un modèle économique ;
- Réaliser un diagnostic financier ;
- Conduire des réunions multi-partenariales ;
- Rédiger des documents administratifs et techniques ;
- Mettre en place des modalités de suivi des résultats ;
- Conduire le changement et gérer les conflits ;
- Prendre des décisions dans son périmètre de délégation ;
- Gérer et hiérarchiser des urgences et des échéances ;
- Rendre compte.","- Esprit d'équipe, qualités d'écoute, de communication et de pédagogie ; 
- Méthode, rigueur, organisation et planification ;
- Esprit d'analyse et de synthèse, sens du reporting et respect de la hiérarchie ; 
- Autonomie, capacité d'adaptation et réactivité ; 
- Dynamisme, esprit d'initiative et curiosité intellectuelle ; 
- Force de propositions ;
- Sens de la performance et du service public ;
- Respect de la confidentialité des données ; 
- Disponibilité.",Modification de la date de clôture initialement prévue le 28/08/2026,Bruno FERRANDIS,23 22 50,bruno.ferrandis@gouv.nc,,,,la direction des ressources humaines et de la fonction publique de Nouvelle Calédonie,Bureaux 106 et 107 - Section recrutement - DRHFPNC - Centre administratif Jacques Iékawé - 1er étage - 18 avenue Paul Doumer - Centre-ville de Nouméa,B.P M2 - 98849 Nouméa cedex,drhfpnc.recrutement@gouv.nc,,PUBLIE,0,,https://data.gouv.nc/explore/dataset/avis-de-vacances-de-poste-avp-drhfpnc/files/3ecad967231f654664af2036de648050/download/
65364,0,Infirmier(e) en soins généraux à Canala,,,26-1185,2026-08-07,Province Nord,infirmier en soins généraux,,Infirmiers,,,,immédiatement,Province Nord,PVN,,,2026-08-06 02:17:39+11:00,2026-10-16,,Inspecteur,,,,,,,,La date de clôture initialement prévue le 25/09/2026 a été reportée.,,,,,,,,,,,,PUBLIE,0,,https://data.gouv.nc/explore/dataset/avis-de-vacances-de-poste-avp-drhfpnc/files/6945c80e9c0e62f1f749db35ef7c642b/download/
65363,0,Chirurgien-dentiste à Touho,,,26-1184,2026-08-07,Province Nord,chirurgien dentiste,,,,,,immédiatement,Province Nord,PVN,,,2026-08-06 02:16:10+11:00,2026-10-16,,Inspecteur,,,,,,,,La date de clôture initialement prévue le 25/09/2026 a été reportée.,,,,,,,,,,,,PUBLIE,0,,https://data.gouv.nc/explore/dataset/avis-de-vacances-de-poste-avp-drhfpnc/files/b86995dab50639c910b4a79b895564ae/download/
65367,0,Chirurgien-dentiste à Hienghène,,,26-1188,2026-08-07,Province Nord,chirurgien dentiste,,,,,,immédiatement,Province Nord,PVN,,,2026-08-06 02:23:24+11:00,2026-10-16,,Inspecteur,,,,,,,,La date de clôture initialement prévue le 25/09/2026 a été reportée.,,,,,,,,,,,,PUBLIE,0,,https://data.gouv.nc/explore/dataset/avis-de-vacances-de-poste-avp-drhfpnc/files/d452f3c0b1d51186bf0e2a27045e9792/download/
65362,0,Chirurgien-dentiste à Ponérihouen,,,26-1183,2026-08-07,Province Nord,chirurgien dentiste,,,,,,immédiatement,Province Nord,PVN,,,2026-08-06 02:14:25+11:00,2026-10-16,,Inspecteur,,,,,,,,La date de clôture initialement prévue le 25/09/2026 a été reportée.,,,,,,,,,,,,PUBLIE,0,,https://data.gouv.nc/explore/dataset/avis-de-vacances-de-poste-avp-drhfpnc/files/99f5763370ff417ab35e179e0661c3b9/download/
65366,0,2 Infimier(e)s en soins généraux à Pouebo,,,26-1187,2026-08-07,Province Nord,infirmier en soins généraux,,Infirmiers,,,,immédiatement,Province Nord,PVN,,,2026-08-06 02:21:57+11:00,2026-10-16,,Inspecteur,,,,,,,,La date de clôture initialement prévue le 25/09/2026 a été reportée.,,,,,,,,,,,,PUBLIE,0,,https://data.gouv.nc/explore/dataset/avis-de-vacances-de-poste-avp-drhfpnc/files/846d7666643d767e756256b37d26bc16/download/
65365,0,2 Infimier(e)s en soins généraux à Houailou,,,26-1186,2026-08-07,Province Nord,infirmier en soins généraux,,Infirmiers,,,,immédiatement,Province Nord,PVN,,,2026-08-06 02:19:41+11:00,2026-10-16,,Inspecteur,,,,,,,,La date de clôture initialement prévue le 25/09/2026 a été reportée.,,,,,,,,,,,,PUBLIE,0,,https://data.gouv.nc/explore/dataset/avis-de-vacances-de-poste-avp-drhfpnc/files/2259dd5ba3905d0f84c5b29da56355b1/download/
65259,0,Responsable de l'UPASS de Thio,,,26-1152,2026-07-31,Province Sud,cadre de santé,infirmier en soins généraux,Cadre de santé,Infirmiers,,2027-01-01 11:00:00+11:00,date,Province Sud,PVS,,,2026-07-30 03:06:15+11:00,2026-10-02,,Inspecteur,,,,,,,,La date de clôture initialement prévue le 04/09/26 a été reportée,,,,,,,,,,,,PUBLIE,4,,https://data.gouv.nc/explore/dataset/avis-de-vacances-de-poste-avp-drhfpnc/files/25d21f1808ba46cefd3667327d7f5482/download/
65264,0,Chef de service adjoint de la protection de l'enfance,,,26-1147,2026-07-31,Province Sud,attaché,cadre socio-éducatif,,,,,susceptible d'être vacant,Province Sud,PVS,,,2026-07-30 19:36:40+11:00,2026-10-02,,Inspecteur,,,,,,,,La date de clôture initialement prévue le 21/08/2026 a été reportée,,,,,,,,,,,,PUBLIE,1,,https://data.gouv.nc/explore/dataset/avis-de-vacances-de-poste-avp-drhfpnc/files/b87aba54a6142d9cb925ca3f29f3cf18/download/
65248,0,Auxiliaire de puériculture à la Maison maternelle Marcelle JORDA (SPE),,,26-1145,2026-07-30,Province Sud,auxiliaire de puériculture,,Aide-soignant,,,,susceptible d'être vacant,Province Sud,PVS,,NOUMEA,2026-07-30 01:41:28+11:00,2026-10-16,,Inspecteur,,,,,,,,La date de clôture initialement prévue le 21/08/2026 a été reportée,,,,,,,,,,,,PUBLIE,1,,https://data.gouv.nc/explore/dataset/avis-de-vacances-de-poste-avp-drhfpnc/files/657675271de0f5adb8058e40bd98c9c0/download/
65249,0,Responsable du bureau accueil familial Nord,,,26-1146,2026-07-30,Province Sud,assistant socio-éducatif,,,,,2026-09-01 11:00:00+11:00,susceptible d'être vacant le,Province Sud,PVS,,NOUMEA,2026-07-30 01:45:30+11:00,2026-10-02,,Inspecteur,,,,,,,,La date de clôture initialement prévue le 21/08/2026 a été reportée,,,,,,,,,,,,PUBLIE,2,,https://data.gouv.nc/explore/dataset/avis-de-vacances-de-poste-avp-drhfpnc/files/1256a4682dca143d7701532bef1843b1/download/
65177,0,Chef de service mines et carrières,Chargé d'études projets industriels,H1206-1,26-65177/MPRH,2026-07-24,Nouvelle-Calédonie,ingénieur,,Equipement,,Ingénieur 2ème grade domaine équipement : au moins égale à 5 ans.,,immédiatement,"Direction de l'industrie, des mines et de l'énergie",DIMENC,,Nouméa,2026-07-24 20:51:21+11:00,2026-09-25,"La Direction de l'Industrie, des Mines et de l'Énergie de la Nouvelle-Calédonie (DIMENC) est une administration centrale et déconcentrée au service de la politique industrielle & énergétique, de la gestion des risques et de la connaissance géologique de la Nouvelle-Calédonie. Elle applique, évalue et conçoit les politiques publiques dans ses domaines de compétences dans la perspective de concilier le développement industriel durable du territoire avec la protection des personnes et des biens et la préservation de l'environnement et des ressources. La DIMENC assure des missions pour le compte de l'État, du gouvernement de la Nouvelle-Calédonie, de la Province Nord, de la Province Sud, et de la Province des Îles. Par son rôle de conseil et d'aide à la décision de ses cinq donneurs d'ordres, notamment concernant le marché mondial des ressources naturelles, la DIMENC contribue à préparer la Nouvelle-Calédonie à surmonter les mutations économiques, technologiques, climatiques et géopolitiques dans ses domaines de compétences.

Au sein de la DIMENC, le service mines et carrières (qui comprend 15 agents) accompagne et soutient le développement durable et responsable de l'exploitation des ressources minérales en Nouvelle-Calédonie. Il assure des missions de contrôle et d'accompagnement de l'activité des industries extractives, mais aussi d'élaboration et d'actualisation de la réglementation et des politiques publiques par une analyse critique des retours du terrain, dans une perspective de développement minier durable du territoire.",Chargé d'études industrielles et minières,"Le chef du service des mines et carrières a pour missions, sous l'autorité hiérarchique du directeur de la DIMENC, mais également sous l'autorité transverse du directeur adjoint :
- d'assurer la bonne application et animation des politiques publiques et de la règlementation en vigueur sur le champ des mines et des carrières (cf. activités principales ci-dessous) ;
- de proposer à la direction des évolutions réglementaires et de nouvelles politiques publiques notamment par un regard critique de l'application des politiques publiques sur le terrain au quotidien ;
- de contribuer, sous le contrôle de la direction, au rôle d'aide à la décision de la DIMENC à ses donneurs d'ordres ;
- d'œuvrer, sous le contrôle de la direction et par l'activité quotidienne de son service, à créer une relation constructive, pragmatique et de confiance entre l'administration et la profession minière dans une perspective de développement minier durable.","- Management des agents du service des mines et des carrières ;
- Assurer les contrôles, inspections et instructions des activités extractives ;
- Assurer les contrôles, inspections et instructions en matière de droit du travail dans l'industrie extractive ;
- Contribuer à l'accompagnement et suivi des sites miniers notamment dans une perspective d'amélioration des pratiques et de développement durable ;
- Assurer le contrôle des cessions de minerais et secrétariat du CCEM ;
- Assurer l'instructions et gestion des droits sur le sous-sol et secrétariat du CCM et CM ;
- Etablir et diffuser les statistiques de l'industrie extractive au public et aux donneurs d'ordres de la DIMENC ;
- Mettre en place une veille technique et réglementaire ;
- Appuyer la direction dans l'évaluation, la conception et l'évolution des politiques publiques et des réglementations par un regard critique de l'application des politiques publiques sur le terrain au quotidien.","- Participation à la démarche qualité ISO 9001
- Assurer la mise en œuvre de la démarche qualité au sein du service","Pour la réalisation de ces missions, des déplacements fréquents sur l'ensemble du territoire de la Nouvelle-Calédonie sont à prévoir ainsi que l'organisation et l'animation de diverses réunions avec les institutions, les professionnels et globalement l'ensemble des acteurs du secteur des mines et des carrières.","- Formation technique supérieure (Bac + 5) et expérience professionnelle significative requise dans le domaine ;
- Très bonne connaissance des réglementations applicables du secteur (schéma de mise en valeur des richesses minières, code minier, codes de environnement, droit du travail) ;
- Très bonne connaissance du secteur minier néo-calédonien ; 
- Très bonne connaissance des techniques d'exploitation minière et du marché du nickel ;","- Importante compétence de management ; 
- Rigueur et pragmatisme ; 
- Sens de l'organisation ; 
- Excellente capacité d'analyse, de synthèse et de rédaction ;
- Importante disponibilité (interne et externe) ; 
- Adaptabilité au changement - Polyvalence ;","- Sens de l'intérêt général ;
- Esprit de synthèse ;
- Force de proposition et capacité à rendre compte ;
- Équilibre entre autonomie et reporting vers la direction ;
- Sens du travail en équipe ;
- Capacité d'écoute, de négociation et de persuasion (interne et externe) ;",,"Jean-Sébastien BAILLE, Directeur par intérim",27 02 38,jean-sebastien.baille@gouv.nc,,,,la direction des ressources humaines et de la fonction publique de Nouvelle Calédonie,Bureaux 106 et 107 - Section recrutement - DRHFPNC - Centre administratif Jacques Iékawé - 1er étage - 18 avenue Paul Doumer - Centre-ville de Nouméa,B.P M2 - 98849 Nouméa cedex,drhfpnc.recrutement@gouv.nc,,PUBLIE,0,,https://data.gouv.nc/explore/dataset/avis-de-vacances-de-poste-avp-drhfpnc/files/5299bc7ccf90f5591c494171aca26095/download/
65143,0,Responsable du pôle Métiers de la Mer,,,26-1098,2026-07-24,Groupement insertion évolution professionnelles de Nouvelle-Calédonie,attaché,,,,,2027-01-01 11:00:00+11:00,date,Groupement insertion évolution professionnelles de Nouvelle-Calédonie,GIEP NC,,,2026-07-24 01:10:15+11:00,2026-10-02,,Inspecteur,,,,,,,,La date de clôture initialement prévue le 14/08/26 a été reportée,,,,,,,,,,,,PUBLIE,4,,https://data.gouv.nc/explore/dataset/avis-de-vacances-de-poste-avp-drhfpnc/files/e56813af851cf41e343ff223645b5646/download/
65169,0,Maître-nageur sauveteur - Pouembout,,,26-1124,2026-07-24,Province Nord,éducateur des APS,,,,,,immédiatement,Province Nord,PVN,,,2026-07-24 01:56:36+11:00,2026-09-25,,Inspecteur,,,,,,,,La date de clôture initialement prévue le 04/09/2026 a été reportée,,,,,,,,,,,,PUBLIE,0,,https://data.gouv.nc/explore/dataset/avis-de-vacances-de-poste-avp-drhfpnc/files/f909bd1af37e4034438a9e0016b71d41/download/
64681,0,Orthophoniste au service de prévention et promotion de la santé,,,26-0965,2026-06-26,Province Sud,orthophoniste,,Rééducation,,,2026-09-01 11:00:00+11:00,susceptible d'être vacant le,Province Sud,PVS,,,2026-06-25 00:08:21+11:00,2026-10-23,,Inspecteur,,,,,,,,La date de clôture initialement prévue le 14/08/2026 a été reportée,,,,,,,,,,,,PUBLIE,2,,https://data.gouv.nc/explore/dataset/avis-de-vacances-de-poste-avp-drhfpnc/files/1efde739e24f704f530dc1d969f56266/download/
64572,0,Ingénieur Régulation du secteur électrique,"Ingénieur d'études (béton armé, BTP, constructions métalliques, de prix BTP, en génie climatique-électrique)",F1106-5,26-64572/MPRH,2026-06-26,Nouvelle-Calédonie,ingénieur,,Equipement,,Ingénieur 1er grade domaine de l'équipement : au moins égale à 5 ans.Ingénieur 2ème grade domaine de l'équipement : au moins égale à 5 ans,,immédiatement,"Direction de l'industrie, des mines et de l'énergie",DIMENC,Service de l'énergie,Nouméa,2026-06-16 20:59:00+11:00,2026-09-25,"La Direction de l'industrie, des mines et de l'énergie de la Nouvelle-Calédonie (DIMENC) est une administration centrale et déconcentrée au service de la politique industrielle et énergétique et de la gestion des risques. Elle conçoit, applique et évalue les politiques publiques dans ses domaines de compétences, dans la perspective de concilier le développement industriel durable du territoire avec la protection des personnes et des biens et la préservation de l'environnement et des ressources.
Le service de l'énergie de la DIMENC propose et met en œuvre la politique énergétique de la Nouvelle-Calédonie et le cadre réglementaire afférent : il s'agit notamment d'assurer un approvisionnement et une fourniture énergétique de qualité, compétitive et respectueuse de l'environnement. Le service a ainsi la charge des six politiques publiques suivantes :
1. La sécurité d'approvisionnement énergétique ;
2. L'électrification rurale ;
3. La décarbonation et la compétitivité énergétique de l'industrie, en particulier de la métallurgie ;
4. La décarbonation du transport et mobilité (y compris les véhicules pour l'industrie minière) ;
5. La décarbonation et la performance énergétique des bâtiments et des équipements ;
6. La régulation des tarifs publics de l'énergie et lutte contre la précarité énergétique.",Chargé d'affaires énergie,"Sous l'autorité du chef de section, l'agent met en œuvre la politique énergétique du territoire et le cadre réglementaire correspondant. Il est en charge de la régulation économique du système électrique et de l'établissement des tarifs publics de l'électricité. Il réalise l'instruction des dossiers technique et économique du secteur de l'électricité et propose des analyses à partir des référentiels réglementaires en vigueur.  Il concoure à l'élaboration du cadre réglementaire visant à la transition énergétique du système électrique en cohérence avec les objectifs du schéma pour la transition énergétique de la Nouvelle-Calédonie.  Il réalise les inspections des outils de production et de stockage d'électricité","Dans le cadre des missions du service relatives à la régulation des acteurs de l'énergie, l'agent est en charge des actions suivantes :
Développement du parc de production et de stockage d'électricité :
- Elaborer, suivre et évaluer la réglementation relative à la production et au stockage de l'énergie ;
- Instruire les demandes d'autorisation d'exploiter les installations de production et de stockage d'énergie électrique ;
- Suivre les obligations réglementaires des acteurs de la production et du stockage d'énergie électrique ;
- Réaliser les inspections des outils de production et de stockage de l'électricité.
Réseaux :
- Elaborer, suivre et évaluer la réglementation relative aux réseaux électriques (cahier des charges type des concessions de distribution, prescriptions techniques de raccordement,...) ;
- Suivre les développements technologiques en cours (réseaux intelligents) et évaluer les opportunités ;
- Suivre la qualité du service de l'électricité.
Tarifs de l'électricité :
- Appliquer et faire évoluer la réglementation relative à la fixation des tarifs de l'électricité ;
- Analyser périodiquement les coûts et les recettes du système électrique et faire des analyses prospectives ;
- Développer un modèle prospectif des tarifs de l'électricité ;
- Réformer la grille tarifaire de l'électricité.","- Veille technologique active sur la production et le stockage de l'électricité, sur les réseaux intelligents et sur la tarification de l'électricité.",,"- Bac +5 dans le secteur de l'énergie;
- Forte connaissance du secteur de la régulation des systèmes électriques;
- Organisation et fonctionnement d'un système électrique;
- Energies renouvelables;
- Connaissance des procédures administratives et des institutions de la Nouvelle-Calédonie;
- Maîtrise des outils informatiques;
- Permis B.","- Capacités rédactionnelles, d'écoute et d'argumentation,
- Elaboration, suivi et évaluation des politiques publiques,
- Conseil aux décideurs,
- Ecoute active, compréhension des situations, des enjeux et des influences.","- Autonomie, prise d'initiative et force de proposition,
- Capacité au travail en équipe et qualités relationnelles,
- Esprit d'analyse et de synthèse,
- Sens de l'organisation et disponibilité,
- Curiosité, rigueur, méthode",,Nicolas FAVRAY,27 48 61,nicolas.favray@gouv.nc,,,,la direction des ressources humaines et de la fonction publique de Nouvelle Calédonie,Bureaux 106 et 107 - Section recrutement - DRHFPNC - Centre administratif Jacques Iékawé - 1er étage - 18 avenue Paul Doumer - Centre-ville de Nouméa,B.P M2 - 98849 Nouméa cedex,drhfpnc.recrutement@gouv.nc,,PUBLIE,0,,https://data.gouv.nc/explore/dataset/avis-de-vacances-de-poste-avp-drhfpnc/files/0226bd572326bac9bc069aaeff706c26/download/
63594,0,Médecin /Conseiller technique médical performance,"Médecin (Inspecteur de Santé Publique -MISP-, inspecteur de la santé, conseil)",K1402-1,26-63594/MPRH,2026-06-12,Nouvelle-Calédonie,médecin de santé publique,,,,inférieur à 3 ans,2025-04-01 11:00:00+11:00,vacant à partir du,Direction des affaires sanitaires et sociales,DASS,,Nouméa,2026-04-28 21:54:11+11:00,2026-09-25,"La direction des affaires sanitaires et sociales de la Nouvelle-Calédonie est une des directions techniques du gouvernement de la Nouvelle-Calédonie.
Elle est responsable de la mise en œuvre de la politique de la Nouvelle-Calédonie en matière de santé publique et de protection sociale. 
Elle comprend un service administration et support et quatre services métiers.",Médecin conseil,"Le conseiller technique est le référent médical pour le secteur performance de la direction. Dans un contexte de modernisation du système de santé calédonien et de déploiement de l'analyse de l'activité au niveau territorial, il joue un rôle pivot dans l'amélioration de la performance médicale et le déploiement des outils d'information médicale. A ce titre, il a pour missions de:
- Piloter et copiloter des plans d'actions visant à la progression de dossiers prioritaires de la Nouvelle-Calédonie ou certains indicateurs des CPOM pour lesquels la valeur ajoutée médicale est nécessaire ;
- Etre l'interlocuteur privilégié des professionnels de santé de ville du territoire, des acteurs et des partenaires en termes de E santé ;
- Participer aux travaux de mise en place de l'Observatoire de la santé, et du déploiement de la feuille de route E santé en Nouvelle-Calédonie.","Le conseiller technique médical est en charge de missions nécessitant une bonne polyvalence technique car il est amené à intervenir sur des thèmes très divers relevant de différents métiers, en tant que pilote ou contributeur :

- Pilotage de la performance médicale : 
Piloter et copiloter des plans d'actions visant à la progression de dossiers prioritaires de la Nouvelle-Calédonie ou certains indicateurs des CPOM pour lesquels la valeur ajoutée médicale est nécessaire,
Promouvoir et accompagner les politiques de la Nouvelle-Calédonie sur la performance médicale, notamment :
  - Déploiement du numérique en santé
  - Développement de la télémédecine
  - Développement de l'ambulatoire.

- Coordination de l'information médicale territoriale : 
Coordonner le recueil de l'information médicale de l'ensemble des établissements de Nouvelle-Calédonie,
Piloter l'évaluation de la qualité des données médicales des établissements,
Apporter un conseil méthodologique et une expertise auprès des établissements de Nouvelle-Calédonie.

- Mise en place et déploiement de la CCAM: 
Piloter le déploiement de la CCAM sur le territoire en tant que référent médical,
Assurer la formation et l'accompagnement des professionnels de santé à l'utilisation de la CCAM,
Superviser la qualité du codage des actes médicaux dans les établissements de santé,
Élaborer les procédures et guides méthodologiques d'utilisation de la CCAM adaptés au contexte calédonien,
Assurer la veille réglementaire sur les évolutions de la nomenclature CCAM,
Coordonner avec les DIM des établissements pour garantir l'exhaustivité et la fiabilité du codage des actes,
Participer à la priorisation et au suivi des nouveaux actes médicaux en lien avec la CCAM.

- Analyse des données de santé :
Apporter un soutien méthodologique à l'Observatoire de la santé sur l'analyse des données médicales du système d'information,
Réaliser des analyses des parcours de soins et travaux de recherche,
Contribuer à l'analyse d'impact (PMSI/EPRD) en lien avec les DIM des établissements.

- Contribution au déploiement de la feuille de route e santé :
Contribuer au déploiement de la feuille de route e-santé, notamment dans son volet référentiel (G+NGAP, CCAM, CIM-10),
Piloter les dossiers relatifs aux nouveaux actes médicaux (gestion des demandes, priorisation, suivi) en lien avec les acteurs internes et externes,
Être l'interlocuteur privilégié des professionnels de santé de ville du territoire, des acteurs et des partenaires en termes de e-santé.","En lien avec les professionnels médicaux de la direction: 
- Participation aux astreintes médicales selon les modalités prévues en interne de la direction,
- Ponctuellement,  participation à diverses commissions médico-administratives ( commission des hospitalisations sans consentement en psychiatrie, comité médical des praticiens hospitaliers).","Les compétences de la Nouvelle-Calédonie en matière de réglementation de la santé amènent l'agent à exercer des missions relevant, en Hexagone, d'administration centrale, régionale et territoriale.
Polyvalence des missions nécessitant une expertise médicale transversale.
Interface entre le niveau stratégique (direction) et opérationnel (établissements de santé).
Rôle de conseil et d'expertise auprès des professionnels de santé.
Contribution à la modernisation du système d'information de santé.","- Doctorat en médecine
- Formation complémentaire en santé publique, gestion ou information médicale souhaitée (DU/DIU Information médicale, Économie de la santé, Management de la santé)
- Expérience indispensable dans le domaine de l'information médicale
- Santé publique et système de santé
- Déontologie et éthique des professions de santé
- Expérience dans une institution de santé ( assurance maladie, ministère, hôpital) et/ou pratique clinique appréciée
- Expérience de travail en outre-mer appréciée
- Connaissance de l'environnement professionnel de la Nouvelle-Calédonie appréciée.","- Bonne connaissance des nomenclatures de santé en Hexagone .
- Expérience en gestion de projets et en santé publique.
- Compréhension des enjeux techniques et politiques de protection sociale
- Piloter par projet, 
- Discerner les enjeux spécifiques, anticiper et prendre des initiatives
- Animer des groupes de travail, des réunions
- Maîtriser et être autonome pour l'utilisation des outils bureautiques et le cas échéant applications informatiques spécifiques internes,
- Excellentes qualités relationnelles pour travailler en équipe pluridisciplinaire (médecins, statisticiens, informaticiens, administratifs).","- Aptitude à la polyvalence des missions
- Rigueur méthodologique, sens de l'organisation et autonomie
 - Capacité d'analyse, de synthèse et de rédaction
- Intégrité et déontologie
- Qualité d'écoute et de dialogue, diplomatie
- Forte disponibilité et réactivité
- Intérêt marqué pour l'innovation médicale et les nouvelles techniques",Modification de la date de clôture initialement prévue le 03/07/2026,MESTRE Marie-Laure,,direction.dass@gouv.nc,FRAYSSINET Vanessa,24 37 00,rh.dass@gouv.nc,la direction des ressources humaines et de la fonction publique de Nouvelle Calédonie,Bureaux 106 et 107 - Section recrutement - DRHFPNC - Centre administratif Jacques Iékawé - 1er étage - 18 avenue Paul Doumer - Centre-ville de Nouméa,B.P M2 - 98849 Nouméa cedex,drhfpnc.recrutement@gouv.nc,,PUBLIE,3,,https://data.gouv.nc/explore/dataset/avis-de-vacances-de-poste-avp-drhfpnc/files/37c5b771f6ab7b809314bfe2356b667b/download/
63595,0,"Conseiller médical Prévention, Promotion de la santé","Médecin (Inspecteur de Santé Publique -MISP-, inspecteur de la santé, conseil)",K1402-4,26-63595/MPRH,2026-06-12,Nouvelle-Calédonie,médecin de santé publique,,,,inférieure à 3 ans,,vacant à partir du,Direction des affaires sanitaires et sociales,DASS,Service de la santé publique,Nouméa,2026-04-29 00:15:43+11:00,2026-10-09,"La direction des affaires sanitaires et sociales de la Nouvelle-Calédonie est une des directions techniques du gouvernement de la Nouvelle-Calédonie.
Elle est responsable de la mise en œuvre de la politique de la Nouvelle-Calédonie en matière de santé publique et de protection sociale. 
Elle comprend un service administration et support qui intervient en support de manière transversale et quatre services métiers.
Les principaux enjeux de la politique de santé reposent sur le concept Une seule santé et sont liés aux déterminants de santé, à la santé relationnelle, à la prévention et aux parcours.",Médecin inspecteur,"Le médecin de santé publique, en qualité de conseiller technique, intervient en expertise sur l'ensemble des thématiques  du service de santé publique. A ce titre, il a pour missions:
au titre de la prévention et de la promotion de la santé : définition et participation à la rédaction des plans de santé; de cahiers des charges d'AAP, d'avis dans le cadre de l'instruction de projets, d'animation ou de co-animation des conférences de santé
dans le champs propre des conseillers médicaux : participation aux processus de gestion formalisés et validés en matière de réglementation, d'EIG, d'EIAS, d'EIGS, inspections, contrôles,  gestion de crise, astreintes","Le conseiller médical prévention, promotion de la santé  est en charge de missions nécessitant une bonne polyvalence technique car il est amené à intervenir sur des thèmes :
- Analyser et diagnostiquer des enjeux de santé, propositions et stratégies, d'orientations ou d'actions
- Contribuer aux aspects médicaux des schémas et programmes d'actions et à leur évaluation
- Animer des réseaux de professionnels de santé dans la domaine sanitaire ou médico-social
        - Collaborer à des travaux, études médicales,
        - Rédiger des rapports de synthèse, d'inspection ou d'expertise.

Missions spécifiques
- Assurer l'analyse, les investigations, et la gestion des signaux infectieux en collaboration avec les IDE du service de santé publique, et les autres médecins de la direction
- Participer à la mise en place et l'actualisation des outils d'investigation et de gestion des signaux et alertes sanitaires, harmonisés pour toute la région en particulier concernant les pathologies suivantes rougeole, oreillons, rubéole, coqueluche, poliomyélite varicelle, diphtérie, variole, tuberculose, méningites 
-Participer à la préparation des points de suivi des alertes et des messages de communication (CP, site internet,
messages aux professionnels...) avec le chargé de communication de la direction
-Participer au point de situation hebdomadaire sur les dossiers en cours de gestion par l'équipe en charge des alertes
infectieuses
- Participer au « point astreinte »  dans le cadre de l'astreinte médicale
- Contribuer à la gestion médicale des évènements indésirables associés aux soins et au traitement des réclamations
- Contribuer au dispositif d'inspection/contrôle

Politiques et dispositifs de prévention
-Assurer la mission de référent médical prévention et santé envirronnement.
- Contribuer à l'évaluation des dispositifs de prévention","En lien avec les professionnels médicaux de la direction: 
- Émettre des avis dans le champs médico-social, dont les demandes d'admission provisoire au séjour, si nécessaire
- Ponctuellement,  participation à diverses commissions médico-administratives de la direction ( commission des hospitalisations sans consentement en psychiatrie, comité médical des praticiens hospitaliers, commission d'appel des évacuations sanitaires, conseil de santé des fonctionnaires...).
Participer au « point astreinte »  dans le cadre de l'astreinte médicale
Participe à la formation des étudiants en santé
Apporter son concours aux situation de gestion de crise","Les compétences de la Nouvelle-Calédonie en matière de réglementation de la santé amènent l'agent à exercer des missions relevant, en Hexagone, d'administration centrale, régionale et territoriale.","- Diplôme de médecine
- Santé publique et système de santé
- Contexte de l'exercice médical et des bonnes pratiques
- Cadre légal et réglementaire de la santé publique/du système de santé
- Politiques sanitaires et médico-sociales
- Expérience de travail en outre-mer appréciée,
- Connaissance de l'environnement professionnel de la Nouvelle-Calédonie appréciée.","-Discerner les enjeux spécifiques, anticiper et prendre des initiatives dans des domaines sensibles et dans l'urgence 
-Mémoriser, synthétiser et exploiter des dossiers complexes
-Conduire un projet
-Concevoir et proposer des solutions innovantes et durables 
- Maîtriser et être autonome pour l'utilisation des outils bureautiques courants
- Animer des réunions","- Sens de la pédagogie
- Aptitude à la polyvalence des missions
- Capacités d'analyse et de synthèse 
- Qualités rédactionnelles
- Intégrité et déontologie
- Appétence pour le travail en équipe",Modification de la date de clôture initialement prévue le 03/07/2026,MESTRE Marie-Laure,,direction.dass@gouv.nc,FRAYSSINET Vanessa,24 37 00,rh.dass@gouv.nc,la direction des ressources humaines et de la fonction publique de Nouvelle Calédonie,Bureaux 106 et 107 - Section recrutement - DRHFPNC - Centre administratif Jacques Iékawé - 1er étage - 18 avenue Paul Doumer - Centre-ville de Nouméa,B.P M2 - 98849 Nouméa cedex,drhfpnc.recrutement@gouv.nc,,PUBLIE,3,,https://data.gouv.nc/explore/dataset/avis-de-vacances-de-poste-avp-drhfpnc/files/4609e10c7649cdbef06eb8e9490fe256/download/
64254,0,Educateur spécialisé ou moniteur éducateur à la maison de l'enfance de Dumbéa su mer,,,26-0826,2026-05-29,Province Sud,assistant socio-éducatif,,,,,,immédiatement,Province Sud,PVS,,,2026-05-29 03:03:17+11:00,2026-10-02,,Inspecteur,,,,,,,,La date de clôture initialement prévue le 04/09/26 a été reportée,,,,,,,,,,,,PUBLIE,0,,https://data.gouv.nc/explore/dataset/avis-de-vacances-de-poste-avp-drhfpnc/files/ac530c6eaec041b1df85646df328dfa3/download/
64063,0,Orthophoniste au service de prévention et de promotion de la santé,,,26-0791,2026-05-20,Province Sud,orthophoniste,,Rééducation,,,,immédiatement,Province Sud,PVS,,,2026-05-20 22:05:44+11:00,2026-10-23,,Inspecteur,,,,,,,,La date de clôture initialement prévue le 14/08/2026 a été reportée.,,,,,,,,,,,,PUBLIE,0,,https://data.gouv.nc/explore/dataset/avis-de-vacances-de-poste-avp-drhfpnc/files/ae05ed2deedbaaa4c3f536c20e66a914/download/
63944,0,Médecin au centre médico-scolaire,,,26-0738,2026-05-15,Province Sud,médecin de santé publique,,,,,,immédiatement,Province Sud,PVS,,,2026-05-14 00:40:11+11:00,2026-10-23,,Inspecteur,,,,,,,,Modification de la date de clôture initialement prévue le 28/08/2026,,,,,,,,,,,,PUBLIE,0,,https://data.gouv.nc/explore/dataset/avis-de-vacances-de-poste-avp-drhfpnc/files/d54b9c6e2e64b8cdfa0aae6f0db07a3d/download/
63640,0,Travailleur Social au sein de la maison de l'enfance de Bourail,,,26-0648,2026-05-01,Province Sud,assistant socio-éducatif,,,,,,immédiatement,Province Sud,PVS,,,2026-04-30 19:03:54+11:00,2026-10-09,,Inspecteur,,,,,,,,La date de clôture initialement prévue le 14/08/2026 a été reportée.,,,,,,,,,,,,PUBLIE,0,,https://data.gouv.nc/explore/dataset/avis-de-vacances-de-poste-avp-drhfpnc/files/a8eb2b9f3cfdf89cef104561ac91d02c/download/
63350,0,Educateur spécialisé ou moniteur éducateur à la maison de l'enfance de Dumbéa,,,26-0562,2026-04-10,Province Sud,moniteur socio-éducatif,,,,,2026-08-01 11:00:00+11:00,date,,,,,2026-04-10 20:28:54+11:00,2026-09-25,,,,,,,,,,La date de clôture initialement prévue le 14/08/2026 a été reportée,,,,,,,,,,,,PUBLIE,4,,https://data.gouv.nc/explore/dataset/avis-de-vacances-de-poste-avp-drhfpnc/files/89d3633c6b50e4e0edf5c02530d9cbea/download/
62876,0,Chargé d'études Hors bilan,,,26-0407,2026-03-20,Province Nord,attaché,,,,,,immédiatement,Province Nord,PVN,,,2026-03-19 01:24:43+11:00,2026-10-09,,Inspecteur,,,,,,,,Modification de la date de clôture initialement prévue le 26/06/2026,,,,,,,,,,,,PUBLIE,0,,https://data.gouv.nc/explore/dataset/avis-de-vacances-de-poste-avp-drhfpnc/files/536e91c7976a2c315e422a105450bfff/download/
62616,0,Médecin à l'UPASS de La Foa,,,26-0290,2026-02-27,Province Sud,médecin de santé publique,,,,,,immédiatement,Province Sud,PVS,,,2026-02-27 02:54:32+11:00,2026-10-02,,Inspecteur,,,,,,,,La date de clôture initialement prévue le 04/09/26 a été reportée,,,,,,,,,,,,PUBLIE,0,,https://data.gouv.nc/explore/dataset/avis-de-vacances-de-poste-avp-drhfpnc/files/18c8ccfba35cdf6f11ab9488cef82c68/download/
60961,0,Médecin à l'UPASS de Bourail,,,25-1768,2025-11-07,Province Sud,médecin de santé publique,,,,,,immédiatement,Province Sud,PVS,,,2025-11-06 00:51:15+11:00,2026-10-02,,Inspecteur,,,,,,,,La date de clôture initialement prévue le 04/09/26 a été reportée,,,,,,,,,,,,PUBLIE,0,,https://data.gouv.nc/explore/dataset/avis-de-vacances-de-poste-avp-drhfpnc/files/eb9f1681b9dc504c0ffdce436ae5e65c/download/
60962,0,Médecin au centre de protection maternelle et infantile,,,25-1769,2025-11-07,Province Sud,médecin de santé publique,,,,,,immédiatement,Province Sud,PVS,,,2025-11-06 01:01:32+11:00,2026-10-02,,Inspecteur,,,,,,,,La date de clôture initialement prévue le 04/09/26 a été reportée,,,,,,,,,,,,PUBLIE,0,,https://data.gouv.nc/explore/dataset/avis-de-vacances-de-poste-avp-drhfpnc/files/5d9782ca7b38f95078137fc884c85b47/download/
